1167609660.0,13514.0,60,CAD,1.0
1167903000.0,13517.0,34200,CAD,1.0
1167903000.0,13517.0,34200,CAD,2.0
1167984000.0,13518.0,28800,CAD,3.0
1167984000.0,13518.0,28800,CAD,3.0
1167994800.0,13518.0,39600,CAD,3.0
1168255800.0,13521.0,41400,CAD,3.0
1168334100.0,13522.0,33300,CAD,3.0
1168421400.0,13523.0,34200,CAD,2.0
1168421400.0,13523.0,34200,CAD,1.0
1168421400.0,13523.0,34200,CAD,2.0
1168853400.0,13528.0,34200,CAD,1.0
1168941600.0,13529.0,36000,CAD,3.0
1168941600.0,13529.0,36000,CAD,3.0
1169112600.0,13531.0,34200,CAD,2.0
1169112600.0,13531.0,34200,CAD,2.0
1169119800.0,13531.0,41400,CAD,3.0
1169122500.0,13531.0,44100,CAD,3.0
1169199000.0,13532.0,34200,CAD,2.0
1169539200.0,13536.0,28800,CAD,3.0
1169539200.0,13536.0,28800,CAD,2.0
1169544600.0,13536.0,34200,CAD,3.0
1169544600.0,13536.0,34200,CAD,1.0
1169544600.0,13536.0,34200,CAD,2.0
1170149400.0,13543.0,34200,CAD,1.0
1170149400.0,13543.0,34200,CAD,1.0
1170235800.0,13544.0,34200,CAD,3.0
1170673200.0,13549.0,39600,CAD,3.0
1170754200.0,13550.0,34200,CAD,2.0
1170766800.0,13550.0,46800,CAD,2.0
1170926100.0,13552.0,33300,CAD,3.0
1170927000.0,13552.0,34200,CAD,1.0
1171008000.0,13553.0,28800,CAD,3.0
1171008000.0,13553.0,28800,CAD,3.0
1171359000.0,13557.0,34200,CAD,2.0
1171445400.0,13558.0,34200,CAD,1.0
1171531800.0,13559.0,34200,CAD,2.0
1171539000.0,13559.0,41400,CAD,1.0
1171877400.0,13563.0,34200,CAD,2.0
1171877400.0,13563.0,34200,CAD,2.0
1171958400.0,13564.0,28800,CAD,3.0
1171958400.0,13564.0,28800,CAD,2.0
1171960200.0,13564.0,30600,CAD,1.0
1171963800.0,13564.0,34200,CAD,1.0
1172050200.0,13565.0,34200,CAD,3.0
1172050200.0,13565.0,34200,CAD,2.0
1172133000.0,13566.0,30600,CAD,2.0
1172136600.0,13566.0,34200,CAD,1.0
1172741400.0,13573.0,34200,CAD,2.0
1172741400.0,13573.0,34200,CAD,1.0
1172741400.0,13573.0,34200,CAD,2.0
1172827800.0,13574.0,34200,CAD,3.0
1173092400.0,13577.0,39600,CAD,3.0
1173173400.0,13578.0,34200,CAD,2.0
1173175200.0,13578.0,36000,CAD,3.0
1173175200.0,13578.0,36000,CAD,3.0
1173345300.0,13580.0,33300,CAD,3.0
1173346200.0,13580.0,34200,CAD,1.0
1173427200.0,13581.0,28800,CAD,3.0
1173427200.0,13581.0,28800,CAD,3.0
1173432600.0,13581.0,34200,CAD,3.0
1173582000.0,13583.0,10800,CAD,1.0
1173688200.0,13584.0,30600,CAD,2.0
1173861000.0,13586.0,30600,CAD,1.0
1173861000.0,13586.0,30600,CAD,1.0
1173947400.0,13587.0,30600,CAD,2.0
1174293000.0,13591.0,30600,CAD,2.0
1174293000.0,13591.0,30600,CAD,2.0
1174323600.0,13591.0,61200,CAD,2.0
1174374000.0,13592.0,25200,CAD,3.0
1174374000.0,13592.0,25200,CAD,2.0
1174465800.0,13593.0,30600,CAD,3.0
1174465800.0,13593.0,30600,CAD,1.0
1174465800.0,13593.0,30600,CAD,2.0
1174552200.0,13594.0,30600,CAD,1.0
1175243400.0,13602.0,30600,CAD,3.0
1175243400.0,13602.0,30600,CAD,1.0
1175243400.0,13602.0,30600,CAD,1.0
1175675400.0,13607.0,30600,CAD,2.0
1175756400.0,13608.0,25200,CAD,3.0
1175756400.0,13608.0,25200,CAD,3.0
1175767200.0,13608.0,36000,CAD,3.0
1175817660.0,13609.0,60,CAD,1.0
1176279300.0,13614.0,29700,CAD,3.0
1176366600.0,13615.0,30600,CAD,1.0
1176366600.0,13615.0,30600,CAD,1.0
1176453000.0,13616.0,30600,CAD,3.0
1176712200.0,13619.0,30600,CAD,1.0
1176719400.0,13619.0,37800,CAD,3.0
1176798600.0,13620.0,30600,CAD,2.0
1176885000.0,13621.0,30600,CAD,2.0
1176966000.0,13622.0,25200,CAD,3.0
1176966000.0,13622.0,25200,CAD,2.0
1176971400.0,13622.0,30600,CAD,2.0
1177057800.0,13623.0,30600,CAD,3.0
1177057800.0,13623.0,30600,CAD,2.0
1177403400.0,13627.0,30600,CAD,1.0
1177405200.0,13627.0,32400,CAD,3.0
1177405200.0,13627.0,32400,CAD,3.0
1177583400.0,13629.0,37800,CAD,3.0
1177586100.0,13629.0,40500,CAD,3.0
1177921800.0,13633.0,30600,CAD,3.0
1178008200.0,13634.0,30600,CAD,1.0
1178008200.0,13634.0,30600,CAD,1.0
1178272800.0,13637.0,36000,CAD,3.0
1178526600.0,13640.0,30600,CAD,2.0
1178612100.0,13641.0,29700,CAD,3.0
1178785800.0,13643.0,30600,CAD,1.0
1178785800.0,13643.0,30600,CAD,3.0
1178866800.0,13644.0,25200,CAD,3.0
1178866800.0,13644.0,25200,CAD,3.0
1179217800.0,13648.0,30600,CAD,2.0
1179217800.0,13648.0,30600,CAD,1.0
1179304200.0,13649.0,30600,CAD,2.0
1179385200.0,13650.0,25200,CAD,3.0
1179385200.0,13650.0,25200,CAD,2.0
1179390600.0,13650.0,30600,CAD,2.0
1179397800.0,13650.0,37800,CAD,1.0
1179477000.0,13651.0,30600,CAD,3.0
1179477000.0,13651.0,30600,CAD,2.0
1179705660.0,13654.0,60,CAD,1.0
1179909000.0,13656.0,30600,CAD,1.0
1179995400.0,13657.0,30600,CAD,1.0
1180429200.0,13662.0,32400,CAD,3.0
1180429200.0,13662.0,32400,CAD,3.0
1180513800.0,13663.0,30600,CAD,2.0
1180513800.0,13663.0,30600,CAD,1.0
1180513800.0,13663.0,30600,CAD,1.0
1180600200.0,13664.0,30600,CAD,3.0
1181118600.0,13670.0,30600,CAD,2.0
1181124000.0,13670.0,36000,CAD,3.0
1181286000.0,13672.0,25200,CAD,3.0
1181286000.0,13672.0,25200,CAD,3.0
1181290500.0,13672.0,29700,CAD,3.0
1181291400.0,13672.0,30600,CAD,3.0
1181550600.0,13675.0,30600,CAD,1.0
1181550600.0,13675.0,30600,CAD,1.0
1181637000.0,13676.0,30600,CAD,2.0
1181723400.0,13677.0,30600,CAD,2.0
1181896200.0,13679.0,30600,CAD,1.0
1182155400.0,13682.0,30600,CAD,2.0
1182236400.0,13683.0,25200,CAD,3.0
1182236400.0,13683.0,25200,CAD,2.0
1182328200.0,13684.0,30600,CAD,1.0
1182328200.0,13684.0,30600,CAD,2.0
1182414600.0,13685.0,30600,CAD,3.0
1182414600.0,13685.0,30600,CAD,2.0
1183019400.0,13692.0,30600,CAD,1.0
1183019400.0,13692.0,30600,CAD,1.0
1183105800.0,13693.0,30600,CAD,3.0
1183113000.0,13693.0,37800,CAD,3.0
1183334460.0,13696.0,60,CAD,1.0
1183624200.0,13699.0,30600,CAD,2.0
1183629600.0,13699.0,36000,CAD,3.0
1183705200.0,13700.0,25200,CAD,3.0
1183705200.0,13700.0,25200,CAD,3.0
1184055300.0,13704.0,29700,CAD,3.0
1184058000.0,13704.0,32400,CAD,3.0
1184058000.0,13704.0,32400,CAD,3.0
1184229000.0,13706.0,30600,CAD,1.0
1184229000.0,13706.0,30600,CAD,3.0
1184236200.0,13706.0,37800,CAD,3.0
1184238900.0,13706.0,40500,CAD,3.0
1184574600.0,13710.0,30600,CAD,2.0
1184574600.0,13710.0,30600,CAD,1.0
1184742000.0,13712.0,25200,CAD,3.0
1184742000.0,13712.0,25200,CAD,2.0
1184747400.0,13712.0,30600,CAD,1.0
1184833800.0,13713.0,30600,CAD,2.0
1184833800.0,13713.0,30600,CAD,2.0
1185265800.0,13718.0,30600,CAD,3.0
1185265800.0,13718.0,30600,CAD,2.0
1185784200.0,13724.0,30600,CAD,1.0
1185784200.0,13724.0,30600,CAD,2.0
1185870600.0,13725.0,30600,CAD,3.0
1186129800.0,13728.0,30600,CAD,2.0
1186135200.0,13728.0,36000,CAD,3.0
1186358460.0,13731.0,60,CAD,1.0
1186647300.0,13734.0,29700,CAD,3.0
1186648200.0,13734.0,30600,CAD,1.0
1186729200.0,13735.0,25200,CAD,3.0
1186729200.0,13735.0,25200,CAD,3.0
1187080200.0,13739.0,30600,CAD,3.0
1187166600.0,13740.0,30600,CAD,2.0
1187166600.0,13740.0,30600,CAD,1.0
1187253000.0,13741.0,30600,CAD,2.0
1187260200.0,13741.0,37800,CAD,1.0
1187339400.0,13742.0,30600,CAD,2.0
1187679600.0,13746.0,25200,CAD,3.0
1187679600.0,13746.0,25200,CAD,2.0
1187685000.0,13746.0,30600,CAD,3.0
1187685000.0,13746.0,30600,CAD,1.0
1187685000.0,13746.0,30600,CAD,2.0
1187857800.0,13748.0,30600,CAD,1.0
1188247500.0,13752.0,74700,CAD,2.0
1188462600.0,13755.0,30600,CAD,2.0
1188462600.0,13755.0,30600,CAD,1.0
1188462600.0,13755.0,30600,CAD,2.0
1188549000.0,13756.0,30600,CAD,3.0
1188777660.0,13759.0,60,CAD,1.0
1188982800.0,13761.0,32400,CAD,3.0
1188982800.0,13761.0,32400,CAD,3.0
1189067400.0,13762.0,30600,CAD,2.0
1189072800.0,13762.0,36000,CAD,3.0
1189148400.0,13763.0,25200,CAD,3.0
1189148400.0,13763.0,25200,CAD,3.0
1189498500.0,13767.0,29700,CAD,3.0
1189499400.0,13767.0,30600,CAD,1.0
1189499400.0,13767.0,30600,CAD,3.0
1189672200.0,13769.0,30600,CAD,1.0
1189758600.0,13770.0,30600,CAD,2.0
1189758600.0,13770.0,30600,CAD,2.0
1190017800.0,13773.0,30600,CAD,2.0
1190104200.0,13774.0,30600,CAD,1.0
1190185200.0,13775.0,25200,CAD,3.0
1190185200.0,13775.0,25200,CAD,2.0
1190190600.0,13775.0,30600,CAD,1.0
1190277000.0,13776.0,30600,CAD,2.0
1190363400.0,13777.0,30600,CAD,3.0
1190363400.0,13777.0,30600,CAD,2.0
1190968200.0,13784.0,30600,CAD,3.0
1190968200.0,13784.0,30600,CAD,1.0
1190968200.0,13784.0,30600,CAD,2.0
1191450300.0,13789.0,80700,CAD,2.0
1191486600.0,13790.0,30600,CAD,2.0
1191492000.0,13790.0,36000,CAD,3.0
1191567600.0,13791.0,25200,CAD,3.0
1191567600.0,13791.0,25200,CAD,3.0
1191580200.0,13791.0,37800,CAD,3.0
1191801660.0,13794.0,60,CAD,1.0
1191917700.0,13795.0,29700,CAD,3.0
1192091400.0,13797.0,30600,CAD,1.0
1192091400.0,13797.0,30600,CAD,3.0
1192437000.0,13801.0,30600,CAD,1.0
1192437000.0,13801.0,30600,CAD,1.0
1192523400.0,13802.0,30600,CAD,2.0
1192525200.0,13802.0,32400,CAD,3.0
1192525200.0,13802.0,32400,CAD,3.0
1192609800.0,13803.0,30600,CAD,2.0
1192696200.0,13804.0,30600,CAD,2.0
1192703400.0,13804.0,37800,CAD,3.0
1192706100.0,13804.0,40500,CAD,3.0
1192777200.0,13805.0,25200,CAD,3.0
1192777200.0,13805.0,25200,CAD,2.0
1192869000.0,13806.0,30600,CAD,1.0
1193128200.0,13809.0,30600,CAD,3.0
1193128200.0,13809.0,30600,CAD,2.0
1193733000.0,13816.0,30600,CAD,1.0
1193733000.0,13816.0,30600,CAD,2.0
1193819400.0,13817.0,30600,CAD,3.0
1193986800.0,13819.0,25200,CAD,3.0
1193986800.0,13819.0,25200,CAD,3.0
1194145200.0,13821.0,10800,CAD,1.0
1194337800.0,13823.0,30600,CAD,1.0
1194341400.0,13823.0,34200,CAD,2.0
1194346800.0,13823.0,39600,CAD,3.0
1194513300.0,13825.0,33300,CAD,3.0
1194514200.0,13825.0,34200,CAD,1.0
1194600600.0,13826.0,34200,CAD,3.0
1194739260.0,13828.0,60,CAD,1.0
1195032600.0,13831.0,34200,CAD,1.0
1195032600.0,13831.0,34200,CAD,1.0
1195033500.0,13831.0,35100,CAD,1.0
1195119000.0,13832.0,34200,CAD,2.0
1195464600.0,13836.0,34200,CAD,2.0
1195464600.0,13836.0,34200,CAD,2.0
1195545600.0,13837.0,28800,CAD,3.0
1195545600.0,13837.0,28800,CAD,2.0
1195565400.0,13837.0,48600,CAD,2.0
1195637400.0,13838.0,34200,CAD,3.0
1195637400.0,13838.0,34200,CAD,2.0
1195723800.0,13839.0,34200,CAD,1.0
1195731000.0,13839.0,41400,CAD,1.0
1196328600.0,13846.0,34200,CAD,2.0
1196328600.0,13846.0,34200,CAD,1.0
1196328600.0,13846.0,34200,CAD,2.0
1196415000.0,13847.0,34200,CAD,3.0
1196762400.0,13851.0,36000,CAD,3.0
1196762400.0,13851.0,36000,CAD,3.0
1196933400.0,13853.0,34200,CAD,2.0
1196938800.0,13853.0,39600,CAD,3.0
1197014400.0,13854.0,28800,CAD,3.0
1197014400.0,13854.0,28800,CAD,3.0
1197278100.0,13857.0,33300,CAD,3.0
1197451800.0,13859.0,34200,CAD,3.0
1197538200.0,13860.0,34200,CAD,2.0
1197538200.0,13860.0,34200,CAD,2.0
1197538200.0,13860.0,34200,CAD,1.0
1197624600.0,13861.0,34200,CAD,1.0
1197883800.0,13864.0,34200,CAD,2.0
1197883800.0,13864.0,34200,CAD,1.0
1197964800.0,13865.0,28800,CAD,3.0
1197964800.0,13865.0,28800,CAD,2.0
1197970200.0,13865.0,34200,CAD,1.0
1198056600.0,13866.0,34200,CAD,2.0
1198229400.0,13868.0,34200,CAD,3.0
1198229400.0,13868.0,34200,CAD,3.0
1198229400.0,13868.0,34200,CAD,2.0
1198540860.0,13872.0,60,CAD,1.0
1198627260.0,13873.0,60,CAD,1.0
1199145660.0,13879.0,60,CAD,1.0
1199439000.0,13882.0,34200,CAD,1.0
1199439000.0,13882.0,34200,CAD,2.0
1199444400.0,13882.0,39600,CAD,3.0
1199797500.0,13886.0,47100,CAD,1.0
1199870100.0,13887.0,33300,CAD,3.0
1199957400.0,13888.0,34200,CAD,2.0
1199957400.0,13888.0,34200,CAD,1.0
1200038400.0,13889.0,28800,CAD,3.0
1200038400.0,13889.0,28800,CAD,3.0
1200043800.0,13889.0,34200,CAD,3.0
1200303000.0,13892.0,34200,CAD,1.0
1200310200.0,13892.0,41400,CAD,3.0
1200562200.0,13895.0,34200,CAD,2.0
1200648600.0,13896.0,34200,CAD,2.0
1200907800.0,13899.0,34200,CAD,2.0
1200994200.0,13900.0,34200,CAD,3.0
1200994200.0,13900.0,34200,CAD,2.0
1200996000.0,13900.0,36000,CAD,3.0
1200996000.0,13900.0,36000,CAD,3.0
1201080600.0,13901.0,34200,CAD,1.0
1201174200.0,13902.0,41400,CAD,3.0
1201176900.0,13902.0,44100,CAD,3.0
1201248000.0,13903.0,28800,CAD,3.0
1201248000.0,13903.0,28800,CAD,2.0
1201710600.0,13908.0,59400,CAD,1.0
1201771800.0,13909.0,34200,CAD,3.0
1201858200.0,13910.0,34200,CAD,1.0
1201858200.0,13910.0,34200,CAD,2.0
1202290200.0,13915.0,34200,CAD,2.0
1202295600.0,13915.0,39600,CAD,3.0
1202457600.0,13917.0,28800,CAD,3.0
1202457600.0,13917.0,28800,CAD,3.0
1202462100.0,13917.0,33300,CAD,3.0
1202722200.0,13920.0,34200,CAD,1.0
1202981400.0,13923.0,34200,CAD,3.0
1202988600.0,13923.0,41400,CAD,1.0
1203067800.0,13924.0,34200,CAD,2.0
1203067800.0,13924.0,34200,CAD,1.0
1203348600.0,13927.0,55800,CAD,3.0
1203408000.0,13928.0,28800,CAD,3.0
1203408000.0,13928.0,28800,CAD,2.0
1203413400.0,13928.0,34200,CAD,2.0
1203499800.0,13929.0,34200,CAD,2.0
1203499800.0,13929.0,34200,CAD,1.0
1203586200.0,13930.0,34200,CAD,1.0
1203672600.0,13931.0,34200,CAD,3.0
1203672600.0,13931.0,34200,CAD,2.0
1204027200.0,13935.0,43200,CAD,2.0
1204045200.0,13935.0,61200,CAD,2.0
1204277400.0,13938.0,34200,CAD,2.0
1204277400.0,13938.0,34200,CAD,1.0
1204277400.0,13938.0,34200,CAD,2.0
1204536600.0,13941.0,34200,CAD,3.0
1204624800.0,13942.0,36000,CAD,3.0
1204624800.0,13942.0,36000,CAD,3.0
1204795800.0,13944.0,34200,CAD,2.0
1204801200.0,13944.0,39600,CAD,3.0
1204876800.0,13945.0,28800,CAD,3.0
1204876800.0,13945.0,28800,CAD,3.0
1205031600.0,13947.0,10800,CAD,1.0
1205136900.0,13948.0,29700,CAD,3.0
1205224200.0,13949.0,30600,CAD,1.0
1205224200.0,13949.0,30600,CAD,3.0
1205337600.0,13950.0,57600,CAD,2.0
1205397000.0,13951.0,30600,CAD,1.0
1205407800.0,13951.0,41400,CAD,2.0
1205483400.0,13952.0,30600,CAD,2.0
1205742600.0,13955.0,30600,CAD,2.0
1205742600.0,13955.0,30600,CAD,1.0
1205823600.0,13956.0,25200,CAD,3.0
1205823600.0,13956.0,25200,CAD,2.0
1205915400.0,13957.0,30600,CAD,2.0
1206001800.0,13958.0,30600,CAD,2.0
1206001800.0,13958.0,30600,CAD,1.0
1206057660.0,13959.0,60,CAD,1.0
1206433800.0,13963.0,30600,CAD,3.0
1206433800.0,13963.0,30600,CAD,2.0
1206952200.0,13969.0,30600,CAD,3.0
1207038600.0,13970.0,30600,CAD,1.0
1207038600.0,13970.0,30600,CAD,2.0
1207125000.0,13971.0,30600,CAD,2.0
1207292400.0,13973.0,25200,CAD,3.0
1207292400.0,13973.0,25200,CAD,3.0
1207303200.0,13973.0,36000,CAD,3.0
1207557000.0,13976.0,30600,CAD,3.0
1207642500.0,13977.0,29700,CAD,3.0
1207816200.0,13979.0,30600,CAD,3.0
1207845000.0,13979.0,59400,CAD,2.0
1207902600.0,13980.0,30600,CAD,1.0
1208161800.0,13983.0,30600,CAD,1.0
1208169000.0,13983.0,37800,CAD,3.0
1208334600.0,13985.0,30600,CAD,2.0
1208415600.0,13986.0,25200,CAD,3.0
1208415600.0,13986.0,25200,CAD,2.0
1208507400.0,13987.0,30600,CAD,1.0
1208507400.0,13987.0,30600,CAD,2.0
1208766600.0,13990.0,30600,CAD,2.0
1208854800.0,13991.0,32400,CAD,3.0
1208854800.0,13991.0,32400,CAD,3.0
1208939400.0,13992.0,30600,CAD,3.0
1208939400.0,13992.0,30600,CAD,2.0
1209033000.0,13993.0,37800,CAD,3.0
1209035700.0,13993.0,40500,CAD,3.0
1209544200.0,13999.0,30600,CAD,3.0
1209544200.0,13999.0,30600,CAD,1.0
1209544200.0,13999.0,30600,CAD,2.0
1209555900.0,13999.0,42300,CAD,2.0
1209642300.0,14000.0,42300,CAD,3.0
1209977400.0,14004.0,31800,CAD,2.0
1210062600.0,14005.0,30600,CAD,3.0
1210068000.0,14005.0,36000,CAD,3.0
1210234500.0,14007.0,29700,CAD,3.0
1210316400.0,14008.0,25200,CAD,3.0
1210316400.0,14008.0,25200,CAD,3.0
1210321800.0,14008.0,30600,CAD,3.0
1210581000.0,14011.0,30600,CAD,1.0
1210840200.0,14014.0,30600,CAD,2.0
1210847400.0,14014.0,37800,CAD,1.0
1210926600.0,14015.0,30600,CAD,1.0
1211155260.0,14018.0,60,CAD,1.0
1211272200.0,14019.0,30600,CAD,2.0
1211272200.0,14019.0,30600,CAD,2.0
1211353200.0,14020.0,25200,CAD,3.0
1211353200.0,14020.0,25200,CAD,2.0
1211358600.0,14020.0,30600,CAD,1.0
1211445000.0,14021.0,30600,CAD,3.0
1211445000.0,14021.0,30600,CAD,1.0
1211445000.0,14021.0,30600,CAD,2.0
1211462400.0,14021.0,48000,CAD,2.0
1212049800.0,14028.0,30600,CAD,2.0
1212136200.0,14029.0,30600,CAD,3.0
1212136200.0,14029.0,30600,CAD,1.0
1212136200.0,14029.0,30600,CAD,2.0
1212654600.0,14035.0,30600,CAD,3.0
1212660000.0,14035.0,36000,CAD,3.0
1212735600.0,14036.0,25200,CAD,3.0
1212735600.0,14036.0,25200,CAD,3.0
1212999300.0,14039.0,29700,CAD,3.0
1213086600.0,14040.0,30600,CAD,3.0
1213088400.0,14040.0,32400,CAD,3.0
1213088400.0,14040.0,32400,CAD,3.0
1213173000.0,14041.0,30600,CAD,1.0
1213173000.0,14041.0,30600,CAD,1.0
1213345800.0,14043.0,30600,CAD,2.0
1213345800.0,14043.0,30600,CAD,2.0
1213605000.0,14046.0,30600,CAD,1.0
1213691400.0,14047.0,30600,CAD,2.0
1213777800.0,14048.0,30600,CAD,1.0
1213858800.0,14049.0,25200,CAD,3.0
1213858800.0,14049.0,25200,CAD,2.0
1213864200.0,14049.0,30600,CAD,2.0
1213915500.0,14049.0,81900,CAD,2.0
1213950600.0,14050.0,30600,CAD,3.0
1213950600.0,14050.0,30600,CAD,2.0
1214237100.0,14053.0,57900,CAD,2.0
1214555400.0,14057.0,30600,CAD,1.0
1214555400.0,14057.0,30600,CAD,2.0
1214814600.0,14060.0,30600,CAD,3.0
1214870460.0,14061.0,60,CAD,1.0
1215165600.0,14064.0,36000,CAD,3.0
1215419400.0,14067.0,30600,CAD,3.0
1215426600.0,14067.0,37800,CAD,3.0
1215591300.0,14069.0,29700,CAD,3.0
1215759600.0,14071.0,25200,CAD,3.0
1215759600.0,14071.0,25200,CAD,3.0
1215765000.0,14071.0,30600,CAD,1.0
1215765000.0,14071.0,30600,CAD,3.0
1216110600.0,14075.0,30600,CAD,1.0
1216112400.0,14075.0,32400,CAD,3.0
1216112400.0,14075.0,32400,CAD,3.0
1216197000.0,14076.0,30600,CAD,2.0
1216283400.0,14077.0,30600,CAD,2.0
1216290600.0,14077.0,37800,CAD,3.0
1216293300.0,14077.0,40500,CAD,3.0
1216369800.0,14078.0,30600,CAD,1.0
1216369800.0,14078.0,30600,CAD,2.0
1216715400.0,14082.0,30600,CAD,3.0
1216715400.0,14082.0,30600,CAD,2.0
1216796400.0,14083.0,25200,CAD,3.0
1216796400.0,14083.0,25200,CAD,2.0
1217406600.0,14090.0,30600,CAD,1.0
1217406600.0,14090.0,30600,CAD,2.0
1217493000.0,14091.0,30600,CAD,3.0
1217808060.0,14095.0,60,CAD,1.0
1218016800.0,14097.0,36000,CAD,3.0
1218097800.0,14098.0,30600,CAD,3.0
1218178800.0,14099.0,25200,CAD,3.0
1218178800.0,14099.0,25200,CAD,3.0
1218442500.0,14102.0,29700,CAD,3.0
1218443400.0,14102.0,30600,CAD,1.0
1218529800.0,14103.0,30600,CAD,3.0
1218709800.0,14105.0,37800,CAD,1.0
1218789000.0,14106.0,30600,CAD,2.0
1218789000.0,14106.0,30600,CAD,1.0
1219048200.0,14109.0,30600,CAD,2.0
1219134600.0,14110.0,30600,CAD,2.0
1219221000.0,14111.0,30600,CAD,3.0
1219221000.0,14111.0,30600,CAD,1.0
1219221000.0,14111.0,30600,CAD,2.0
1219302000.0,14112.0,25200,CAD,3.0
1219302000.0,14112.0,25200,CAD,2.0
1219307400.0,14112.0,30600,CAD,1.0
1219752900.0,14117.0,44100,CAD,2.0
1219912200.0,14119.0,30600,CAD,2.0
1219998600.0,14120.0,30600,CAD,3.0
1219998600.0,14120.0,30600,CAD,1.0
1219998600.0,14120.0,30600,CAD,2.0
1220227260.0,14123.0,60,CAD,1.0
1220432400.0,14125.0,32400,CAD,3.0
1220432400.0,14125.0,32400,CAD,3.0
1220598000.0,14127.0,25200,CAD,3.0
1220598000.0,14127.0,25200,CAD,3.0
1220608800.0,14127.0,36000,CAD,3.0
1220862600.0,14130.0,30600,CAD,3.0
1220948100.0,14131.0,29700,CAD,3.0
1221035400.0,14132.0,30600,CAD,2.0
1221121800.0,14133.0,30600,CAD,1.0
1221121800.0,14133.0,30600,CAD,3.0
1221208200.0,14134.0,30600,CAD,1.0
1221467400.0,14137.0,30600,CAD,1.0
1221553800.0,14138.0,30600,CAD,2.0
1221640200.0,14139.0,30600,CAD,2.0
1221726600.0,14140.0,30600,CAD,1.0
1221726600.0,14140.0,30600,CAD,2.0
1221768900.0,14140.0,72900,CAD,2.0
1222072200.0,14144.0,30600,CAD,3.0
1222072200.0,14144.0,30600,CAD,2.0
1222153200.0,14145.0,25200,CAD,3.0
1222153200.0,14145.0,25200,CAD,2.0
1222347600.0,14147.0,46800,CAD,2.0
1222763400.0,14152.0,30600,CAD,3.0
1222763400.0,14152.0,30600,CAD,1.0
1222763400.0,14152.0,30600,CAD,2.0
1223281800.0,14158.0,30600,CAD,3.0
1223287200.0,14158.0,36000,CAD,3.0
1223449200.0,14160.0,25200,CAD,3.0
1223449200.0,14160.0,25200,CAD,3.0
1223453700.0,14160.0,29700,CAD,3.0
1223622000.0,14162.0,25200,CAD,3.0
1223622000.0,14162.0,25200,CAD,3.0
1223627400.0,14162.0,30600,CAD,1.0
1223627400.0,14162.0,30600,CAD,3.0
1223634600.0,14162.0,37800,CAD,3.0
1223856060.0,14165.0,60,CAD,1.0
1223973000.0,14166.0,30600,CAD,1.0
1224145800.0,14168.0,30600,CAD,2.0
1224491400.0,14172.0,30600,CAD,2.0
1224491400.0,14172.0,30600,CAD,2.0
1224579600.0,14173.0,32400,CAD,3.0
1224579600.0,14173.0,32400,CAD,3.0
1224664200.0,14174.0,30600,CAD,3.0
1224664200.0,14174.0,30600,CAD,1.0
1224664200.0,14174.0,30600,CAD,2.0
1224757800.0,14175.0,37800,CAD,3.0
1224760500.0,14175.0,40500,CAD,3.0
1224831600.0,14176.0,25200,CAD,3.0
1224831600.0,14176.0,25200,CAD,2.0
1225355400.0,14182.0,30600,CAD,1.0
1225355400.0,14182.0,30600,CAD,2.0
1225441800.0,14183.0,30600,CAD,3.0
1225594800.0,14185.0,10800,CAD,1.0
1225963800.0,14189.0,34200,CAD,3.0
1225969440.0,14189.0,39840,CAD,3.0
1226044800.0,14190.0,28800,CAD,3.0
1226044800.0,14190.0,28800,CAD,3.0
1226308500.0,14193.0,33300,CAD,3.0
1226309400.0,14193.0,34200,CAD,1.0
1226320500.0,14193.0,45300,CAD,2.0
1226361660.0,14194.0,60,CAD,1.0
1226568600.0,14196.0,34200,CAD,3.0
1226655000.0,14197.0,34200,CAD,2.0
1226655000.0,14197.0,34200,CAD,1.0
1227087000.0,14202.0,34200,CAD,2.0
1227087000.0,14202.0,34200,CAD,1.0
1227087300.0,14202.0,34500,CAD,2.0
1227173400.0,14203.0,34200,CAD,1.0
1227173400.0,14203.0,34200,CAD,2.0
1227180600.0,14203.0,41400,CAD,1.0
1227254400.0,14204.0,28800,CAD,3.0
1227254400.0,14204.0,28800,CAD,2.0
1227605400.0,14208.0,34200,CAD,3.0
1227605400.0,14208.0,34200,CAD,2.0
1227816300.0,14210.0,72300,CAD,2.0
1227864600.0,14211.0,34200,CAD,2.0
1227864600.0,14211.0,34200,CAD,1.0
1227864600.0,14211.0,34200,CAD,2.0
1228123800.0,14214.0,34200,CAD,3.0
1228383000.0,14217.0,34200,CAD,3.0
1228388400.0,14217.0,39600,CAD,3.0
1228464000.0,14218.0,28800,CAD,3.0
1228464000.0,14218.0,28800,CAD,3.0
1228727700.0,14221.0,33300,CAD,3.0
1228816800.0,14222.0,36000,CAD,3.0
1228816800.0,14222.0,36000,CAD,3.0
1228901400.0,14223.0,34200,CAD,2.0
1228987800.0,14224.0,34200,CAD,1.0
1228987800.0,14224.0,34200,CAD,3.0
1229074200.0,14225.0,34200,CAD,1.0
1229074200.0,14225.0,34200,CAD,1.0
1229419800.0,14229.0,34200,CAD,2.0
1229506200.0,14230.0,34200,CAD,2.0
1229520000.0,14230.0,48000,CAD,2.0
1229592600.0,14231.0,34200,CAD,3.0
1229592600.0,14231.0,34200,CAD,2.0
1229592600.0,14231.0,34200,CAD,1.0
1229592600.0,14231.0,34200,CAD,2.0
1229673600.0,14232.0,28800,CAD,3.0
1229673600.0,14232.0,28800,CAD,2.0
1230111000.0,14237.0,34200,CAD,3.0
1230163260.0,14238.0,60,CAD,1.0
1230249660.0,14239.0,60,CAD,1.0
1230768060.0,14245.0,60,CAD,1.0
1231234200.0,14250.0,34200,CAD,1.0
1231234200.0,14250.0,34200,CAD,2.0
1231412400.0,14252.0,39600,CAD,3.0
1231422600.0,14252.0,49800,CAD,2.0
1231488000.0,14253.0,28800,CAD,3.0
1231488000.0,14253.0,28800,CAD,3.0
1231492500.0,14253.0,33300,CAD,3.0
1231493400.0,14253.0,34200,CAD,3.0
1231752600.0,14256.0,34200,CAD,1.0
1231759800.0,14256.0,41400,CAD,3.0
1231839000.0,14257.0,34200,CAD,3.0
1232011800.0,14259.0,34200,CAD,1.0
1232357400.0,14263.0,34200,CAD,2.0
1232443800.0,14264.0,34200,CAD,2.0
1232445600.0,14264.0,36000,CAD,3.0
1232445600.0,14264.0,36000,CAD,3.0
1232530200.0,14265.0,34200,CAD,2.0
1232616600.0,14266.0,34200,CAD,3.0
1232616600.0,14266.0,34200,CAD,1.0
1232616600.0,14266.0,34200,CAD,2.0
1232623800.0,14266.0,41400,CAD,3.0
1232626500.0,14266.0,44100,CAD,3.0
1232697600.0,14267.0,28800,CAD,3.0
1232697600.0,14267.0,28800,CAD,2.0
1233057900.0,14271.0,43500,CAD,2.0
1233075600.0,14271.0,61200,CAD,2.0
1233221400.0,14273.0,34200,CAD,1.0
1233221400.0,14273.0,34200,CAD,2.0
1233307800.0,14274.0,34200,CAD,3.0
1233826200.0,14280.0,34200,CAD,3.0
1233831600.0,14280.0,39600,CAD,3.0
1233907200.0,14281.0,28800,CAD,3.0
1233907200.0,14281.0,28800,CAD,3.0
1234170900.0,14284.0,33300,CAD,3.0
1234260000.0,14285.0,36000,CAD,3.0
1234344600.0,14286.0,34200,CAD,1.0
1234344600.0,14286.0,34200,CAD,3.0
1234517400.0,14288.0,34200,CAD,1.0
1234776600.0,14291.0,34200,CAD,2.0
1234776600.0,14291.0,34200,CAD,2.0
1234949400.0,14293.0,34200,CAD,2.0
1235035800.0,14294.0,34200,CAD,1.0
1235043000.0,14294.0,41400,CAD,1.0
1235116800.0,14295.0,28800,CAD,3.0
1235116800.0,14295.0,28800,CAD,2.0
1235381400.0,14298.0,34200,CAD,3.0
1235381400.0,14298.0,34200,CAD,2.0
1235381400.0,14298.0,34200,CAD,2.0
1235640600.0,14301.0,34200,CAD,1.0
1235727000.0,14302.0,34200,CAD,2.0
1235727000.0,14302.0,34200,CAD,1.0
1235727000.0,14302.0,34200,CAD,2.0
1235986200.0,14305.0,34200,CAD,3.0
1236074400.0,14306.0,36000,CAD,3.0
1236074400.0,14306.0,36000,CAD,3.0
1236245400.0,14308.0,34200,CAD,3.0
1236247200.0,14308.0,36000,CAD,2.0
1236250800.0,14308.0,39600,CAD,3.0
1236481200.0,14311.0,10800,CAD,1.0
1236586500.0,14312.0,29700,CAD,3.0
1236760200.0,14314.0,30600,CAD,1.0
1236861900.0,14315.0,45900,CAD,2.0
1236927600.0,14316.0,25200,CAD,3.0
1236927600.0,14316.0,25200,CAD,3.0
1236933000.0,14316.0,30600,CAD,3.0
1237192200.0,14319.0,30600,CAD,1.0
1237278600.0,14320.0,30600,CAD,2.0
1237278600.0,14320.0,30600,CAD,2.0
1237365000.0,14321.0,30600,CAD,2.0
1237446000.0,14322.0,25200,CAD,3.0
1237446000.0,14322.0,25200,CAD,2.0
1237451400.0,14322.0,30600,CAD,2.0
1237537800.0,14323.0,30600,CAD,3.0
1237537800.0,14323.0,30600,CAD,1.0
1237537800.0,14323.0,30600,CAD,2.0
1237797000.0,14326.0,30600,CAD,1.0
1238421900.0,14333.0,50700,CAD,2.0
1238488200.0,14334.0,30600,CAD,3.0
1238488200.0,14334.0,30600,CAD,1.0
1238488200.0,14334.0,30600,CAD,2.0
1238595000.0,14335.0,51000,CAD,2.0
1239006600.0,14340.0,30600,CAD,3.0
1239012000.0,14340.0,36000,CAD,3.0
1239178500.0,14342.0,29700,CAD,3.0
1239260400.0,14343.0,25200,CAD,3.0
1239260400.0,14343.0,25200,CAD,3.0
1239265800.0,14343.0,30600,CAD,2.0
1239265800.0,14343.0,30600,CAD,3.0
1239321660.0,14344.0,60,CAD,1.0
1239618600.0,14347.0,37800,CAD,3.0
1239784200.0,14349.0,30600,CAD,1.0
1239870600.0,14350.0,30600,CAD,2.0
1239951600.0,14351.0,25200,CAD,3.0
1239951600.0,14351.0,25200,CAD,2.0
1240216200.0,14354.0,30600,CAD,2.0
1240302600.0,14355.0,30600,CAD,2.0
1240304400.0,14355.0,32400,CAD,3.0
1240304400.0,14355.0,32400,CAD,3.0
1240389000.0,14356.0,30600,CAD,1.0
1240475400.0,14357.0,30600,CAD,3.0
1240475400.0,14357.0,30600,CAD,2.0
1240482600.0,14357.0,37800,CAD,3.0
1240485300.0,14357.0,40500,CAD,3.0
1241080200.0,14364.0,30600,CAD,3.0
1241080200.0,14364.0,30600,CAD,1.0
1241080200.0,14364.0,30600,CAD,2.0
1241598600.0,14370.0,30600,CAD,3.0
1241604000.0,14370.0,36000,CAD,3.0
1241625600.0,14370.0,57600,CAD,3.0
1241766000.0,14372.0,25200,CAD,3.0
1241766000.0,14372.0,25200,CAD,3.0
1241770500.0,14372.0,29700,CAD,3.0
1242030600.0,14375.0,30600,CAD,2.0
1242117000.0,14376.0,30600,CAD,3.0
1242203400.0,14377.0,30600,CAD,1.0
1242376200.0,14379.0,30600,CAD,2.0
1242604860.0,14382.0,60,CAD,1.0
1242734400.0,14383.0,43200,CAD,2.0
1242802800.0,14384.0,25200,CAD,3.0
1242802800.0,14384.0,25200,CAD,2.0
1242808200.0,14384.0,30600,CAD,1.0
1242894600.0,14385.0,30600,CAD,2.0
1242894600.0,14385.0,30600,CAD,2.0
1242901800.0,14385.0,37800,CAD,1.0
1242981000.0,14386.0,30600,CAD,3.0
1242981000.0,14386.0,30600,CAD,2.0
1243413000.0,14391.0,30600,CAD,1.0
1243585800.0,14393.0,30600,CAD,2.0
1243845000.0,14396.0,30600,CAD,3.0
1243845000.0,14396.0,30600,CAD,1.0
1243845000.0,14396.0,30600,CAD,2.0
1244104200.0,14399.0,30600,CAD,3.0
1244106000.0,14399.0,32400,CAD,3.0
1244106000.0,14399.0,32400,CAD,3.0
1244109600.0,14399.0,36000,CAD,3.0
1244185200.0,14400.0,25200,CAD,3.0
1244185200.0,14400.0,25200,CAD,3.0
1244448900.0,14403.0,29700,CAD,3.0
1244622600.0,14405.0,30600,CAD,2.0
1244622600.0,14405.0,30600,CAD,3.0
1244709000.0,14406.0,30600,CAD,1.0
1244728200.0,14406.0,49800,CAD,2.0
1245054600.0,14410.0,30600,CAD,2.0
1245054600.0,14410.0,30600,CAD,1.0
1245141000.0,14411.0,30600,CAD,2.0
1245227400.0,14412.0,30600,CAD,2.0
1245227400.0,14412.0,30600,CAD,2.0
1245308400.0,14413.0,25200,CAD,3.0
1245308400.0,14413.0,25200,CAD,2.0
1245334500.0,14413.0,51300,CAD,2.0
1245400200.0,14414.0,30600,CAD,3.0
1245400200.0,14414.0,30600,CAD,2.0
1245659400.0,14417.0,30600,CAD,2.0
1245745800.0,14418.0,30600,CAD,2.0
1246350600.0,14425.0,30600,CAD,3.0
1246350600.0,14425.0,30600,CAD,1.0
1246350600.0,14425.0,30600,CAD,2.0
1246406460.0,14426.0,60,CAD,1.0
1246955400.0,14432.0,30600,CAD,3.0
1246960800.0,14432.0,36000,CAD,3.0
1247127300.0,14434.0,29700,CAD,3.0
1247209200.0,14435.0,25200,CAD,3.0
1247209200.0,14435.0,25200,CAD,3.0
1247214600.0,14435.0,30600,CAD,2.0
1247214600.0,14435.0,30600,CAD,3.0
1247242500.0,14435.0,58500,CAD,2.0
1247481000.0,14438.0,37800,CAD,3.0
1247560200.0,14439.0,30600,CAD,1.0
1247646600.0,14440.0,30600,CAD,2.0
1247814000.0,14442.0,25200,CAD,3.0
1247814000.0,14442.0,25200,CAD,2.0
1247819400.0,14442.0,30600,CAD,2.0
1248078600.0,14445.0,30600,CAD,2.0
1248078600.0,14445.0,30600,CAD,2.0
1248166800.0,14446.0,32400,CAD,3.0
1248166800.0,14446.0,32400,CAD,3.0
1248251400.0,14447.0,30600,CAD,3.0
1248251400.0,14447.0,30600,CAD,2.0
1248345000.0,14448.0,37800,CAD,3.0
1248347700.0,14448.0,40500,CAD,3.0
1248942600.0,14455.0,30600,CAD,1.0
1248942600.0,14455.0,30600,CAD,2.0
1249029000.0,14456.0,30600,CAD,3.0
1249257660.0,14459.0,60,CAD,1.0
1249547400.0,14462.0,30600,CAD,3.0
1249628400.0,14463.0,25200,CAD,3.0
1249628400.0,14463.0,25200,CAD,3.0
1249639200.0,14463.0,36000,CAD,3.0
1249978500.0,14467.0,29700,CAD,3.0
1250065800.0,14468.0,30600,CAD,2.0
1250065800.0,14468.0,30600,CAD,3.0
1250238600.0,14470.0,30600,CAD,2.0
1250238600.0,14470.0,30600,CAD,1.0
1250584200.0,14474.0,30600,CAD,2.0
1250665200.0,14475.0,25200,CAD,3.0
1250665200.0,14475.0,25200,CAD,2.0
1250670600.0,14475.0,30600,CAD,2.0
1250757000.0,14476.0,30600,CAD,2.0
1250764200.0,14476.0,37800,CAD,1.0
1250936400.0,14478.0,37200,CAD,2.0
1251102600.0,14480.0,30600,CAD,3.0
1251102600.0,14480.0,30600,CAD,2.0
1251205200.0,14481.0,46800,CAD,2.0
1251275520.0,14482.0,30720,CAD,1.0
1251448200.0,14484.0,30600,CAD,2.0
1251448200.0,14484.0,30600,CAD,1.0
1251448200.0,14484.0,30600,CAD,2.0
1251707400.0,14487.0,30600,CAD,3.0
1252047600.0,14491.0,25200,CAD,3.0
1252047600.0,14491.0,25200,CAD,3.0
1252058400.0,14491.0,36000,CAD,3.0
1252281660.0,14494.0,60,CAD,1.0
1252398600.0,14495.0,30600,CAD,3.0
1252484100.0,14496.0,29700,CAD,3.0
1252571400.0,14497.0,30600,CAD,3.0
1252573200.0,14497.0,32400,CAD,3.0
1252573200.0,14497.0,32400,CAD,3.0
1252657800.0,14498.0,30600,CAD,2.0
1252917000.0,14501.0,30600,CAD,1.0
1253003400.0,14502.0,30600,CAD,2.0
1253003400.0,14502.0,30600,CAD,1.0
1253007000.0,14502.0,34200,CAD,2.0
1253089800.0,14503.0,30600,CAD,2.0
1253170800.0,14504.0,25200,CAD,3.0
1253170800.0,14504.0,25200,CAD,2.0
1253176200.0,14504.0,30600,CAD,2.0
1253262600.0,14505.0,30600,CAD,2.0
1253521800.0,14508.0,30600,CAD,2.0
1253608200.0,14509.0,30600,CAD,3.0
1253608200.0,14509.0,30600,CAD,2.0
1253691300.0,14510.0,27300,CAD,2.0
1254153300.0,14515.0,57300,CAD,2.0
1254299400.0,14517.0,30600,CAD,3.0
1254299400.0,14517.0,30600,CAD,1.0
1254299400.0,14517.0,30600,CAD,2.0
1254817800.0,14523.0,30600,CAD,3.0
1254823200.0,14523.0,36000,CAD,3.0
1254989700.0,14525.0,29700,CAD,3.0
1255017900.0,14525.0,57900,CAD,2.0
1255071600.0,14526.0,25200,CAD,3.0
1255071600.0,14526.0,25200,CAD,3.0
1255077000.0,14526.0,30600,CAD,3.0
1255084200.0,14526.0,37800,CAD,3.0
1255305660.0,14529.0,60,CAD,1.0
1255422600.0,14530.0,30600,CAD,2.0
1255509000.0,14531.0,30600,CAD,1.0
1255595400.0,14532.0,30600,CAD,2.0
1255676400.0,14533.0,25200,CAD,3.0
1255676400.0,14533.0,25200,CAD,2.0
1255941000.0,14536.0,30600,CAD,2.0
1256027400.0,14537.0,30600,CAD,2.0
1256027400.0,14537.0,30600,CAD,2.0
1256029200.0,14537.0,32400,CAD,3.0
1256029200.0,14537.0,32400,CAD,3.0
1256200200.0,14539.0,30600,CAD,3.0
1256200200.0,14539.0,30600,CAD,2.0
1256207400.0,14539.0,37800,CAD,3.0
1256210100.0,14539.0,40500,CAD,3.0
1256548200.0,14543.0,33000,CAD,2.0
1256641200.0,14544.0,39600,CAD,3.0
1256745600.0,14545.0,57600,CAD,2.0
1256805000.0,14546.0,30600,CAD,1.0
1256805000.0,14546.0,30600,CAD,2.0
1256891400.0,14547.0,30600,CAD,3.0
1257044400.0,14549.0,10800,CAD,1.0
1257325500.0,14552.0,32700,CAD,2.0
1257413400.0,14553.0,34200,CAD,3.0
1257418800.0,14553.0,39600,CAD,3.0
1257494400.0,14554.0,28800,CAD,3.0
1257494400.0,14554.0,28800,CAD,3.0
1257758100.0,14557.0,33300,CAD,3.0
1257897660.0,14559.0,60,CAD,1.0
1258018200.0,14560.0,34200,CAD,2.0
1258104600.0,14561.0,34200,CAD,1.0
1258104600.0,14561.0,34200,CAD,3.0
1258363800.0,14564.0,34200,CAD,2.0
1258531200.0,14566.0,28800,CAD,3.0
1258531200.0,14566.0,28800,CAD,2.0
1258623000.0,14567.0,34200,CAD,2.0
1258623000.0,14567.0,34200,CAD,2.0
1258623000.0,14567.0,34200,CAD,2.0
1258630200.0,14567.0,41400,CAD,1.0
1258657500.0,14567.0,68700,CAD,2.0
1258968600.0,14571.0,34200,CAD,3.0
1258968600.0,14571.0,34200,CAD,2.0
1259141400.0,14573.0,34200,CAD,1.0
1259314200.0,14575.0,34200,CAD,2.0
1259573400.0,14578.0,34200,CAD,3.0
1259573400.0,14578.0,34200,CAD,1.0
1259573400.0,14578.0,34200,CAD,2.0
1259913600.0,14582.0,28800,CAD,3.0
1259913600.0,14582.0,28800,CAD,3.0
1259924400.0,14582.0,39600,CAD,3.0
1260178200.0,14585.0,34200,CAD,3.0
1260263460.0,14586.0,33060,CAD,3.0
1260266400.0,14586.0,36000,CAD,3.0
1260266400.0,14586.0,36000,CAD,3.0
1260437400.0,14588.0,34200,CAD,3.0
1260523800.0,14589.0,34200,CAD,2.0
1260783000.0,14592.0,34200,CAD,1.0
1260869400.0,14593.0,34200,CAD,2.0
1260869400.0,14593.0,34200,CAD,2.0
1260869400.0,14593.0,34200,CAD,1.0
1260955800.0,14594.0,34200,CAD,2.0
1260972300.0,14594.0,50700,CAD,2.0
1261036800.0,14595.0,28800,CAD,3.0
1261036800.0,14595.0,28800,CAD,2.0
1261042200.0,14595.0,34200,CAD,2.0
1261128600.0,14596.0,34200,CAD,2.0
1261387800.0,14599.0,34200,CAD,3.0
1261387800.0,14599.0,34200,CAD,2.0
1261560600.0,14601.0,34200,CAD,3.0
1261699260.0,14603.0,60,CAD,1.0
1261958460.0,14606.0,60,CAD,1.0
1262304060.0,14610.0,60,CAD,1.0
1262683800.0,14614.0,34200,CAD,1.0
1262683800.0,14614.0,34200,CAD,2.0
1262862000.0,14616.0,39600,CAD,3.0
1262937600.0,14617.0,28800,CAD,3.0
1262937600.0,14617.0,28800,CAD,3.0
1263201300.0,14620.0,33300,CAD,3.0
1263202200.0,14620.0,34200,CAD,3.0
1263209400.0,14620.0,41400,CAD,3.0
1263223200.0,14620.0,55200,CAD,2.0
1263288600.0,14621.0,34200,CAD,2.0
1263288600.0,14621.0,34200,CAD,3.0
1263547800.0,14624.0,34200,CAD,1.0
1263807000.0,14627.0,34200,CAD,2.0
1263893400.0,14628.0,34200,CAD,2.0
1263895200.0,14628.0,36000,CAD,3.0
1263895200.0,14628.0,36000,CAD,3.0
1263974400.0,14629.0,28800,CAD,3.0
1263974400.0,14629.0,28800,CAD,2.0
1263979800.0,14629.0,34200,CAD,2.0
1264066200.0,14630.0,34200,CAD,2.0
1264073400.0,14630.0,41400,CAD,3.0
1264076100.0,14630.0,44100,CAD,3.0
1264152600.0,14631.0,34200,CAD,3.0
1264152600.0,14631.0,34200,CAD,2.0
1264757400.0,14638.0,34200,CAD,3.0
1264757400.0,14638.0,34200,CAD,1.0
1264757400.0,14638.0,34200,CAD,2.0
1265275800.0,14644.0,34200,CAD,3.0
1265281200.0,14644.0,39600,CAD,3.0
1265294700.0,14644.0,53100,CAD,2.0
1265356800.0,14645.0,28800,CAD,3.0
1265356800.0,14645.0,28800,CAD,3.0
1265620500.0,14648.0,33300,CAD,3.0
1265637600.0,14648.0,50400,CAD,2.0
1265794200.0,14650.0,34200,CAD,3.0
1265880600.0,14651.0,34200,CAD,2.0
1265967000.0,14652.0,34200,CAD,1.0
1266021000.0,14653.0,1800,CAD,2.0
1266312600.0,14656.0,34200,CAD,2.0
1266399000.0,14657.0,34200,CAD,2.0
1266413700.0,14657.0,48900,CAD,2.0
1266480000.0,14658.0,28800,CAD,3.0
1266480000.0,14658.0,28800,CAD,2.0
1266485400.0,14658.0,34200,CAD,2.0
1266492600.0,14658.0,41400,CAD,1.0
1266571800.0,14659.0,34200,CAD,3.0
1266571800.0,14659.0,34200,CAD,2.0
1266571800.0,14659.0,34200,CAD,2.0
1266852600.0,14662.0,55800,CAD,2.0
1267003800.0,14664.0,34200,CAD,1.0
1267176600.0,14666.0,34200,CAD,2.0
1267435800.0,14669.0,34200,CAD,3.0
1267435800.0,14669.0,34200,CAD,1.0
1267435800.0,14669.0,34200,CAD,2.0
1267524000.0,14670.0,36000,CAD,3.0
1267524000.0,14670.0,36000,CAD,3.0
1267695000.0,14672.0,34200,CAD,3.0
1267700400.0,14672.0,39600,CAD,3.0
1267722000.0,14672.0,61200,CAD,2.0
1268039700.0,14676.0,33300,CAD,3.0
1268299800.0,14679.0,34200,CAD,1.0
1268299800.0,14679.0,34200,CAD,2.0
1268299800.0,14679.0,34200,CAD,3.0
1268319900.0,14679.0,54300,CAD,2.0
1268380800.0,14680.0,28800,CAD,3.0
1268380800.0,14680.0,28800,CAD,3.0
1268535600.0,14682.0,10800,CAD,1.0
1268641800.0,14683.0,30600,CAD,1.0
1268728200.0,14684.0,30600,CAD,2.0
1268728200.0,14684.0,30600,CAD,2.0
1268814600.0,14685.0,30600,CAD,2.0
1268901000.0,14686.0,30600,CAD,2.0
1268982000.0,14687.0,25200,CAD,3.0
1268982000.0,14687.0,25200,CAD,2.0
1268987400.0,14687.0,30600,CAD,3.0
1268987400.0,14687.0,30600,CAD,2.0
1269333000.0,14691.0,30600,CAD,2.0
1269435900.0,14692.0,47100,CAD,2.0
1269864600.0,14697.0,43800,CAD,2.0
1269937800.0,14698.0,30600,CAD,1.0
1269937800.0,14698.0,30600,CAD,2.0
1270024200.0,14699.0,30600,CAD,3.0
1270166460.0,14701.0,60,CAD,1.0
1270629000.0,14706.0,30600,CAD,3.0
1270634400.0,14706.0,36000,CAD,3.0
1270656000.0,14706.0,57600,CAD,2.0
1270796400.0,14708.0,25200,CAD,3.0
1270796400.0,14708.0,25200,CAD,3.0
1271060100.0,14711.0,29700,CAD,3.0
1271068200.0,14711.0,37800,CAD,3.0
1271147400.0,14712.0,30600,CAD,2.0
1271147400.0,14712.0,30600,CAD,3.0
1271406600.0,14715.0,30600,CAD,2.0
1271406600.0,14715.0,30600,CAD,1.0
1271665800.0,14718.0,30600,CAD,2.0
1271754000.0,14719.0,32400,CAD,3.0
1271754000.0,14719.0,32400,CAD,3.0
1271838600.0,14720.0,30600,CAD,2.0
1271925000.0,14721.0,30600,CAD,2.0
1271932200.0,14721.0,37800,CAD,3.0
1271934900.0,14721.0,40500,CAD,3.0
1272006000.0,14722.0,25200,CAD,3.0
1272006000.0,14722.0,25200,CAD,2.0
1272011400.0,14722.0,30600,CAD,3.0
1272011400.0,14722.0,30600,CAD,2.0
1272382200.0,14726.0,55800,CAD,3.0
1272537000.0,14728.0,37800,CAD,3.0
1272616200.0,14729.0,30600,CAD,3.0
1272616200.0,14729.0,30600,CAD,1.0
1272616200.0,14729.0,30600,CAD,2.0
1273134600.0,14735.0,30600,CAD,3.0
1273140000.0,14735.0,36000,CAD,3.0
1273183500.0,14735.0,79500,CAD,2.0
1273215600.0,14736.0,25200,CAD,3.0
1273215600.0,14736.0,25200,CAD,3.0
1273479300.0,14739.0,29700,CAD,3.0
1273653000.0,14741.0,30600,CAD,2.0
1273653000.0,14741.0,30600,CAD,3.0
1273759200.0,14742.0,50400,CAD,2.0
1273825800.0,14743.0,30600,CAD,2.0
1273825800.0,14743.0,30600,CAD,1.0
1273834800.0,14743.0,39600,CAD,2.0
1274171400.0,14747.0,30600,CAD,2.0
1274257800.0,14748.0,30600,CAD,2.0
1274344200.0,14749.0,30600,CAD,2.0
1274351400.0,14749.0,37800,CAD,1.0
1274425200.0,14750.0,25200,CAD,3.0
1274425200.0,14750.0,25200,CAD,2.0
1274430600.0,14750.0,30600,CAD,3.0
1274430600.0,14750.0,30600,CAD,2.0
1274659260.0,14753.0,60,CAD,1.0
1274949000.0,14756.0,30600,CAD,1.0
1275035400.0,14757.0,30600,CAD,2.0
1275294600.0,14760.0,30600,CAD,3.0
1275294600.0,14760.0,30600,CAD,1.0
1275294600.0,14760.0,30600,CAD,2.0
1275382800.0,14761.0,32400,CAD,3.0
1275382800.0,14761.0,32400,CAD,3.0
1275634800.0,14764.0,25200,CAD,3.0
1275634800.0,14764.0,25200,CAD,3.0
1275640200.0,14764.0,30600,CAD,3.0
1275645600.0,14764.0,36000,CAD,3.0
1275918600.0,14767.0,49800,CAD,2.0
1275984900.0,14768.0,29700,CAD,3.0
1276158600.0,14770.0,30600,CAD,2.0
1276158600.0,14770.0,30600,CAD,2.0
1276158600.0,14770.0,30600,CAD,3.0
1276245000.0,14771.0,30600,CAD,1.0
1276504200.0,14774.0,30600,CAD,1.0
1276590600.0,14775.0,30600,CAD,2.0
1276590600.0,14775.0,30600,CAD,2.0
1276689000.0,14776.0,42600,CAD,2.0
1276763400.0,14777.0,30600,CAD,2.0
1276842600.0,14778.0,23400,CAD,2.0
1276849800.0,14778.0,30600,CAD,2.0
1276849800.0,14778.0,30600,CAD,2.0
1277190000.0,14782.0,25200,CAD,3.0
1277190000.0,14782.0,25200,CAD,2.0
1277213400.0,14782.0,48600,CAD,2.0
1277281800.0,14783.0,30600,CAD,3.0
1277281800.0,14783.0,30600,CAD,2.0
1277800200.0,14789.0,30600,CAD,1.0
1277800200.0,14789.0,30600,CAD,2.0
1277886600.0,14790.0,30600,CAD,3.0
1277942460.0,14791.0,60,CAD,1.0
1278405000.0,14796.0,30600,CAD,3.0
1278496800.0,14797.0,36000,CAD,3.0
1278577800.0,14798.0,30600,CAD,2.0
1278658800.0,14799.0,25200,CAD,3.0
1278658800.0,14799.0,25200,CAD,3.0
1278663300.0,14799.0,29700,CAD,3.0
1278930600.0,14802.0,37800,CAD,3.0
1279009800.0,14803.0,30600,CAD,3.0
1279182600.0,14805.0,30600,CAD,2.0
1279182600.0,14805.0,30600,CAD,1.0
1279269000.0,14806.0,30600,CAD,2.0
1279528200.0,14809.0,30600,CAD,2.0
1279616400.0,14810.0,32400,CAD,3.0
1279616400.0,14810.0,32400,CAD,3.0
1279701000.0,14811.0,30600,CAD,2.0
1279787400.0,14812.0,30600,CAD,3.0
1279787400.0,14812.0,30600,CAD,2.0
1279794600.0,14812.0,37800,CAD,3.0
1279798200.0,14812.0,41400,CAD,3.0
1279868400.0,14813.0,25200,CAD,3.0
1279868400.0,14813.0,25200,CAD,2.0
1280392200.0,14819.0,30600,CAD,1.0
1280392200.0,14819.0,30600,CAD,2.0
1280478600.0,14820.0,30600,CAD,3.0
1280707260.0,14823.0,60,CAD,1.0
1280997000.0,14826.0,30600,CAD,3.0
1281078000.0,14827.0,25200,CAD,3.0
1281078000.0,14827.0,25200,CAD,3.0
1281088800.0,14827.0,36000,CAD,3.0
1281428100.0,14831.0,29700,CAD,3.0
1281429000.0,14831.0,30600,CAD,2.0
1281515400.0,14832.0,30600,CAD,3.0
1281688200.0,14834.0,30600,CAD,1.0
1282033800.0,14838.0,30600,CAD,2.0
1282033800.0,14838.0,30600,CAD,2.0
1282206600.0,14840.0,30600,CAD,2.0
1282206600.0,14840.0,30600,CAD,2.0
1282213800.0,14840.0,37800,CAD,1.0
1282287600.0,14841.0,25200,CAD,3.0
1282287600.0,14841.0,25200,CAD,2.0
1282638600.0,14845.0,30600,CAD,3.0
1282638600.0,14845.0,30600,CAD,2.0
1282653000.0,14845.0,45000,CAD,2.0
1282725000.0,14846.0,30600,CAD,1.0
1283157000.0,14851.0,30600,CAD,2.0
1283157000.0,14851.0,30600,CAD,1.0
1283157000.0,14851.0,30600,CAD,2.0
1283243400.0,14852.0,30600,CAD,3.0
1283731260.0,14858.0,60,CAD,1.0
1283934600.0,14860.0,30600,CAD,3.0
1283936400.0,14860.0,32400,CAD,3.0
1283936400.0,14860.0,32400,CAD,3.0
1283940000.0,14860.0,36000,CAD,3.0
1284020100.0,14861.0,29700,CAD,3.0
1284021000.0,14861.0,30600,CAD,2.0
1284021000.0,14861.0,30600,CAD,3.0
1284102000.0,14862.0,25200,CAD,3.0
1284102000.0,14862.0,25200,CAD,3.0
1284119700.0,14862.0,42900,CAD,2.0
1284453000.0,14866.0,30600,CAD,1.0
1284453000.0,14866.0,30600,CAD,2.0
1284453000.0,14866.0,30600,CAD,1.0
1284462000.0,14866.0,39600,CAD,2.0
1284539400.0,14867.0,30600,CAD,2.0
1284552000.0,14867.0,43200,CAD,2.0
1284971400.0,14872.0,30600,CAD,2.0
1284971400.0,14872.0,30600,CAD,2.0
1285052400.0,14873.0,25200,CAD,3.0
1285052400.0,14873.0,25200,CAD,2.0
1285144200.0,14874.0,30600,CAD,3.0
1285144200.0,14874.0,30600,CAD,2.0
1285144200.0,14874.0,30600,CAD,2.0
1285749000.0,14881.0,30600,CAD,1.0
1285749000.0,14881.0,30600,CAD,2.0
1285835400.0,14882.0,30600,CAD,3.0
1285851000.0,14882.0,46200,CAD,2.0
1286284500.0,14887.0,47700,CAD,1.0
1286359200.0,14888.0,36000,CAD,3.0
1286440200.0,14889.0,30600,CAD,3.0
1286521200.0,14890.0,25200,CAD,3.0
1286521200.0,14890.0,25200,CAD,3.0
1286525640.0,14890.0,29640,CAD,3.0
1286533800.0,14890.0,37800,CAD,3.0
1286547900.0,14890.0,51900,CAD,2.0
1286640000.0,14891.0,57600,CAD,2.0
1286755260.0,14893.0,60,CAD,1.0
1286958600.0,14895.0,30600,CAD,2.0
1287045000.0,14896.0,30600,CAD,3.0
1287131400.0,14897.0,30600,CAD,2.0
1287131400.0,14897.0,30600,CAD,1.0
1287390600.0,14900.0,30600,CAD,2.0
1287478800.0,14901.0,32400,CAD,3.0
1287478800.0,14901.0,32400,CAD,3.0
1287563400.0,14902.0,30600,CAD,2.0
1287570600.0,14902.0,37800,CAD,3.0
1287573300.0,14902.0,40500,CAD,3.0
1287649800.0,14903.0,30600,CAD,2.0
1287730800.0,14904.0,25200,CAD,3.0
1287730800.0,14904.0,25200,CAD,2.0
1287736200.0,14904.0,30600,CAD,3.0
1287736200.0,14904.0,30600,CAD,2.0
1288107000.0,14908.0,55800,CAD,3.0
1288196100.0,14909.0,58500,CAD,2.0
1288341000.0,14911.0,30600,CAD,3.0
1288341000.0,14911.0,30600,CAD,1.0
1288341000.0,14911.0,30600,CAD,2.0
1288864800.0,14917.0,36000,CAD,3.0
1288940400.0,14918.0,25200,CAD,3.0
1288940400.0,14918.0,25200,CAD,3.0
1288945800.0,14918.0,30600,CAD,3.0
1288969200.0,14918.0,54000,CAD,2.0
1289098800.0,14920.0,10800,CAD,1.0
1289207700.0,14921.0,33300,CAD,3.0
1289295000.0,14922.0,34200,CAD,2.0
1289309400.0,14922.0,48600,CAD,2.0
1289381400.0,14923.0,34200,CAD,3.0
1289433660.0,14924.0,60,CAD,1.0
1289813400.0,14928.0,34200,CAD,1.0
1289899800.0,14929.0,34200,CAD,2.0
1290072600.0,14931.0,34200,CAD,2.0
1290072600.0,14931.0,34200,CAD,2.0
1290072600.0,14931.0,34200,CAD,2.0
1290079800.0,14931.0,41400,CAD,1.0
1290124800.0,14932.0,0,CAD,2.0
1290499200.0,14936.0,28800,CAD,3.0
1290499200.0,14936.0,28800,CAD,2.0
1290504600.0,14936.0,34200,CAD,3.0
1290504600.0,14936.0,34200,CAD,2.0
1290591000.0,14937.0,34200,CAD,1.0
1291023000.0,14942.0,34200,CAD,2.0
1291023000.0,14942.0,34200,CAD,1.0
1291023000.0,14942.0,34200,CAD,2.0
1291109400.0,14943.0,34200,CAD,3.0
1291363200.0,14946.0,28800,CAD,3.0
1291363200.0,14946.0,28800,CAD,3.0
1291627800.0,14949.0,34200,CAD,3.0
1291633200.0,14949.0,39600,CAD,3.0
1291716000.0,14950.0,36000,CAD,3.0
1291716000.0,14950.0,36000,CAD,3.0
1291799700.0,14951.0,33300,CAD,3.0
1291887000.0,14952.0,34200,CAD,2.0
1291973400.0,14953.0,34200,CAD,3.0
1292232600.0,14956.0,34200,CAD,1.0
1292245800.0,14956.0,47400,CAD,2.0
1292319000.0,14957.0,34200,CAD,2.0
1292319000.0,14957.0,34200,CAD,2.0
1292319240.0,14957.0,34440,CAD,1.0
1292405400.0,14958.0,34200,CAD,2.0
1292491800.0,14959.0,34200,CAD,2.0
1292837400.0,14963.0,34200,CAD,2.0
1292918400.0,14964.0,28800,CAD,3.0
1292918400.0,14964.0,28800,CAD,2.0
1292923800.0,14964.0,34200,CAD,3.0
1292923800.0,14964.0,34200,CAD,2.0
1293096600.0,14966.0,34200,CAD,3.0
1293408060.0,14970.0,60,CAD,1.0
1293494460.0,14971.0,60,CAD,1.0
1294012860.0,14977.0,60,CAD,1.0
1294219800.0,14979.0,34200,CAD,1.0
1294219800.0,14979.0,34200,CAD,2.0
1294311600.0,14980.0,39600,CAD,3.0
1294387200.0,14981.0,28800,CAD,3.0
1294387200.0,14981.0,28800,CAD,3.0
1294651800.0,14984.0,34200,CAD,3.0
1294659000.0,14984.0,41400,CAD,3.0
1294668300.0,14984.0,50700,CAD,1.0
1294737300.0,14985.0,33300,CAD,3.0
1294824600.0,14986.0,34200,CAD,2.0
1294911000.0,14987.0,34200,CAD,3.0
1294997400.0,14988.0,34200,CAD,1.0
1295256600.0,14991.0,34200,CAD,2.0
1295344800.0,14992.0,36000,CAD,3.0
1295344800.0,14992.0,36000,CAD,3.0
1295429400.0,14993.0,34200,CAD,2.0
1295436600.0,14993.0,41400,CAD,3.0
1295439300.0,14993.0,44100,CAD,3.0
1295515800.0,14994.0,34200,CAD,2.0
1295515800.0,14994.0,34200,CAD,2.0
1295602200.0,14995.0,34200,CAD,3.0
1295602200.0,14995.0,34200,CAD,2.0
1295942400.0,14999.0,28800,CAD,3.0
1295942400.0,14999.0,28800,CAD,2.0
1296205200.0,15002.0,32400,CAD,2.0
1296466200.0,15005.0,34200,CAD,3.0
1296466200.0,15005.0,34200,CAD,1.0
1296466200.0,15005.0,34200,CAD,2.0
1296574200.0,15006.0,55800,CAD,1.0
1296660600.0,15007.0,55800,CAD,1.0
1296806400.0,15009.0,28800,CAD,3.0
1296806400.0,15009.0,28800,CAD,3.0
1296817200.0,15009.0,39600,CAD,3.0
1297071000.0,15012.0,34200,CAD,3.0
1297156500.0,15013.0,33300,CAD,3.0
1297330200.0,15015.0,34200,CAD,2.0
1297348200.0,15015.0,52200,CAD,2.0
1297416600.0,15016.0,34200,CAD,3.0
1297675800.0,15019.0,34200,CAD,1.0
1297848600.0,15021.0,34200,CAD,2.0
1297848600.0,15021.0,34200,CAD,2.0
1297848600.0,15021.0,34200,CAD,2.0
1297935000.0,15022.0,34200,CAD,2.0
1297942200.0,15022.0,41400,CAD,1.0
1298016000.0,15023.0,28800,CAD,3.0
1298016000.0,15023.0,28800,CAD,2.0
1298367000.0,15027.0,34200,CAD,3.0
1298367000.0,15027.0,34200,CAD,2.0
1298453400.0,15028.0,34200,CAD,1.0
1298885400.0,15033.0,34200,CAD,2.0
1298885400.0,15033.0,34200,CAD,3.0
1298973600.0,15034.0,36000,CAD,3.0
1298973600.0,15034.0,36000,CAD,3.0
1299058200.0,15035.0,34200,CAD,1.0
1299058200.0,15035.0,34200,CAD,2.0
1299236400.0,15037.0,39600,CAD,3.0
1299490200.0,15040.0,34200,CAD,3.0
1299575700.0,15041.0,33300,CAD,3.0
1299663000.0,15042.0,34200,CAD,2.0
1299749400.0,15043.0,34200,CAD,3.0
1299830400.0,15044.0,28800,CAD,3.0
1299830400.0,15044.0,28800,CAD,3.0
1299985200.0,15046.0,10800,CAD,1.0
1300091400.0,15047.0,30600,CAD,2.0
1300177800.0,15048.0,30600,CAD,2.0
1300177800.0,15048.0,30600,CAD,1.0
1300264200.0,15049.0,30600,CAD,2.0
1300350600.0,15050.0,30600,CAD,2.0
1300350600.0,15050.0,30600,CAD,2.0
1300431600.0,15051.0,25200,CAD,3.0
1300431600.0,15051.0,25200,CAD,2.0
1300782600.0,15055.0,30600,CAD,3.0
1300782600.0,15055.0,30600,CAD,2.0
1300782600.0,15055.0,30600,CAD,2.0
1300809600.0,15055.0,57600,CAD,2.0
1301135400.0,15059.0,37800,CAD,2.0
1301312700.0,15061.0,42300,CAD,2.0
1301473800.0,15063.0,30600,CAD,1.0
1301473800.0,15063.0,30600,CAD,2.0
1301560200.0,15064.0,30600,CAD,3.0
1301913000.0,15068.0,37800,CAD,3.0
1302084000.0,15070.0,36000,CAD,3.0
1302165000.0,15071.0,30600,CAD,3.0
1302246000.0,15072.0,25200,CAD,3.0
1302246000.0,15072.0,25200,CAD,3.0
1302250500.0,15072.0,29700,CAD,3.0
1302597000.0,15076.0,30600,CAD,2.0
1302597000.0,15076.0,30600,CAD,3.0
1302598800.0,15076.0,32400,CAD,3.0
1302598800.0,15076.0,32400,CAD,3.0
1302690600.0,15077.0,37800,CAD,3.0
1302693300.0,15077.0,40500,CAD,3.0
1302769800.0,15078.0,30600,CAD,2.0
1302769800.0,15078.0,30600,CAD,1.0
1302857100.0,15079.0,31500,CAD,2.0
1303115400.0,15082.0,30600,CAD,2.0
1303196400.0,15083.0,25200,CAD,3.0
1303196400.0,15083.0,25200,CAD,2.0
1303201800.0,15083.0,30600,CAD,2.0
1303201800.0,15083.0,30600,CAD,2.0
1303374600.0,15085.0,30600,CAD,3.0
1303374600.0,15085.0,30600,CAD,2.0
1303430460.0,15086.0,60,CAD,1.0
1304065800.0,15093.0,30600,CAD,3.0
1304325000.0,15096.0,30600,CAD,1.0
1304325000.0,15096.0,30600,CAD,2.0
1304584200.0,15099.0,30600,CAD,3.0
1304589600.0,15099.0,36000,CAD,3.0
1304665200.0,15100.0,25200,CAD,3.0
1304665200.0,15100.0,25200,CAD,3.0
1304672400.0,15100.0,32400,CAD,2.0
1304928900.0,15103.0,29700,CAD,3.0
1305102600.0,15105.0,30600,CAD,3.0
1305189000.0,15106.0,30600,CAD,2.0
1305275400.0,15107.0,30600,CAD,1.0
1305534600.0,15110.0,30600,CAD,2.0
1305549900.0,15110.0,45900,CAD,2.0
1305621000.0,15111.0,30600,CAD,2.0
1305707400.0,15112.0,30600,CAD,2.0
1305707400.0,15112.0,30600,CAD,2.0
1305801000.0,15113.0,37800,CAD,1.0
1305874800.0,15114.0,25200,CAD,3.0
1305874800.0,15114.0,25200,CAD,2.0
1305880200.0,15114.0,30600,CAD,3.0
1305880200.0,15114.0,30600,CAD,2.0
1306108860.0,15117.0,60,CAD,1.0
1306398600.0,15120.0,30600,CAD,1.0
1306744200.0,15124.0,30600,CAD,2.0
1306744200.0,15124.0,30600,CAD,3.0
1306830600.0,15125.0,30600,CAD,1.0
1306830600.0,15125.0,30600,CAD,2.0
1306832400.0,15125.0,32400,CAD,3.0
1306832400.0,15125.0,32400,CAD,3.0
1307349000.0,15131.0,30600,CAD,3.0
1307354400.0,15131.0,36000,CAD,3.0
1307356200.0,15131.0,37800,CAD,1.0
1307520900.0,15133.0,29700,CAD,3.0
1307608200.0,15134.0,30600,CAD,2.0
1307608200.0,15134.0,30600,CAD,3.0
1307689200.0,15135.0,25200,CAD,3.0
1307689200.0,15135.0,25200,CAD,3.0
1307694600.0,15135.0,30600,CAD,2.0
1308040200.0,15139.0,30600,CAD,2.0
1308040200.0,15139.0,30600,CAD,1.0
1308126600.0,15140.0,30600,CAD,2.0
1308153000.0,15140.0,57000,CAD,2.0
1308213000.0,15141.0,30600,CAD,2.0
1308299400.0,15142.0,30600,CAD,2.0
1308574800.0,15145.0,46800,CAD,2.0
1308645000.0,15146.0,30600,CAD,3.0
1308645000.0,15146.0,30600,CAD,2.0
1308645000.0,15146.0,30600,CAD,2.0
1308820500.0,15148.0,33300,CAD,2.0
1308840300.0,15148.0,53100,CAD,2.0
1309265100.0,15153.0,45900,CAD,1.0
1309330800.0,15154.0,25200,CAD,3.0
1309330800.0,15154.0,25200,CAD,2.0
1309422600.0,15155.0,30600,CAD,3.0
1309478460.0,15156.0,60,CAD,1.0
1309768200.0,15159.0,30600,CAD,1.0
1309768200.0,15159.0,30600,CAD,2.0
1309941000.0,15161.0,30600,CAD,3.0
1310027400.0,15162.0,30600,CAD,2.0
1310032800.0,15162.0,36000,CAD,3.0
1310108400.0,15163.0,25200,CAD,3.0
1310108400.0,15163.0,25200,CAD,3.0
1310372040.0,15166.0,29640,CAD,3.0
1310380200.0,15166.0,37800,CAD,3.0
1310459400.0,15167.0,30600,CAD,3.0
1310718600.0,15170.0,30600,CAD,2.0
1310977800.0,15173.0,30600,CAD,2.0
1310977800.0,15173.0,30600,CAD,1.0
1311064200.0,15174.0,30600,CAD,2.0
1311066000.0,15174.0,32400,CAD,3.0
1311066000.0,15174.0,32400,CAD,3.0
1311150600.0,15175.0,30600,CAD,2.0
1311157800.0,15175.0,37800,CAD,3.0
1311160500.0,15175.0,40500,CAD,3.0
1311318000.0,15177.0,25200,CAD,3.0
1311318000.0,15177.0,25200,CAD,2.0
1311323400.0,15177.0,30600,CAD,3.0
1311323400.0,15177.0,30600,CAD,2.0
1311928200.0,15184.0,30600,CAD,3.0
1311928200.0,15184.0,30600,CAD,1.0
1311928200.0,15184.0,30600,CAD,2.0
1312156860.0,15187.0,60,CAD,1.0
1312527600.0,15191.0,25200,CAD,3.0
1312527600.0,15191.0,25200,CAD,3.0
1312533000.0,15191.0,30600,CAD,3.0
1312538400.0,15191.0,36000,CAD,3.0
1312877700.0,15195.0,29700,CAD,3.0
1313051400.0,15197.0,30600,CAD,2.0
1313051400.0,15197.0,30600,CAD,3.0
1313397000.0,15201.0,30600,CAD,1.0
1313483400.0,15202.0,30600,CAD,2.0
1313569800.0,15203.0,30600,CAD,2.0
1313656200.0,15204.0,30600,CAD,2.0
1313656200.0,15204.0,30600,CAD,2.0
1313663400.0,15204.0,37800,CAD,1.0
1313737200.0,15205.0,25200,CAD,3.0
1313737200.0,15205.0,25200,CAD,2.0
1313748000.0,15205.0,36000,CAD,3.0
1313748000.0,15205.0,36000,CAD,1.0
1314088200.0,15209.0,30600,CAD,3.0
1314088200.0,15209.0,30600,CAD,2.0
1314104400.0,15209.0,46800,CAD,2.0
1314144300.0,15210.0,300,CAD,1.0
1314261000.0,15211.0,30600,CAD,1.0
1314693000.0,15216.0,30600,CAD,2.0
1314693000.0,15216.0,30600,CAD,1.0
1314693000.0,15216.0,30600,CAD,2.0
1314779400.0,15217.0,30600,CAD,3.0
1315180860.0,15222.0,60,CAD,1.0
1315386000.0,15224.0,32400,CAD,3.0
1315386000.0,15224.0,32400,CAD,3.0
1315389600.0,15224.0,36000,CAD,3.0
1315470600.0,15225.0,30600,CAD,3.0
1315470600.0,15225.0,30600,CAD,2.0
1315470600.0,15225.0,30600,CAD,3.0
1315551600.0,15226.0,25200,CAD,3.0
1315551600.0,15226.0,25200,CAD,3.0
1315556100.0,15226.0,29700,CAD,3.0
1315557000.0,15226.0,30600,CAD,2.0
1315989000.0,15231.0,30600,CAD,2.0
1316075400.0,15232.0,30600,CAD,2.0
1316075400.0,15232.0,30600,CAD,1.0
1316161800.0,15233.0,30600,CAD,2.0
1316440800.0,15236.0,50400,CAD,2.0
1316507400.0,15237.0,30600,CAD,2.0
1316507400.0,15237.0,30600,CAD,2.0
1316519100.0,15237.0,42300,CAD,2.0
1316588400.0,15238.0,25200,CAD,3.0
1316588400.0,15238.0,25200,CAD,2.0
1316680200.0,15239.0,30600,CAD,3.0
1316680200.0,15239.0,30600,CAD,2.0
1316939400.0,15242.0,30600,CAD,2.0
1317139800.0,15244.0,58200,CAD,1.0
1317285000.0,15246.0,30600,CAD,1.0
1317285000.0,15246.0,30600,CAD,2.0
1317371400.0,15247.0,30600,CAD,3.0
1317889800.0,15253.0,30600,CAD,3.0
1317895200.0,15253.0,36000,CAD,3.0
1317970800.0,15254.0,25200,CAD,3.0
1317970800.0,15254.0,25200,CAD,3.0
1318204860.0,15257.0,60,CAD,1.0
1318320900.0,15258.0,29700,CAD,3.0
1318408200.0,15259.0,30600,CAD,2.0
1318494600.0,15260.0,30600,CAD,3.0
1318581000.0,15261.0,30600,CAD,2.0
1318840200.0,15264.0,30600,CAD,2.0
1318840200.0,15264.0,30600,CAD,1.0
1318847400.0,15264.0,37800,CAD,3.0
1319013000.0,15266.0,30600,CAD,2.0
1319099400.0,15267.0,30600,CAD,2.0
1319180400.0,15268.0,25200,CAD,3.0
1319180400.0,15268.0,25200,CAD,2.0
1319531400.0,15272.0,30600,CAD,3.0
1319531400.0,15272.0,30600,CAD,2.0
1319533200.0,15272.0,32400,CAD,3.0
1319533200.0,15272.0,32400,CAD,3.0
1319625000.0,15273.0,37800,CAD,3.0
1319627700.0,15273.0,40500,CAD,3.0
1319648400.0,15273.0,61200,CAD,2.0
1320049800.0,15278.0,30600,CAD,3.0
1320049800.0,15278.0,30600,CAD,1.0
1320049800.0,15278.0,30600,CAD,2.0
1320141600.0,15279.0,36000,CAD,3.0
1320250500.0,15280.0,58500,CAD,3.0
1320258600.0,15280.0,66600,CAD,3.0
1320390000.0,15282.0,25200,CAD,3.0
1320390000.0,15282.0,25200,CAD,3.0
1320395400.0,15282.0,30600,CAD,3.0
1320400740.0,15282.0,35940,CAD,3.0
1320548400.0,15284.0,10800,CAD,1.0
1320743100.0,15286.0,32700,CAD,2.0
1320743640.0,15286.0,33240,CAD,3.0
1320831000.0,15287.0,34200,CAD,2.0
1320917400.0,15288.0,34200,CAD,3.0
1320969660.0,15289.0,60,CAD,1.0
1321279200.0,15292.0,50400,CAD,2.0
1321349400.0,15293.0,34200,CAD,2.0
1321349400.0,15293.0,34200,CAD,1.0
1321522200.0,15295.0,34200,CAD,2.0
1321529400.0,15295.0,41400,CAD,1.0
1321568100.0,15295.0,80100,CAD,2.0
1321603200.0,15296.0,28800,CAD,3.0
1321603200.0,15296.0,28800,CAD,2.0
1321608600.0,15296.0,34200,CAD,2.0
1321867800.0,15299.0,34200,CAD,2.0
1321954200.0,15300.0,34200,CAD,3.0
1321954200.0,15300.0,34200,CAD,2.0
1322055600.0,15301.0,49200,CAD,2.0
1322127000.0,15302.0,34200,CAD,1.0
1322559000.0,15307.0,34200,CAD,2.0
1322598600.0,15307.0,73800,CAD,2.0
1322645400.0,15308.0,34200,CAD,3.0
1322645400.0,15308.0,34200,CAD,1.0
1322645400.0,15308.0,34200,CAD,2.0
1322812800.0,15310.0,28800,CAD,3.0
1322812800.0,15310.0,28800,CAD,3.0
1323163800.0,15314.0,34200,CAD,3.0
1323165600.0,15314.0,36000,CAD,3.0
1323165600.0,15314.0,36000,CAD,3.0
1323169200.0,15314.0,39600,CAD,3.0
1323335700.0,15316.0,33300,CAD,3.0
1323336600.0,15316.0,34200,CAD,2.0
1323423000.0,15317.0,34200,CAD,2.0
1323423000.0,15317.0,34200,CAD,3.0
1323699000.0,15320.0,51000,CAD,2.0
1323855000.0,15322.0,34200,CAD,2.0
1323855000.0,15322.0,34200,CAD,2.0
1323855000.0,15322.0,34200,CAD,1.0
1323941400.0,15323.0,34200,CAD,2.0
1324027800.0,15324.0,34200,CAD,2.0
1324287000.0,15327.0,34200,CAD,2.0
1324368000.0,15328.0,28800,CAD,3.0
1324368000.0,15328.0,28800,CAD,2.0
1324459800.0,15329.0,34200,CAD,3.0
1324459800.0,15329.0,34200,CAD,2.0
1324632600.0,15331.0,34200,CAD,3.0
1324857660.0,15334.0,60,CAD,1.0
1324944060.0,15335.0,60,CAD,1.0
1325462460.0,15341.0,60,CAD,1.0
1325755800.0,15344.0,34200,CAD,1.0
1325755800.0,15344.0,34200,CAD,2.0
1325761320.0,15344.0,39720,CAD,3.0
1325836800.0,15345.0,28800,CAD,3.0
1325836800.0,15345.0,28800,CAD,3.0
1326101400.0,15348.0,34200,CAD,3.0
1326108600.0,15348.0,41400,CAD,3.0
1326186840.0,15349.0,33240,CAD,2.0
1326360600.0,15351.0,34200,CAD,2.0
1326447000.0,15352.0,34200,CAD,3.0
1326706200.0,15355.0,34200,CAD,1.0
1326792600.0,15356.0,34200,CAD,2.0
1326794400.0,15356.0,36000,CAD,3.0
1326794400.0,15356.0,36000,CAD,3.0
1326886200.0,15357.0,41400,CAD,3.0
1326888900.0,15357.0,44100,CAD,3.0
1326965400.0,15358.0,34200,CAD,2.0
1327046400.0,15359.0,28800,CAD,3.0
1327046400.0,15359.0,28800,CAD,2.0
1327051800.0,15359.0,34200,CAD,2.0
1327311000.0,15362.0,34200,CAD,2.0
1327397400.0,15363.0,34200,CAD,3.0
1327397400.0,15363.0,34200,CAD,2.0
1327464000.0,15364.0,14400,CAD,2.0
1327728600.0,15367.0,19800,CAD,2.0
1328002200.0,15370.0,34200,CAD,3.0
1328002200.0,15370.0,34200,CAD,1.0
1328002200.0,15370.0,34200,CAD,2.0
1328256000.0,15373.0,28800,CAD,3.0
1328256000.0,15373.0,28800,CAD,3.0
1328526000.0,15376.0,39600,CAD,3.0
1328605500.0,15377.0,32700,CAD,1.0
1328607000.0,15377.0,34200,CAD,3.0
1328692380.0,15378.0,33180,CAD,2.0
1328779800.0,15379.0,34200,CAD,2.0
1328866200.0,15380.0,34200,CAD,3.0
1329211800.0,15384.0,34200,CAD,1.0
1329384600.0,15386.0,34200,CAD,2.0
1329384600.0,15386.0,34200,CAD,2.0
1329465600.0,15387.0,28800,CAD,3.0
1329465600.0,15387.0,28800,CAD,2.0
1329471000.0,15387.0,34200,CAD,2.0
1329816600.0,15391.0,34200,CAD,3.0
1329816600.0,15391.0,34200,CAD,2.0
1329816600.0,15391.0,34200,CAD,2.0
1329989400.0,15393.0,34200,CAD,1.0
1329996600.0,15393.0,41400,CAD,1.0
1330081200.0,15394.0,39600,CAD,2.0
1330594200.0,15400.0,34200,CAD,2.0
1330594200.0,15400.0,34200,CAD,1.0
1330594200.0,15400.0,34200,CAD,2.0
1330680600.0,15401.0,34200,CAD,3.0
1331031600.0,15405.0,39600,CAD,3.0
1331112600.0,15406.0,34200,CAD,3.0
1331198100.0,15407.0,33300,CAD,2.0
1331199000.0,15407.0,34200,CAD,2.0
1331200800.0,15407.0,36000,CAD,3.0
1331200800.0,15407.0,36000,CAD,3.0
1331280000.0,15408.0,28800,CAD,3.0
1331280000.0,15408.0,28800,CAD,3.0
1331285400.0,15408.0,34200,CAD,2.0
1331285400.0,15408.0,34200,CAD,3.0
1331434800.0,15410.0,10800,CAD,1.0
1331555400.0,15411.0,45000,CAD,1.0
1331713800.0,15413.0,30600,CAD,2.0
1331713800.0,15413.0,30600,CAD,1.0
1331886600.0,15415.0,30600,CAD,2.0
1331886600.0,15415.0,30600,CAD,2.0
1332145800.0,15418.0,30600,CAD,2.0
1332318600.0,15420.0,30600,CAD,2.0
1332405000.0,15421.0,30600,CAD,3.0
1332405000.0,15421.0,30600,CAD,2.0
1332486000.0,15422.0,25200,CAD,3.0
1332486000.0,15422.0,25200,CAD,2.0
1332766800.0,15425.0,46800,CAD,2.0
1333009800.0,15428.0,30600,CAD,1.0
1333009800.0,15428.0,30600,CAD,2.0
1333036800.0,15428.0,57600,CAD,2.0
1333096200.0,15429.0,30600,CAD,3.0
1333369800.0,15432.0,45000,CAD,2.0
1333541400.0,15434.0,43800,CAD,2.0
1333614600.0,15435.0,30600,CAD,3.0
1333614600.0,15435.0,30600,CAD,3.0
1333614600.0,15435.0,30600,CAD,3.0
1333620000.0,15435.0,36000,CAD,3.0
1333670460.0,15436.0,60,CAD,1.0
1333967400.0,15439.0,37800,CAD,3.0
1334131980.0,15441.0,29580,CAD,2.0
1334219400.0,15442.0,30600,CAD,2.0
1334219400.0,15442.0,30600,CAD,3.0
1334565000.0,15446.0,30600,CAD,2.0
1334651400.0,15447.0,30600,CAD,2.0
1334651400.0,15447.0,30600,CAD,1.0
1334653200.0,15447.0,32400,CAD,3.0
1334653200.0,15447.0,32400,CAD,3.0
1334745000.0,15448.0,37800,CAD,3.0
1334747700.0,15448.0,40500,CAD,3.0
1334910600.0,15450.0,30600,CAD,3.0
1334910600.0,15450.0,30600,CAD,2.0
1334910600.0,15450.0,30600,CAD,1.0
1335169800.0,15453.0,30600,CAD,2.0
1335256200.0,15454.0,30600,CAD,3.0
1335256200.0,15454.0,30600,CAD,2.0
1335281400.0,15454.0,55800,CAD,3.0
1335370500.0,15455.0,58500,CAD,3.0
1335515100.0,15457.0,30300,CAD,2.0
1335774600.0,15460.0,30600,CAD,3.0
1335774600.0,15460.0,30600,CAD,2.0
1335774600.0,15460.0,30600,CAD,1.0
1335774600.0,15460.0,30600,CAD,2.0
1335877500.0,15461.0,47100,CAD,2.0
1336125600.0,15464.0,36000,CAD,3.0
1336379400.0,15467.0,30600,CAD,3.0
1336411800.0,15467.0,63000,CAD,2.0
1336464780.0,15468.0,29580,CAD,2.0
1336638600.0,15470.0,30600,CAD,1.0
1336638600.0,15470.0,30600,CAD,3.0
1336725000.0,15471.0,30600,CAD,3.0
1336725000.0,15471.0,30600,CAD,3.0
1337157000.0,15476.0,30600,CAD,2.0
1337243400.0,15477.0,30600,CAD,2.0
1337243400.0,15477.0,30600,CAD,2.0
1337250600.0,15477.0,37800,CAD,1.0
1337329800.0,15478.0,30600,CAD,3.0
1337329800.0,15478.0,30600,CAD,2.0
1337558460.0,15481.0,60,CAD,1.0
1337761800.0,15483.0,30600,CAD,3.0
1337761800.0,15483.0,30600,CAD,1.0
1337761800.0,15483.0,30600,CAD,2.0
1337848200.0,15484.0,30600,CAD,1.0
1338366600.0,15490.0,30600,CAD,1.0
1338366600.0,15490.0,30600,CAD,2.0
1338453000.0,15491.0,30600,CAD,2.0
1338539400.0,15492.0,30600,CAD,3.0
1338885000.0,15496.0,30600,CAD,3.0
1338886800.0,15496.0,32400,CAD,3.0
1338886800.0,15496.0,32400,CAD,3.0
1339063200.0,15498.0,36000,CAD,3.0
1339143180.0,15499.0,29580,CAD,2.0
1339144200.0,15499.0,30600,CAD,3.0
1339144200.0,15499.0,30600,CAD,2.0
1339144200.0,15499.0,30600,CAD,3.0
1339144200.0,15499.0,30600,CAD,3.0
1339662600.0,15505.0,30600,CAD,1.0
1339662600.0,15505.0,30600,CAD,2.0
1339679100.0,15505.0,47100,CAD,1.0
1339749000.0,15506.0,30600,CAD,2.0
1340008200.0,15509.0,30600,CAD,2.0
1340094600.0,15510.0,30600,CAD,2.0
1340267400.0,15512.0,30600,CAD,3.0
1340267400.0,15512.0,30600,CAD,2.0
1340279100.0,15512.0,42300,CAD,2.0
1340353800.0,15513.0,30600,CAD,3.0
1340353800.0,15513.0,30600,CAD,2.0
1340958600.0,15520.0,30600,CAD,3.0
1340958600.0,15520.0,30600,CAD,1.0
1340958600.0,15520.0,30600,CAD,2.0
1341187260.0,15523.0,60,CAD,1.0
1341563400.0,15527.0,30600,CAD,3.0
1341563400.0,15527.0,30600,CAD,3.0
1341563400.0,15527.0,30600,CAD,3.0
1341568800.0,15527.0,36000,CAD,3.0
1341829800.0,15530.0,37800,CAD,3.0
1341907980.0,15531.0,29580,CAD,2.0
1341995400.0,15532.0,30600,CAD,3.0
1342081800.0,15533.0,30600,CAD,2.0
1342427400.0,15537.0,30600,CAD,2.0
1342513800.0,15538.0,30600,CAD,2.0
1342515600.0,15538.0,32400,CAD,3.0
1342515600.0,15538.0,32400,CAD,3.0
1342607400.0,15539.0,37800,CAD,3.0
1342610100.0,15539.0,40500,CAD,3.0
1342686600.0,15540.0,30600,CAD,2.0
1342773000.0,15541.0,30600,CAD,3.0
1342773000.0,15541.0,30600,CAD,2.0
1343118600.0,15545.0,30600,CAD,3.0
1343118600.0,15545.0,30600,CAD,2.0
1343723400.0,15552.0,30600,CAD,3.0
1343723400.0,15552.0,30600,CAD,1.0
1343723400.0,15552.0,30600,CAD,2.0
1344211260.0,15558.0,60,CAD,1.0
1344328200.0,15559.0,30600,CAD,3.0
1344333600.0,15559.0,36000,CAD,3.0
1344406800.0,15560.0,22800,CAD,2.0
1344500100.0,15561.0,29700,CAD,2.0
1344501000.0,15561.0,30600,CAD,2.0
1344501000.0,15561.0,30600,CAD,3.0
1344587400.0,15562.0,30600,CAD,3.0
1344587400.0,15562.0,30600,CAD,3.0
1345105800.0,15568.0,30600,CAD,2.0
1345105800.0,15568.0,30600,CAD,2.0
1345113000.0,15568.0,37800,CAD,1.0
1345192200.0,15569.0,30600,CAD,3.0
1345192200.0,15569.0,30600,CAD,2.0
1345537800.0,15573.0,30600,CAD,2.0
1345554000.0,15573.0,46800,CAD,1.0
1345624200.0,15574.0,30600,CAD,3.0
1345624200.0,15574.0,30600,CAD,2.0
1345633200.0,15574.0,39600,CAD,3.0
1346142600.0,15580.0,30600,CAD,1.0
1346229000.0,15581.0,30600,CAD,1.0
1346229000.0,15581.0,30600,CAD,2.0
1346315400.0,15582.0,30600,CAD,2.0
1346401800.0,15583.0,30600,CAD,3.0
1346630460.0,15586.0,60,CAD,1.0
1346835600.0,15588.0,32400,CAD,3.0
1346835600.0,15588.0,32400,CAD,3.0
1347006600.0,15590.0,30600,CAD,3.0
1347006600.0,15590.0,30600,CAD,3.0
1347006600.0,15590.0,30600,CAD,2.0
1347006600.0,15590.0,30600,CAD,3.0
1347012000.0,15590.0,36000,CAD,3.0
1347018000.0,15590.0,42000,CAD,2.0
1347351180.0,15594.0,29580,CAD,1.0
1347352200.0,15594.0,30600,CAD,3.0
1347525000.0,15596.0,30600,CAD,1.0
1347525000.0,15596.0,30600,CAD,2.0
1347611400.0,15597.0,30600,CAD,2.0
1347870600.0,15600.0,30600,CAD,2.0
1348216200.0,15604.0,30600,CAD,3.0
1348216200.0,15604.0,30600,CAD,2.0
1348216200.0,15604.0,30600,CAD,2.0
1348498800.0,15607.0,54000,CAD,2.0
1348561800.0,15608.0,30600,CAD,3.0
1348561800.0,15608.0,30600,CAD,2.0
1348582500.0,15608.0,51300,CAD,2.0
1348821000.0,15611.0,30600,CAD,3.0
1349080200.0,15614.0,30600,CAD,1.0
1349080200.0,15614.0,30600,CAD,2.0
1349341800.0,15617.0,33000,CAD,1.0
1349344800.0,15617.0,36000,CAD,3.0
1349425800.0,15618.0,30600,CAD,3.0
1349425800.0,15618.0,30600,CAD,3.0
1349425800.0,15618.0,30600,CAD,3.0
1349654460.0,15621.0,60,CAD,1.0
1349770200.0,15622.0,29400,CAD,1.0
1349944200.0,15624.0,30600,CAD,2.0
1349944200.0,15624.0,30600,CAD,3.0
1350297000.0,15628.0,37800,CAD,3.0
1350314400.0,15628.0,55200,CAD,2.0
1350376200.0,15629.0,30600,CAD,2.0
1350376200.0,15629.0,30600,CAD,2.0
1350549000.0,15631.0,30600,CAD,2.0
1350635400.0,15632.0,30600,CAD,3.0
1350635400.0,15632.0,30600,CAD,2.0
1350977400.0,15636.0,27000,CAD,3.0
1350977400.0,15636.0,27000,CAD,2.0
1350979200.0,15636.0,28800,CAD,3.0
1350979200.0,15636.0,28800,CAD,3.0
1351071000.0,15637.0,34200,CAD,3.0
1351073700.0,15637.0,36900,CAD,3.0
1351582200.0,15643.0,27000,CAD,1.0
1351582200.0,15643.0,27000,CAD,2.0
1351607400.0,15643.0,52200,CAD,2.0
1351668600.0,15644.0,27000,CAD,3.0
1351688400.0,15644.0,46800,CAD,2.0
1351841400.0,15646.0,27000,CAD,3.0
1351841400.0,15646.0,27000,CAD,3.0
1351994400.0,15648.0,7200,CAD,1.0
1352104200.0,15649.0,30600,CAD,3.0
1352196000.0,15650.0,36000,CAD,3.0
1352362320.0,15652.0,29520,CAD,1.0
1352363400.0,15652.0,30600,CAD,2.0
1352363400.0,15652.0,30600,CAD,3.0
1352380200.0,15652.0,47400,CAD,2.0
1352678460.0,15656.0,60,CAD,1.0
1352968200.0,15659.0,30600,CAD,2.0
1352975400.0,15659.0,37800,CAD,1.0
1353054600.0,15660.0,30600,CAD,2.0
1353400200.0,15664.0,30600,CAD,2.0
1353497700.0,15665.0,41700,CAD,2.0
1353573000.0,15666.0,30600,CAD,3.0
1353573000.0,15666.0,30600,CAD,2.0
1353659400.0,15667.0,30600,CAD,3.0
1353659400.0,15667.0,30600,CAD,2.0
1354005000.0,15671.0,30600,CAD,1.0
1354177800.0,15673.0,30600,CAD,2.0
1354177800.0,15673.0,30600,CAD,1.0
1354177800.0,15673.0,30600,CAD,2.0
1354264200.0,15674.0,30600,CAD,3.0
1354611600.0,15678.0,32400,CAD,3.0
1354611600.0,15678.0,32400,CAD,3.0
1354782600.0,15680.0,30600,CAD,3.0
1354788000.0,15680.0,36000,CAD,3.0
1354869000.0,15681.0,30600,CAD,3.0
1354869000.0,15681.0,30600,CAD,2.0
1354869000.0,15681.0,30600,CAD,3.0
1355127300.0,15684.0,29700,CAD,1.0
1355214600.0,15685.0,30600,CAD,3.0
1355232000.0,15685.0,48000,CAD,2.0
1355387400.0,15687.0,30600,CAD,1.0
1355387400.0,15687.0,30600,CAD,2.0
1355473800.0,15688.0,30600,CAD,2.0
1355733000.0,15691.0,30600,CAD,2.0
1355905800.0,15693.0,30600,CAD,2.0
1355992200.0,15694.0,30600,CAD,3.0
1355992200.0,15694.0,30600,CAD,2.0
1356078600.0,15695.0,30600,CAD,3.0
1356078600.0,15695.0,30600,CAD,2.0
1356078600.0,15695.0,30600,CAD,3.0
1356393660.0,15699.0,60,CAD,1.0
1356480060.0,15700.0,60,CAD,1.0
1356998460.0,15706.0,60,CAD,1.0
1357288200.0,15709.0,30600,CAD,3.0
1357288200.0,15709.0,30600,CAD,1.0
1357288200.0,15709.0,30600,CAD,2.0
1357288200.0,15709.0,30600,CAD,3.0
1357552800.0,15712.0,36000,CAD,3.0
1357719180.0,15714.0,29580,CAD,1.0
1357806600.0,15715.0,30600,CAD,3.0
1357806600.0,15715.0,30600,CAD,2.0
1357833600.0,15715.0,57600,CAD,1.0
1357893000.0,15716.0,30600,CAD,3.0
1358159400.0,15719.0,37800,CAD,2.0
1358411400.0,15722.0,30600,CAD,2.0
1358497800.0,15723.0,30600,CAD,2.0
1358757000.0,15726.0,30600,CAD,2.0
1358843400.0,15727.0,30600,CAD,3.0
1358843400.0,15727.0,30600,CAD,2.0
1358935200.0,15728.0,36000,CAD,3.0
1358935200.0,15728.0,36000,CAD,3.0
1358935200.0,15728.0,36000,CAD,3.0
1358939700.0,15728.0,40500,CAD,3.0
1359102600.0,15730.0,30600,CAD,3.0
1359102600.0,15730.0,30600,CAD,2.0
1359370800.0,15733.0,39600,CAD,2.0
1359621000.0,15736.0,30600,CAD,3.0
1359621000.0,15736.0,30600,CAD,1.0
1359621000.0,15736.0,30600,CAD,2.0
1360144800.0,15742.0,36000,CAD,3.0
1360225800.0,15743.0,30600,CAD,3.0
1360225800.0,15743.0,30600,CAD,2.0
1360311180.0,15744.0,29580,CAD,1.0
1360312200.0,15744.0,30600,CAD,3.0
1360312200.0,15744.0,30600,CAD,3.0
1360312200.0,15744.0,30600,CAD,3.0
1360599300.0,15747.0,58500,CAD,2.0
1360658700.0,15748.0,31500,CAD,3.0
1360917000.0,15751.0,30600,CAD,2.0
1361262600.0,15755.0,30600,CAD,2.0
1361262600.0,15755.0,30600,CAD,2.0
1361442600.0,15757.0,37800,CAD,1.0
1361521800.0,15758.0,30600,CAD,3.0
1361521800.0,15758.0,30600,CAD,3.0
1361521800.0,15758.0,30600,CAD,2.0
1361521800.0,15758.0,30600,CAD,2.0
1361794500.0,15761.0,44100,CAD,2.0
1361867400.0,15762.0,30600,CAD,1.0
1362040200.0,15764.0,30600,CAD,2.0
1362040200.0,15764.0,30600,CAD,1.0
1362040200.0,15764.0,30600,CAD,2.0
1362126600.0,15765.0,30600,CAD,3.0
1362564000.0,15770.0,36000,CAD,3.0
1362564000.0,15770.0,36000,CAD,3.0
1362564000.0,15770.0,36000,CAD,3.0
1362645000.0,15771.0,30600,CAD,3.0
1362645000.0,15771.0,30600,CAD,3.0
1362730380.0,15772.0,29580,CAD,1.0
1362731400.0,15772.0,30600,CAD,3.0
1362731400.0,15772.0,30600,CAD,2.0
1362731400.0,15772.0,30600,CAD,3.0
1362884400.0,15774.0,10800,CAD,1.0
1363249800.0,15778.0,30600,CAD,1.0
1363249800.0,15778.0,30600,CAD,2.0
1363595400.0,15782.0,30600,CAD,2.0
1363681800.0,15783.0,30600,CAD,3.0
1363681800.0,15783.0,30600,CAD,2.0
1363854600.0,15785.0,30600,CAD,3.0
1363854600.0,15785.0,30600,CAD,2.0
1364301900.0,15790.0,45900,CAD,1.0
1364373000.0,15791.0,30600,CAD,3.0
1364373000.0,15791.0,30600,CAD,2.0
1364459400.0,15792.0,30600,CAD,3.0
1364459400.0,15792.0,30600,CAD,1.0
1364459400.0,15792.0,30600,CAD,2.0
1364515260.0,15793.0,60,CAD,1.0
1364905200.0,15797.0,44400,CAD,2.0
1365150600.0,15800.0,30600,CAD,3.0
1365150600.0,15800.0,30600,CAD,3.0
1365150600.0,15800.0,30600,CAD,3.0
1365156000.0,15800.0,36000,CAD,3.0
1365417000.0,15803.0,37800,CAD,2.0
1365495180.0,15804.0,29580,CAD,1.0
1365496200.0,15804.0,30600,CAD,3.0
1365669000.0,15806.0,30600,CAD,2.0
1366101000.0,15811.0,30600,CAD,2.0
1366101000.0,15811.0,30600,CAD,3.0
1366192800.0,15812.0,36000,CAD,3.0
1366192800.0,15812.0,36000,CAD,3.0
1366192800.0,15812.0,36000,CAD,3.0
1366197300.0,15812.0,40500,CAD,3.0
1366282800.0,15813.0,39600,CAD,2.0
1366360200.0,15814.0,30600,CAD,3.0
1366360200.0,15814.0,30600,CAD,2.0
1366360200.0,15814.0,30600,CAD,2.0
1366705800.0,15818.0,30600,CAD,3.0
1366705800.0,15818.0,30600,CAD,2.0
1366706700.0,15818.0,31500,CAD,3.0
1366820100.0,15819.0,58500,CAD,3.0
1367310600.0,15825.0,30600,CAD,3.0
1367310600.0,15825.0,30600,CAD,1.0
1367310600.0,15825.0,30600,CAD,2.0
1367431500.0,15826.0,65100,CAD,2.0
1367483400.0,15827.0,30600,CAD,3.0
1367586300.0,15828.0,47100,CAD,2.0
1367829000.0,15831.0,30600,CAD,3.0
1367834400.0,15831.0,36000,CAD,3.0
1368000840.0,15833.0,29640,CAD,1.0
1368088200.0,15834.0,30600,CAD,2.0
1368174600.0,15835.0,30600,CAD,3.0
1368174600.0,15835.0,30600,CAD,3.0
1368606600.0,15840.0,30600,CAD,3.0
1368693000.0,15841.0,30600,CAD,2.0
1368700200.0,15841.0,37800,CAD,1.0
1368779400.0,15842.0,30600,CAD,3.0
1368779400.0,15842.0,30600,CAD,2.0
1368779400.0,15842.0,30600,CAD,2.0
1369008060.0,15845.0,60,CAD,1.0
1369211400.0,15847.0,30600,CAD,3.0
1369211400.0,15847.0,30600,CAD,2.0
1369729800.0,15853.0,30600,CAD,1.0
1369821600.0,15854.0,36000,CAD,3.0
1369821600.0,15854.0,36000,CAD,3.0
1369902600.0,15855.0,30600,CAD,2.0
1369902600.0,15855.0,30600,CAD,1.0
1369902600.0,15855.0,30600,CAD,2.0
1369989000.0,15856.0,30600,CAD,3.0
1370291100.0,15859.0,73500,CAD,2.0
1370297700.0,15859.0,80100,CAD,2.0
1370334600.0,15860.0,30600,CAD,3.0
1370421000.0,15861.0,30600,CAD,3.0
1370508300.0,15862.0,31500,CAD,3.0
1370512800.0,15862.0,36000,CAD,3.0
1370593800.0,15863.0,30600,CAD,3.0
1370593800.0,15863.0,30600,CAD,2.0
1370593800.0,15863.0,30600,CAD,3.0
1370851980.0,15866.0,29580,CAD,1.0
1371112200.0,15869.0,30600,CAD,1.0
1371112200.0,15869.0,30600,CAD,2.0
1371198600.0,15870.0,30600,CAD,3.0
1371457800.0,15873.0,30600,CAD,2.0
1371630600.0,15875.0,30600,CAD,2.0
1371645600.0,15875.0,45600,CAD,3.0
1371803400.0,15877.0,30600,CAD,3.0
1371803400.0,15877.0,30600,CAD,3.0
1371803400.0,15877.0,30600,CAD,2.0
1371803400.0,15877.0,30600,CAD,2.0
1372248000.0,15882.0,43200,CAD,2.0
1372408200.0,15884.0,30600,CAD,3.0
1372408200.0,15884.0,30600,CAD,1.0
1372408200.0,15884.0,30600,CAD,2.0
1372636860.0,15887.0,60,CAD,1.0
1372840200.0,15889.0,30600,CAD,3.0
1373013000.0,15891.0,30600,CAD,3.0
1373013000.0,15891.0,30600,CAD,3.0
1373018400.0,15891.0,36000,CAD,3.0
1373272200.0,15894.0,30600,CAD,3.0
1373279400.0,15894.0,37800,CAD,2.0
1373357580.0,15895.0,29580,CAD,1.0
1373531400.0,15897.0,30600,CAD,2.0
1373963400.0,15902.0,30600,CAD,3.0
1374049800.0,15903.0,30600,CAD,2.0
1374055200.0,15903.0,36000,CAD,3.0
1374055200.0,15903.0,36000,CAD,3.0
1374055200.0,15903.0,36000,CAD,3.0
1374059700.0,15903.0,40500,CAD,3.0
1374136200.0,15904.0,30600,CAD,2.0
1374222600.0,15905.0,30600,CAD,3.0
1374222600.0,15905.0,30600,CAD,2.0
1374568200.0,15909.0,30600,CAD,3.0
1374568200.0,15909.0,30600,CAD,2.0
1375173000.0,15916.0,30600,CAD,1.0
1375173000.0,15916.0,30600,CAD,2.0
1375259400.0,15917.0,30600,CAD,3.0
1375660860.0,15922.0,60,CAD,1.0
1375777800.0,15923.0,30600,CAD,3.0
1375864200.0,15924.0,30600,CAD,3.0
1375869600.0,15924.0,36000,CAD,3.0
1375950600.0,15925.0,30600,CAD,2.0
1376035980.0,15926.0,29580,CAD,1.0
1376037000.0,15926.0,30600,CAD,3.0
1376037000.0,15926.0,30600,CAD,3.0
1376562600.0,15932.0,37800,CAD,1.0
1376641800.0,15933.0,30600,CAD,2.0
1376641800.0,15933.0,30600,CAD,3.0
1376987400.0,15937.0,30600,CAD,2.0
1377160200.0,15939.0,30600,CAD,3.0
1377160200.0,15939.0,30600,CAD,2.0
1377246600.0,15940.0,30600,CAD,3.0
1377246600.0,15940.0,30600,CAD,2.0
1377592200.0,15944.0,30600,CAD,1.0
1377607500.0,15944.0,45900,CAD,2.0
1377765000.0,15946.0,30600,CAD,2.0
1377765000.0,15946.0,30600,CAD,1.0
1377765000.0,15946.0,30600,CAD,2.0
1377851400.0,15947.0,30600,CAD,3.0
1378080060.0,15950.0,60,CAD,1.0
1378283400.0,15952.0,30600,CAD,3.0
1378288800.0,15952.0,36000,CAD,3.0
1378288800.0,15952.0,36000,CAD,3.0
1378456200.0,15954.0,30600,CAD,3.0
1378456200.0,15954.0,30600,CAD,2.0
1378456200.0,15954.0,30600,CAD,3.0
1378461600.0,15954.0,36000,CAD,3.0
1378715400.0,15957.0,30600,CAD,3.0
1378800780.0,15958.0,29580,CAD,1.0
1378974600.0,15960.0,30600,CAD,2.0
1379061000.0,15961.0,30600,CAD,1.0
1379320200.0,15964.0,30600,CAD,2.0
1379406600.0,15965.0,30600,CAD,3.0
1379500800.0,15966.0,38400,CAD,2.0
1379579400.0,15967.0,30600,CAD,2.0
1379665800.0,15968.0,30600,CAD,3.0
1379665800.0,15968.0,30600,CAD,2.0
1380011400.0,15972.0,30600,CAD,3.0
1380011400.0,15972.0,30600,CAD,2.0
1380025800.0,15972.0,45000,CAD,2.0
1380529800.0,15978.0,30600,CAD,3.0
1380529800.0,15978.0,30600,CAD,1.0
1380529800.0,15978.0,30600,CAD,2.0
1380628500.0,15979.0,42900,CAD,1.0
1380880800.0,15982.0,36000,CAD,3.0
1381134600.0,15985.0,30600,CAD,3.0
1381219980.0,15986.0,29580,CAD,1.0
1381221000.0,15986.0,30600,CAD,3.0
1381393800.0,15988.0,30600,CAD,2.0
1381480200.0,15989.0,30600,CAD,3.0
1381480200.0,15989.0,30600,CAD,3.0
1381487400.0,15989.0,37800,CAD,2.0
1381493700.0,15989.0,44100,CAD,1.0
1381507200.0,15989.0,57600,CAD,2.0
1381708860.0,15992.0,60,CAD,1.0
1381912200.0,15994.0,30600,CAD,3.0
1381998600.0,15995.0,30600,CAD,2.0
1382085000.0,15996.0,30600,CAD,3.0
1382085000.0,15996.0,30600,CAD,2.0
1382340600.0,15999.0,27000,CAD,2.0
1382427000.0,16000.0,27000,CAD,3.0
1382427000.0,16000.0,27000,CAD,2.0
1382518800.0,16001.0,32400,CAD,3.0
1382518800.0,16001.0,32400,CAD,3.0
1382518800.0,16001.0,32400,CAD,3.0
1382523300.0,16001.0,36900,CAD,3.0
1383031800.0,16007.0,27000,CAD,1.0
1383031800.0,16007.0,27000,CAD,2.0
1383044400.0,16007.0,39600,CAD,3.0
1383050400.0,16007.0,45600,CAD,1.0
1383204600.0,16009.0,27000,CAD,3.0
1383444000.0,16012.0,7200,CAD,1.0
1383570600.0,16013.0,47400,CAD,2.0
1383726600.0,16015.0,30600,CAD,3.0
1383732000.0,16015.0,36000,CAD,3.0
1383898380.0,16017.0,29580,CAD,1.0
1383899400.0,16017.0,30600,CAD,3.0
1383899400.0,16017.0,30600,CAD,3.0
1384128060.0,16020.0,60,CAD,1.0
1384417800.0,16023.0,30600,CAD,2.0
1384417800.0,16023.0,30600,CAD,3.0
1384425000.0,16023.0,37800,CAD,1.0
1384504200.0,16024.0,30600,CAD,3.0
1384763400.0,16027.0,30600,CAD,2.0
1384772400.0,16027.0,39600,CAD,1.0
1384883100.0,16028.0,63900,CAD,2.0
1384936200.0,16029.0,30600,CAD,2.0
1384964100.0,16029.0,58500,CAD,3.0
1385109000.0,16031.0,30600,CAD,3.0
1385109000.0,16031.0,30600,CAD,3.0
1385109000.0,16031.0,30600,CAD,2.0
1385109000.0,16031.0,30600,CAD,2.0
1385454600.0,16035.0,30600,CAD,1.0
1385627400.0,16037.0,30600,CAD,2.0
1385627400.0,16037.0,30600,CAD,1.0
1385627400.0,16037.0,30600,CAD,2.0
1385713800.0,16038.0,30600,CAD,3.0
1386145800.0,16043.0,30600,CAD,3.0
1386151200.0,16043.0,36000,CAD,3.0
1386151200.0,16043.0,36000,CAD,3.0
1386232200.0,16044.0,30600,CAD,3.0
1386237600.0,16044.0,36000,CAD,3.0
1386318600.0,16045.0,30600,CAD,3.0
1386318600.0,16045.0,30600,CAD,2.0
1386318600.0,16045.0,30600,CAD,3.0
1386576780.0,16048.0,29580,CAD,1.0
1386837000.0,16051.0,30600,CAD,1.0
1386837000.0,16051.0,30600,CAD,2.0
1386853500.0,16051.0,47100,CAD,3.0
1387182600.0,16055.0,30600,CAD,2.0
1387269000.0,16056.0,30600,CAD,3.0
1387355400.0,16057.0,30600,CAD,2.0
1387528200.0,16059.0,30600,CAD,3.0
1387528200.0,16059.0,30600,CAD,3.0
1387528200.0,16059.0,30600,CAD,2.0
1387528200.0,16059.0,30600,CAD,2.0
1387787400.0,16062.0,30600,CAD,3.0
1387929660.0,16064.0,60,CAD,1.0
1388016060.0,16065.0,60,CAD,1.0
1388534460.0,16071.0,60,CAD,1.0
1388997000.0,16076.0,30600,CAD,1.0
1388997000.0,16076.0,30600,CAD,2.0
1389083400.0,16077.0,30600,CAD,3.0
1389088800.0,16077.0,36000,CAD,3.0
1389255180.0,16079.0,29580,CAD,1.0
1389256200.0,16079.0,30600,CAD,3.0
1389256200.0,16079.0,30600,CAD,2.0
1389342600.0,16080.0,30600,CAD,3.0
1389342600.0,16080.0,30600,CAD,3.0
1389612600.0,16083.0,41400,CAD,2.0
1389864600.0,16086.0,34200,CAD,2.0
1390296600.0,16091.0,34200,CAD,3.0
1390296600.0,16091.0,34200,CAD,2.0
1390388400.0,16092.0,39600,CAD,3.0
1390388400.0,16092.0,39600,CAD,3.0
1390388400.0,16092.0,39600,CAD,2.0
1390392900.0,16092.0,44100,CAD,3.0
1390469400.0,16093.0,34200,CAD,3.0
1390469400.0,16093.0,34200,CAD,2.0
1390555800.0,16094.0,34200,CAD,3.0
1390555800.0,16094.0,34200,CAD,2.0
1391160600.0,16101.0,34200,CAD,3.0
1391419800.0,16104.0,34200,CAD,1.0
1391419800.0,16104.0,34200,CAD,2.0
1391592600.0,16106.0,34200,CAD,3.0
1391679000.0,16107.0,34200,CAD,3.0
1391684400.0,16107.0,39600,CAD,3.0
1391765400.0,16108.0,34200,CAD,3.0
1391765400.0,16108.0,34200,CAD,3.0
1391790300.0,16108.0,59100,CAD,1.0
1392023580.0,16111.0,33180,CAD,1.0
1392040200.0,16111.0,49800,CAD,2.0
1392138000.0,16112.0,61200,CAD,2.0
1392283800.0,16114.0,34200,CAD,2.0
1392370200.0,16115.0,34200,CAD,3.0
1392715800.0,16119.0,34200,CAD,2.0
1392802200.0,16120.0,34200,CAD,2.0
1392975000.0,16122.0,34200,CAD,3.0
1392975000.0,16122.0,34200,CAD,3.0
1392975000.0,16122.0,34200,CAD,2.0
1392975000.0,16122.0,34200,CAD,2.0
1393320600.0,16126.0,34200,CAD,1.0
1393493400.0,16128.0,34200,CAD,2.0
1393579800.0,16129.0,34200,CAD,3.0
1393839000.0,16132.0,34200,CAD,1.0
1393839000.0,16132.0,34200,CAD,2.0
1394017200.0,16134.0,39600,CAD,3.0
1394017200.0,16134.0,39600,CAD,3.0
1394054100.0,16134.0,76500,CAD,1.0
1394098200.0,16135.0,34200,CAD,3.0
1394103600.0,16135.0,39600,CAD,3.0
1394109000.0,16135.0,45000,CAD,2.0
1394184600.0,16136.0,34200,CAD,3.0
1394184600.0,16136.0,34200,CAD,2.0
1394184600.0,16136.0,34200,CAD,3.0
1394184600.0,16136.0,34200,CAD,3.0
1394334000.0,16138.0,10800,CAD,1.0
1394439120.0,16139.0,29520,CAD,1.0
1394699400.0,16142.0,30600,CAD,1.0
1394699400.0,16142.0,30600,CAD,2.0
1395045000.0,16146.0,30600,CAD,2.0
1395131400.0,16147.0,30600,CAD,3.0
1395143700.0,16147.0,42900,CAD,3.0
1395217800.0,16148.0,30600,CAD,2.0
1395390600.0,16150.0,30600,CAD,3.0
1395390600.0,16150.0,30600,CAD,3.0
1395390600.0,16150.0,30600,CAD,2.0
1395390600.0,16150.0,30600,CAD,2.0
1395664200.0,16153.0,45000,CAD,2.0
1396254600.0,16160.0,30600,CAD,3.0
1396341000.0,16161.0,30600,CAD,1.0
1396341000.0,16161.0,30600,CAD,2.0
1396513800.0,16163.0,30600,CAD,3.0
1396600200.0,16164.0,30600,CAD,3.0
1396600200.0,16164.0,30600,CAD,3.0
1396605600.0,16164.0,36000,CAD,3.0
1396866600.0,16167.0,37800,CAD,2.0
1396944780.0,16168.0,29580,CAD,1.0
1396945800.0,16168.0,30600,CAD,3.0
1397118600.0,16170.0,30600,CAD,2.0
1397550600.0,16175.0,30600,CAD,3.0
1397637000.0,16176.0,30600,CAD,2.0
1397642400.0,16176.0,36000,CAD,3.0
1397642400.0,16176.0,36000,CAD,3.0
1397642400.0,16176.0,36000,CAD,3.0
1397646000.0,16176.0,39600,CAD,3.0
1397723400.0,16177.0,30600,CAD,3.0
1397723400.0,16177.0,30600,CAD,2.0
1397779260.0,16178.0,60,CAD,1.0
