1167609660.0,13514.0,60,CHF,1.0
1167798600.0,13516.0,16200,CHF,2.0
1167878700.0,13517.0,9900,CHF,3.0
1167969600.0,13518.0,14400,CHF,1.0
1168224300.0,13521.0,9900,CHF,1.0
1169093700.0,13531.0,15300,CHF,2.0
1169100000.0,13531.0,21600,CHF,2.0
1169439300.0,13535.0,15300,CHF,2.0
1169787600.0,13539.0,18000,CHF,2.0
1170225000.0,13544.0,23400,CHF,2.0
1170299700.0,13545.0,11700,CHF,2.0
1170304200.0,13545.0,16200,CHF,2.0
1170392400.0,13546.0,18000,CHF,2.0
1170734400.0,13550.0,14400,CHF,1.0
1170816300.0,13551.0,9900,CHF,1.0
1170902700.0,13552.0,9900,CHF,3.0
1170902700.0,13552.0,9900,CHF,2.0
1171519200.0,13559.0,21600,CHF,2.0
1171599300.0,13560.0,15300,CHF,2.0
1171941300.0,13564.0,11700,CHF,2.0
1171944900.0,13564.0,15300,CHF,2.0
1172117700.0,13566.0,15300,CHF,2.0
1172552400.0,13571.0,18000,CHF,2.0
1172644200.0,13572.0,23400,CHF,2.0
1172723400.0,13573.0,16200,CHF,2.0
1173149100.0,13578.0,9900,CHF,2.0
1173153600.0,13578.0,14400,CHF,1.0
1173235500.0,13579.0,9900,CHF,1.0
1173321900.0,13580.0,9900,CHF,3.0
1173852000.0,13586.0,21600,CHF,2.0
1173949200.0,13587.0,32400,CHF,3.0
1173949200.0,13587.0,32400,CHF,3.0
1174022100.0,13588.0,18900,CHF,2.0
1174277700.0,13591.0,15300,CHF,2.0
1174364100.0,13592.0,15300,CHF,2.0
1174446900.0,13593.0,11700,CHF,2.0
1174773600.0,13596.0,79200,CHF,1.0
1174968000.0,13599.0,14400,CHF,2.0
1174975200.0,13599.0,21600,CHF,1.0
1175059800.0,13600.0,19800,CHF,2.0
1175132700.0,13601.0,6300,CHF,2.0
1175484600.0,13605.0,12600,CHF,2.0
1175564700.0,13606.0,6300,CHF,3.0
1175749200.0,13608.0,18000,CHF,1.0
1175817660.0,13609.0,60,CHF,1.0
1176076860.0,13612.0,60,CHF,1.0
1176169500.0,13613.0,6300,CHF,1.0
1176779700.0,13620.0,11700,CHF,2.0
1176958800.0,13622.0,18000,CHF,2.0
1177038900.0,13623.0,11700,CHF,2.0
1177380900.0,13627.0,8100,CHF,2.0
1177387200.0,13627.0,14400,CHF,2.0
1177416900.0,13627.0,44100,CHF,2.0
1177651800.0,13630.0,19800,CHF,2.0
1177651800.0,13630.0,19800,CHF,2.0
1177977660.0,13634.0,60,CHF,1.0
1178076600.0,13635.0,12600,CHF,2.0
1178156700.0,13636.0,6300,CHF,3.0
1178247600.0,13637.0,10800,CHF,1.0
1178502300.0,13640.0,6300,CHF,1.0
1178715600.0,13642.0,46800,CHF,1.0
1178761500.0,13643.0,6300,CHF,2.0
1179198900.0,13648.0,11700,CHF,2.0
1179360060.0,13650.0,60,CHF,1.0
1179717300.0,13654.0,11700,CHF,2.0
1179976500.0,13657.0,11700,CHF,2.0
1179982800.0,13657.0,18000,CHF,2.0
1180008900.0,13657.0,44100,CHF,1.0
1180071000.0,13658.0,19800,CHF,2.0
1180310460.0,13661.0,60,CHF,1.0
1180404900.0,13662.0,8100,CHF,2.0
1180411200.0,13662.0,14400,CHF,2.0
1180575900.0,13664.0,6300,CHF,2.0
1180662300.0,13665.0,6300,CHF,3.0
1180668600.0,13665.0,12600,CHF,2.0
1181098800.0,13670.0,10800,CHF,1.0
1181180700.0,13671.0,6300,CHF,1.0
1181791800.0,13678.0,12600,CHF,3.0
1181791800.0,13678.0,12600,CHF,3.0
1181791800.0,13678.0,12600,CHF,3.0
1181793600.0,13678.0,14400,CHF,2.0
1181877300.0,13679.0,11700,CHF,2.0
1182136500.0,13682.0,11700,CHF,2.0
1182309300.0,13684.0,11700,CHF,2.0
1182392100.0,13685.0,8100,CHF,2.0
1182402000.0,13685.0,18000,CHF,2.0
1182415500.0,13685.0,31500,CHF,2.0
1182476700.0,13686.0,6300,CHF,2.0
1182499200.0,13686.0,28800,CHF,2.0
1182830400.0,13690.0,14400,CHF,2.0
1182922200.0,13691.0,19800,CHF,2.0
1183006800.0,13692.0,18000,CHF,1.0
1183107600.0,13693.0,32400,CHF,2.0
1183347000.0,13696.0,12600,CHF,2.0
1183427100.0,13697.0,6300,CHF,3.0
1183604400.0,13699.0,10800,CHF,1.0
1183686300.0,13700.0,6300,CHF,1.0
1184642100.0,13711.0,11700,CHF,2.0
1184811300.0,13713.0,8100,CHF,2.0
1184821200.0,13713.0,18000,CHF,2.0
1184901300.0,13714.0,11700,CHF,2.0
1185514200.0,13721.0,19800,CHF,2.0
1185854400.0,13725.0,14400,CHF,2.0
1185926460.0,13726.0,60,CHF,1.0
1186025400.0,13727.0,12600,CHF,2.0
1186105500.0,13728.0,6300,CHF,3.0
1186369200.0,13731.0,10800,CHF,1.0
1186537500.0,13733.0,6300,CHF,1.0
1186623900.0,13734.0,6300,CHF,2.0
1187147700.0,13740.0,11700,CHF,3.0
1187579700.0,13745.0,11700,CHF,2.0
1187662500.0,13746.0,8100,CHF,2.0
1187838900.0,13748.0,11700,CHF,2.0
1187845200.0,13748.0,18000,CHF,2.0
1188273600.0,13753.0,14400,CHF,2.0
1188288000.0,13753.0,28800,CHF,2.0
1188365400.0,13754.0,19800,CHF,2.0
1188524700.0,13756.0,6300,CHF,3.0
1188790200.0,13759.0,12600,CHF,2.0
1188870300.0,13760.0,6300,CHF,2.0
1189043100.0,13762.0,6300,CHF,1.0
1189047600.0,13762.0,10800,CHF,1.0
1189670400.0,13769.0,28800,CHF,3.0
1189670400.0,13769.0,28800,CHF,3.0
1190026800.0,13773.0,39600,CHF,2.0
1190085300.0,13774.0,11700,CHF,2.0
1190171700.0,13775.0,11700,CHF,3.0
1190254500.0,13776.0,8100,CHF,1.0
1190258100.0,13776.0,11700,CHF,2.0
1190264400.0,13776.0,18000,CHF,2.0
1190372400.0,13777.0,39600,CHF,1.0
1190635200.0,13780.0,43200,CHF,2.0
1190692800.0,13781.0,14400,CHF,2.0
1190784600.0,13782.0,19800,CHF,2.0
1190869200.0,13783.0,18000,CHF,1.0
1191209400.0,13787.0,12600,CHF,2.0
1191240000.0,13787.0,43200,CHF,1.0
1191289500.0,13788.0,6300,CHF,3.0
1191289500.0,13788.0,6300,CHF,2.0
1191466800.0,13790.0,10800,CHF,1.0
1191807900.0,13794.0,6300,CHF,1.0
1192504500.0,13802.0,11700,CHF,3.0
1192673700.0,13804.0,8100,CHF,1.0
1192683600.0,13804.0,18000,CHF,2.0
1193313600.0,13811.0,43200,CHF,2.0
1193368500.0,13812.0,11700,CHF,2.0
1193522400.0,13813.0,79200,CHF,1.0
1193720400.0,13816.0,18000,CHF,2.0
1193812200.0,13817.0,23400,CHF,2.0
1193812200.0,13817.0,23400,CHF,2.0
1193891400.0,13818.0,16200,CHF,2.0
1193922000.0,13818.0,46800,CHF,2.0
1193971500.0,13819.0,9900,CHF,3.0
1194321600.0,13823.0,14400,CHF,1.0
1194489900.0,13825.0,9900,CHF,1.0
1194576300.0,13826.0,9900,CHF,2.0
1194959700.0,13830.0,47700,CHF,2.0
1195106400.0,13832.0,21600,CHF,2.0
1195186500.0,13833.0,15300,CHF,3.0
1195528500.0,13837.0,11700,CHF,1.0
1195704900.0,13839.0,15300,CHF,2.0
1196136900.0,13844.0,15300,CHF,2.0
1196139600.0,13844.0,18000,CHF,2.0
1196226900.0,13845.0,18900,CHF,2.0
1196231400.0,13845.0,23400,CHF,2.0
1196390700.0,13847.0,9900,CHF,3.0
1196390700.0,13847.0,9900,CHF,2.0
1196424000.0,13847.0,43200,CHF,2.0
1196656200.0,13850.0,16200,CHF,2.0
1196685000.0,13850.0,45000,CHF,1.0
1196909100.0,13853.0,9900,CHF,1.0
1196913600.0,13853.0,14400,CHF,1.0
1197439200.0,13859.0,21600,CHF,2.0
1197520200.0,13860.0,16200,CHF,3.0
1197520200.0,13860.0,16200,CHF,3.0
1197520200.0,13860.0,16200,CHF,3.0
1197864900.0,13864.0,15300,CHF,2.0
1197951300.0,13865.0,15300,CHF,3.0
1197979200.0,13865.0,43200,CHF,2.0
1197984600.0,13865.0,48600,CHF,1.0
1198070100.0,13866.0,47700,CHF,2.0
1198118700.0,13867.0,9900,CHF,2.0
1198120500.0,13867.0,11700,CHF,1.0
1198124100.0,13867.0,15300,CHF,2.0
1198540860.0,13872.0,60,CHF,1.0
1198627260.0,13873.0,60,CHF,1.0
1198821600.0,13875.0,21600,CHF,1.0
1198823400.0,13875.0,23400,CHF,2.0
1198823400.0,13875.0,23400,CHF,2.0
1199145660.0,13879.0,60,CHF,1.0
1199334600.0,13881.0,16200,CHF,2.0
1199414700.0,13882.0,9900,CHF,3.0
1199673900.0,13885.0,9900,CHF,1.0
1199678400.0,13885.0,14400,CHF,1.0
1200402000.0,13893.0,46800,CHF,2.0
1200549600.0,13895.0,21600,CHF,2.0
1200888900.0,13899.0,15300,CHF,2.0
1200975300.0,13900.0,15300,CHF,3.0
1201576500.0,13907.0,11700,CHF,1.0
1201582800.0,13907.0,18000,CHF,2.0
1201674600.0,13908.0,23400,CHF,2.0
1201780800.0,13909.0,43200,CHF,2.0
1201840200.0,13910.0,16200,CHF,2.0
1202270400.0,13915.0,14400,CHF,1.0
1202352300.0,13916.0,9900,CHF,1.0
1202438700.0,13917.0,9900,CHF,3.0
1202438700.0,13917.0,9900,CHF,2.0
1202968800.0,13923.0,21600,CHF,2.0
1203308100.0,13927.0,15300,CHF,2.0
1203563700.0,13930.0,11700,CHF,1.0
1203567300.0,13930.0,15300,CHF,2.0
1203946200.0,13934.0,48600,CHF,2.0
1204002000.0,13935.0,18000,CHF,2.0
1204172100.0,13937.0,15300,CHF,2.0
1204266600.0,13938.0,23400,CHF,2.0
1204518600.0,13941.0,16200,CHF,2.0
1204598700.0,13942.0,9900,CHF,3.0
1204598700.0,13942.0,9900,CHF,2.0
1204771500.0,13944.0,9900,CHF,1.0
1204776000.0,13944.0,14400,CHF,1.0
1205301600.0,13950.0,21600,CHF,2.0
1205398800.0,13951.0,32400,CHF,3.0
1205398800.0,13951.0,32400,CHF,3.0
1205414100.0,13951.0,47700,CHF,2.0
1205727300.0,13955.0,15300,CHF,2.0
1205758800.0,13955.0,46800,CHF,2.0
1205813700.0,13956.0,15300,CHF,2.0
1205982900.0,13958.0,11700,CHF,1.0
1205986500.0,13958.0,15300,CHF,2.0
1206057660.0,13959.0,60,CHF,1.0
1206316860.0,13962.0,60,CHF,1.0
1206421200.0,13963.0,18000,CHF,2.0
1206597600.0,13965.0,21600,CHF,1.0
1206622800.0,13965.0,46800,CHF,2.0
1206685800.0,13966.0,23400,CHF,2.0
1206828000.0,13967.0,79200,CHF,1.0
1206927900.0,13969.0,6300,CHF,2.0
1207020600.0,13970.0,12600,CHF,2.0
1207103400.0,13971.0,9000,CHF,2.0
1207273500.0,13973.0,6300,CHF,3.0
1207278000.0,13973.0,10800,CHF,1.0
1207532700.0,13976.0,6300,CHF,1.0
1208402220.0,13986.0,11820,CHF,2.0
1208408400.0,13986.0,18000,CHF,2.0
1208428200.0,13986.0,37800,CHF,2.0
1208747700.0,13990.0,11700,CHF,2.0
1208830500.0,13991.0,8100,CHF,1.0
1209096000.0,13994.0,14400,CHF,2.0
1209348000.0,13997.0,7200,CHF,2.0
1209441600.0,13998.0,14400,CHF,2.0
1209533040.0,13999.0,19440,CHF,2.0
1209600060.0,14000.0,60,CHF,1.0
1209699000.0,14001.0,12600,CHF,2.0
1210038300.0,14005.0,6300,CHF,3.0
1210042800.0,14005.0,10800,CHF,1.0
1210211100.0,14007.0,6300,CHF,1.0
1210550460.0,14011.0,60,CHF,1.0
1210815900.0,14014.0,6300,CHF,2.0
1210827600.0,14014.0,18000,CHF,1.0
1210907700.0,14015.0,11700,CHF,2.0
1211253300.0,14019.0,11700,CHF,2.0
1211346000.0,14020.0,18000,CHF,2.0
1211521500.0,14022.0,20700,CHF,2.0
1211854500.0,14026.0,8100,CHF,1.0
1211860800.0,14026.0,14400,CHF,2.0
1212030900.0,14028.0,11700,CHF,2.0
1212116400.0,14029.0,10800,CHF,2.0
1212125280.0,14029.0,19680,CHF,2.0
1212371100.0,14032.0,6300,CHF,2.0
1212377400.0,14032.0,12600,CHF,2.0
1212457500.0,14033.0,6300,CHF,3.0
1212634800.0,14035.0,10800,CHF,1.0
1212728400.0,14036.0,18000,CHF,2.0
1212975900.0,14039.0,6300,CHF,1.0
1213005600.0,14039.0,36000,CHF,2.0
1213250400.0,14042.0,21600,CHF,2.0
1213586100.0,14046.0,11700,CHF,2.0
1213672500.0,14047.0,11700,CHF,2.0
1213765200.0,14048.0,18000,CHF,2.0
1213841700.0,14049.0,8100,CHF,1.0
1213846200.0,14049.0,12600,CHF,3.0
1213846200.0,14049.0,12600,CHF,3.0
1213846200.0,14049.0,12600,CHF,3.0
1213848000.0,14049.0,14400,CHF,2.0
1213931700.0,14050.0,11700,CHF,2.0
1214185500.0,14053.0,6300,CHF,2.0
1214280000.0,14054.0,14400,CHF,2.0
1214544600.0,14057.0,19800,CHF,2.0
1214883000.0,14061.0,12600,CHF,2.0
1215049500.0,14063.0,6300,CHF,3.0
1215061200.0,14063.0,18000,CHF,1.0
1215140400.0,14064.0,10800,CHF,1.0
1215395100.0,14067.0,6300,CHF,1.0
1216178100.0,14076.0,11700,CHF,2.0
1216270800.0,14077.0,18000,CHF,2.0
1216610100.0,14081.0,11700,CHF,2.0
1216692900.0,14082.0,8100,CHF,1.0
1217304000.0,14089.0,14400,CHF,2.0
1217395800.0,14090.0,19800,CHF,2.0
1217468700.0,14091.0,6300,CHF,3.0
1217548860.0,14092.0,60,CHF,1.0
1217820600.0,14095.0,12600,CHF,2.0
1217991600.0,14097.0,10800,CHF,1.0
1218159900.0,14099.0,6300,CHF,1.0
1218678300.0,14105.0,6300,CHF,2.0
1219029300.0,14109.0,11700,CHF,2.0
1219284900.0,14112.0,8100,CHF,1.0
1219288500.0,14112.0,11700,CHF,2.0
1219294800.0,14112.0,18000,CHF,2.0
1219723200.0,14117.0,14400,CHF,2.0
1219836600.0,14118.0,41400,CHF,2.0
1219893300.0,14119.0,11700,CHF,2.0
1219987800.0,14120.0,19800,CHF,2.0
1220239800.0,14123.0,12600,CHF,2.0
1220319900.0,14124.0,6300,CHF,3.0
1220319900.0,14124.0,6300,CHF,2.0
1220358600.0,14124.0,45000,CHF,2.0
1220497200.0,14126.0,10800,CHF,1.0
1220838300.0,14130.0,6300,CHF,1.0
1221027300.0,14132.0,22500,CHF,2.0
1221037200.0,14132.0,32400,CHF,2.0
1221448500.0,14137.0,11700,CHF,2.0
1221448500.0,14137.0,11700,CHF,2.0
1221534900.0,14138.0,11700,CHF,2.0
1221562800.0,14138.0,39600,CHF,2.0
1221627600.0,14139.0,18000,CHF,2.0
1221704100.0,14140.0,8100,CHF,1.0
1221724800.0,14140.0,28800,CHF,3.0
1221724800.0,14140.0,28800,CHF,3.0
1222407000.0,14148.0,19800,CHF,2.0
1222747200.0,14152.0,14400,CHF,2.0
1222831800.0,14153.0,12600,CHF,2.0
1222911900.0,14154.0,6300,CHF,2.0
1222923600.0,14154.0,18000,CHF,1.0
1222998300.0,14155.0,6300,CHF,2.0
1223262000.0,14158.0,10800,CHF,1.0
1223449200.0,14160.0,25200,CHF,3.0
1223603100.0,14162.0,6300,CHF,1.0
1223867700.0,14165.0,11700,CHF,2.0
1224126900.0,14168.0,11700,CHF,2.0
1224133200.0,14168.0,18000,CHF,2.0
1224555300.0,14173.0,8100,CHF,1.0
1224972000.0,14177.0,79200,CHF,1.0
1225170000.0,14180.0,18000,CHF,2.0
1225434600.0,14183.0,23400,CHF,2.0
1225686600.0,14186.0,16200,CHF,2.0
1225766700.0,14187.0,9900,CHF,2.0
1225858200.0,14188.0,15000,CHF,2.0
1225944000.0,14189.0,14400,CHF,1.0
1225958400.0,14189.0,28800,CHF,3.0
1226025900.0,14190.0,9900,CHF,1.0
1226285100.0,14193.0,9900,CHF,2.0
1226549700.0,14196.0,15300,CHF,2.0
1226556000.0,14196.0,21600,CHF,2.0
1226981700.0,14201.0,15300,CHF,2.0
1227150900.0,14203.0,11700,CHF,1.0
1227168000.0,14203.0,28800,CHF,3.0
1227589200.0,14208.0,18000,CHF,2.0
1227759300.0,14210.0,15300,CHF,2.0
1227787200.0,14210.0,43200,CHF,2.0
1227853800.0,14211.0,23400,CHF,2.0
1228105800.0,14214.0,16200,CHF,2.0
1228185900.0,14215.0,9900,CHF,2.0
1228305600.0,14216.0,43200,CHF,2.0
1228358700.0,14217.0,9900,CHF,2.0
1228363200.0,14217.0,14400,CHF,1.0
1228790700.0,14222.0,9900,CHF,1.0
1228888800.0,14223.0,21600,CHF,2.0
1228969800.0,14224.0,16200,CHF,3.0
1228969800.0,14224.0,16200,CHF,3.0
1228969800.0,14224.0,16200,CHF,3.0
1229314500.0,14228.0,15300,CHF,2.0
1229349600.0,14228.0,50400,CHF,2.0
1229391900.0,14229.0,6300,CHF,2.0
1229400900.0,14229.0,15300,CHF,2.0
1229570100.0,14231.0,11700,CHF,1.0
1229573700.0,14231.0,15300,CHF,2.0
1230091200.0,14237.0,14400,CHF,1.0
1230163260.0,14238.0,60,CHF,1.0
1230249660.0,14239.0,60,CHF,1.0
1230532200.0,14242.0,23400,CHF,2.0
1230613200.0,14243.0,18000,CHF,2.0
1230768060.0,14245.0,60,CHF,1.0
1231129800.0,14249.0,16200,CHF,2.0
1231300800.0,14251.0,14400,CHF,1.0
1231382700.0,14252.0,9900,CHF,1.0
1231388100.0,14252.0,15300,CHF,2.0
1232020800.0,14259.0,43200,CHF,2.0
1232079300.0,14260.0,15300,CHF,2.0
1232110800.0,14260.0,46800,CHF,2.0
1232338500.0,14263.0,15300,CHF,2.0
1232544600.0,14265.0,48600,CHF,2.0
1232604000.0,14266.0,21600,CHF,2.0
1233032400.0,14271.0,18000,CHF,2.0
1233124200.0,14272.0,23400,CHF,2.0
1233549000.0,14277.0,16200,CHF,2.0
1233630900.0,14278.0,11700,CHF,1.0
1233806400.0,14280.0,14400,CHF,1.0
1233840600.0,14280.0,48600,CHF,2.0
1233890100.0,14281.0,11700,CHF,1.0
1234239300.0,14285.0,15300,CHF,2.0
1234406700.0,14287.0,9900,CHF,2.0
1234498500.0,14288.0,15300,CHF,2.0
1234844100.0,14292.0,15300,CHF,2.0
1235013300.0,14294.0,11700,CHF,1.0
1235023200.0,14294.0,21600,CHF,2.0
1235444400.0,14299.0,10800,CHF,2.0
1235448900.0,14299.0,15300,CHF,2.0
1235716200.0,14302.0,23400,CHF,2.0
1235968200.0,14305.0,16200,CHF,2.0
1236004200.0,14305.0,52200,CHF,2.0
1236048300.0,14306.0,9900,CHF,2.0
1236225600.0,14308.0,14400,CHF,1.0
1236312900.0,14309.0,15300,CHF,2.0
1236566700.0,14312.0,9900,CHF,1.0
1236848400.0,14315.0,32400,CHF,3.0
1236848400.0,14315.0,32400,CHF,3.0
1236917700.0,14316.0,15300,CHF,2.0
1237257900.0,14320.0,9900,CHF,2.0
1237263300.0,14320.0,15300,CHF,2.0
1237349700.0,14321.0,15300,CHF,2.0
1237432500.0,14322.0,11700,CHF,1.0
1237442400.0,14322.0,21600,CHF,2.0
1237464000.0,14322.0,43200,CHF,2.0
1237900500.0,14327.0,47700,CHF,3.0
1238047200.0,14329.0,21600,CHF,1.0
1238135400.0,14330.0,23400,CHF,2.0
1238274000.0,14331.0,75600,CHF,1.0
1238464800.0,14334.0,7200,CHF,2.0
1238556600.0,14335.0,12600,CHF,2.0
1238646600.0,14336.0,16200,CHF,3.0
1238728500.0,14337.0,11700,CHF,2.0
1238986800.0,14340.0,10800,CHF,1.0
1239241500.0,14343.0,6300,CHF,1.0
1239321660.0,14344.0,60,CHF,1.0
1239580860.0,14347.0,60,CHF,1.0
1239851700.0,14350.0,11700,CHF,2.0
1239938100.0,14351.0,11700,CHF,2.0
1239940800.0,14351.0,14400,CHF,3.0
1240452900.0,14357.0,8100,CHF,1.0
1240462800.0,14357.0,18000,CHF,3.0
1240462800.0,14357.0,18000,CHF,2.0
1240884000.0,14362.0,7200,CHF,2.0
1240916400.0,14362.0,39600,CHF,3.0
1240983000.0,14363.0,19800,CHF,2.0
1241136060.0,14365.0,60,CHF,1.0
1241407800.0,14368.0,12600,CHF,2.0
1241487900.0,14369.0,6300,CHF,2.0
1241578800.0,14370.0,10800,CHF,1.0
1241578800.0,14370.0,10800,CHF,2.0
1241612100.0,14370.0,44100,CHF,3.0
1241666100.0,14371.0,11700,CHF,3.0
1241747100.0,14372.0,6300,CHF,1.0
1242270000.0,14378.0,10800,CHF,2.0
1242270900.0,14378.0,11700,CHF,2.0
1242357300.0,14379.0,11700,CHF,3.0
1242795600.0,14384.0,18000,CHF,2.0
1242864060.0,14385.0,60,CHF,1.0
1243303200.0,14390.0,7200,CHF,2.0
1243307700.0,14390.0,11700,CHF,2.0
1243476900.0,14392.0,8100,CHF,2.0
1243575000.0,14393.0,19800,CHF,2.0
1243814460.0,14396.0,60,CHF,1.0
1243907100.0,14397.0,6300,CHF,2.0
1243913400.0,14397.0,12600,CHF,2.0
1244084400.0,14399.0,10800,CHF,1.0
1244171100.0,14400.0,11100,CHF,3.0
1244171700.0,14400.0,11700,CHF,2.0
1244425500.0,14403.0,6300,CHF,1.0
1245035700.0,14410.0,11700,CHF,2.0
1245122100.0,14411.0,11700,CHF,2.0
1245203100.0,14412.0,6300,CHF,2.0
1245208500.0,14412.0,11700,CHF,3.0
1245214800.0,14412.0,18000,CHF,2.0
1245295800.0,14413.0,12600,CHF,3.0
1245295800.0,14413.0,12600,CHF,2.0
1245295800.0,14413.0,12600,CHF,3.0
1245295800.0,14413.0,12600,CHF,3.0
1245404700.0,14414.0,35100,CHF,2.0
1245723300.0,14418.0,8100,CHF,2.0
1245823200.0,14419.0,21600,CHF,2.0
1245994200.0,14421.0,19800,CHF,2.0
1246327200.0,14425.0,7200,CHF,2.0
1246419000.0,14426.0,12600,CHF,2.0
1246501800.0,14427.0,9000,CHF,2.0
1246510800.0,14427.0,18000,CHF,1.0
1246590900.0,14428.0,11700,CHF,2.0
1246849200.0,14431.0,10800,CHF,2.0
1247017500.0,14433.0,6300,CHF,1.0
1247454900.0,14438.0,11700,CHF,2.0
1247627700.0,14440.0,11700,CHF,3.0
1247720400.0,14441.0,18000,CHF,2.0
1248142500.0,14446.0,8100,CHF,2.0
1248746400.0,14453.0,7200,CHF,2.0
1249018200.0,14456.0,19800,CHF,3.0
1249270200.0,14459.0,12600,CHF,2.0
1249355700.0,14460.0,11700,CHF,2.0
1249523100.0,14462.0,6300,CHF,2.0
1249527600.0,14462.0,10800,CHF,2.0
1249609500.0,14463.0,6300,CHF,1.0
1250133300.0,14469.0,11700,CHF,2.0
1250478900.0,14473.0,11700,CHF,3.0
1250734500.0,14476.0,8100,CHF,2.0
1250744400.0,14476.0,18000,CHF,2.0
1251165600.0,14481.0,7200,CHF,2.0
1251170100.0,14481.0,11700,CHF,2.0
1251173700.0,14481.0,15300,CHF,2.0
1251178200.0,14481.0,19800,CHF,2.0
1251198900.0,14481.0,40500,CHF,2.0
1251437400.0,14484.0,19800,CHF,3.0
1251769500.0,14488.0,6300,CHF,2.0
1251775800.0,14488.0,12600,CHF,2.0
1252033200.0,14491.0,10800,CHF,2.0
1252034100.0,14491.0,11700,CHF,2.0
1252374300.0,14495.0,6300,CHF,1.0
1252898100.0,14501.0,11700,CHF,2.0
1252984500.0,14502.0,11700,CHF,2.0
1253070900.0,14503.0,11700,CHF,3.0
1253077200.0,14503.0,18000,CHF,2.0
1253174400.0,14504.0,28800,CHF,3.0
1253174400.0,14504.0,28800,CHF,3.0
1253583900.0,14509.0,6300,CHF,2.0
1253585700.0,14509.0,8100,CHF,2.0
1253848500.0,14512.0,11700,CHF,2.0
1253907900.0,14512.0,71100,CHF,2.0
1254189600.0,14516.0,7200,CHF,2.0
1254286800.0,14517.0,18000,CHF,1.0
1254288600.0,14517.0,19800,CHF,3.0
1254367800.0,14518.0,12600,CHF,2.0
1254798000.0,14523.0,10800,CHF,3.0
1254798900.0,14523.0,11700,CHF,2.0
1254879900.0,14524.0,6300,CHF,1.0
1255403700.0,14530.0,11700,CHF,2.0
1255582800.0,14532.0,18000,CHF,2.0
1255662900.0,14533.0,11700,CHF,3.0
1256177700.0,14539.0,8100,CHF,2.0
1256421600.0,14541.0,79200,CHF,1.0
1256612400.0,14544.0,10800,CHF,2.0
1256884200.0,14547.0,23400,CHF,2.0
1257136200.0,14550.0,16200,CHF,2.0
1257389100.0,14553.0,9900,CHF,2.0
1257393600.0,14553.0,14400,CHF,3.0
1257394500.0,14553.0,15300,CHF,2.0
1257475500.0,14554.0,9900,CHF,1.0
1258005600.0,14560.0,21600,CHF,2.0
1258030800.0,14560.0,46800,CHF,2.0
1258085700.0,14561.0,15300,CHF,2.0
1258431300.0,14565.0,15300,CHF,3.0
1258440780.0,14565.0,24780,CHF,3.0
1258600500.0,14567.0,11700,CHF,2.0
1258694100.0,14568.0,18900,CHF,2.0
1259031600.0,14572.0,10800,CHF,2.0
1259036100.0,14572.0,15300,CHF,2.0
1259069400.0,14572.0,48600,CHF,2.0
1259303400.0,14575.0,23400,CHF,3.0
1259521200.0,14577.0,68400,CHF,2.0
1259635500.0,14579.0,9900,CHF,2.0
1259641800.0,14579.0,16200,CHF,2.0
1259899200.0,14582.0,14400,CHF,3.0
1259900100.0,14582.0,15300,CHF,2.0
1260159300.0,14585.0,15300,CHF,3.0
1260326700.0,14587.0,9900,CHF,1.0
1260419400.0,14588.0,16200,CHF,3.0
1260419400.0,14588.0,16200,CHF,3.0
1260419400.0,14588.0,16200,CHF,3.0
1260764100.0,14592.0,15300,CHF,2.0
1260845100.0,14593.0,9900,CHF,2.0
1260850500.0,14593.0,15300,CHF,2.0
1260880800.0,14593.0,45600,CHF,2.0
1261029600.0,14595.0,21600,CHF,2.0
1261375200.0,14599.0,21600,CHF,1.0
1261451700.0,14600.0,11700,CHF,2.0
1261699260.0,14603.0,60,CHF,1.0
1262055600.0,14607.0,10800,CHF,2.0
1262154600.0,14608.0,23400,CHF,3.0
1262304060.0,14610.0,60,CHF,1.0
1262579400.0,14613.0,16200,CHF,2.0
1262750400.0,14615.0,14400,CHF,3.0
1262837700.0,14616.0,15300,CHF,2.0
1262918700.0,14617.0,9900,CHF,1.0
1263183300.0,14620.0,15300,CHF,3.0
1263528900.0,14624.0,15300,CHF,2.0
1264053600.0,14630.0,21600,CHF,2.0
1264474800.0,14635.0,10800,CHF,2.0
1264746600.0,14638.0,23400,CHF,3.0
1264998600.0,14641.0,16200,CHF,2.0
1265078700.0,14642.0,9900,CHF,2.0
1265253300.0,14644.0,11700,CHF,2.0
1265256000.0,14644.0,14400,CHF,3.0
1265597100.0,14648.0,9900,CHF,1.0
1265602500.0,14648.0,15300,CHF,3.0
1265861700.0,14651.0,15300,CHF,2.0
1266207300.0,14655.0,15300,CHF,2.0
1266462900.0,14658.0,11700,CHF,2.0
1266472800.0,14658.0,21600,CHF,2.0
1266894000.0,14663.0,10800,CHF,2.0
1267071300.0,14665.0,15300,CHF,2.0
1267165800.0,14666.0,23400,CHF,3.0
1267417800.0,14669.0,16200,CHF,2.0
1267497900.0,14670.0,9900,CHF,2.0
1267675200.0,14672.0,14400,CHF,3.0
1268016300.0,14676.0,9900,CHF,1.0
1268021700.0,14676.0,15300,CHF,3.0
1268108100.0,14677.0,15300,CHF,2.0
1268298000.0,14679.0,32400,CHF,3.0
1268298000.0,14679.0,32400,CHF,3.0
1268626500.0,14683.0,15300,CHF,2.0
1268707500.0,14684.0,9900,CHF,2.0
1268882100.0,14686.0,11700,CHF,2.0
1268885700.0,14686.0,15300,CHF,2.0
1268892000.0,14686.0,21600,CHF,2.0
1268917200.0,14686.0,46800,CHF,1.0
1269237600.0,14690.0,21600,CHF,1.0
1269315000.0,14691.0,12600,CHF,3.0
1269432000.0,14692.0,43200,CHF,2.0
1269723600.0,14695.0,75600,CHF,1.0
1269914400.0,14698.0,7200,CHF,2.0
1270013400.0,14699.0,19800,CHF,3.0
1270092600.0,14700.0,12600,CHF,2.0
1270166460.0,14701.0,60,CHF,1.0
1270425660.0,14704.0,60,CHF,1.0
1270522800.0,14705.0,10800,CHF,3.0
1270523700.0,14705.0,11700,CHF,2.0
1270610100.0,14706.0,11700,CHF,3.0
1270691100.0,14707.0,6300,CHF,1.0
1270803600.0,14708.0,32400,CHF,1.0
1271338200.0,14714.0,48600,CHF,2.0
1271387700.0,14715.0,11700,CHF,2.0
1271902500.0,14721.0,8100,CHF,2.0
1271912400.0,14721.0,18000,CHF,2.0
1272333600.0,14726.0,7200,CHF,2.0
1272600000.0,14729.0,14400,CHF,3.0
1272605400.0,14729.0,19800,CHF,3.0
1272857400.0,14732.0,12600,CHF,2.0
1273114800.0,14735.0,10800,CHF,3.0
1273115700.0,14735.0,11700,CHF,2.0
1273196700.0,14736.0,6300,CHF,1.0
1273202100.0,14736.0,11700,CHF,3.0
1273542300.0,14740.0,6300,CHF,2.0
1273581900.0,14740.0,45900,CHF,3.0
1273634100.0,14741.0,11700,CHF,2.0
1273708860.0,14742.0,60,CHF,1.0
1274097600.0,14746.0,43200,CHF,3.0
1274331600.0,14749.0,18000,CHF,2.0
1274349600.0,14749.0,36000,CHF,2.0
1274659260.0,14753.0,60,CHF,1.0
1274752800.0,14754.0,7200,CHF,2.0
1274930100.0,14756.0,11700,CHF,2.0
1275012900.0,14757.0,8100,CHF,2.0
1275024600.0,14757.0,19800,CHF,3.0
1275356700.0,14761.0,6300,CHF,2.0
1275363000.0,14761.0,12600,CHF,2.0
1275448500.0,14762.0,11700,CHF,3.0
1275620400.0,14764.0,10800,CHF,3.0
1275622800.0,14764.0,13200,CHF,2.0
1275961500.0,14768.0,6300,CHF,2.0
1275961500.0,14768.0,6300,CHF,1.0
1275966900.0,14768.0,11700,CHF,2.0
1276485300.0,14774.0,11700,CHF,2.0
1276664400.0,14776.0,18000,CHF,2.0
1276744500.0,14777.0,11700,CHF,2.0
1276745400.0,14777.0,12600,CHF,3.0
1276745400.0,14777.0,12600,CHF,2.0
1276745400.0,14777.0,12600,CHF,3.0
1276745400.0,14777.0,12600,CHF,3.0
1277121600.0,14781.0,43200,CHF,2.0
1277172900.0,14782.0,8100,CHF,2.0
1277442000.0,14785.0,18000,CHF,1.0
1277776800.0,14789.0,7200,CHF,2.0
1277875800.0,14790.0,19800,CHF,3.0
1277955000.0,14791.0,12600,CHF,2.0
1278299700.0,14795.0,11700,CHF,3.0
1278385200.0,14796.0,10800,CHF,3.0
1278386100.0,14796.0,11700,CHF,2.0
1278553500.0,14798.0,6300,CHF,1.0
1278990900.0,14803.0,11700,CHF,2.0
1279170000.0,14805.0,18000,CHF,2.0
1279592100.0,14810.0,8100,CHF,2.0
1280196000.0,14817.0,7200,CHF,2.0
1280467800.0,14820.0,19800,CHF,3.0
1280718900.0,14823.0,11700,CHF,3.0
1280719800.0,14823.0,12600,CHF,2.0
1280805300.0,14824.0,11700,CHF,2.0
1280977200.0,14826.0,10800,CHF,3.0
1281059100.0,14827.0,6300,CHF,1.0
1281404700.0,14831.0,6300,CHF,2.0
1281669300.0,14834.0,11700,CHF,2.0
1282184100.0,14840.0,8100,CHF,2.0
1282194000.0,14840.0,18000,CHF,2.0
1282792500.0,14847.0,11700,CHF,2.0
1282887000.0,14848.0,19800,CHF,3.0
1283220000.0,14852.0,7200,CHF,2.0
1283311800.0,14853.0,12600,CHF,2.0
1283391900.0,14854.0,6300,CHF,2.0
1283397300.0,14854.0,11700,CHF,3.0
1283483700.0,14855.0,11700,CHF,2.0
1283742000.0,14858.0,10800,CHF,3.0
1283823900.0,14859.0,6300,CHF,1.0
1284347700.0,14865.0,11700,CHF,2.0
1284526800.0,14867.0,18000,CHF,2.0
1284601500.0,14868.0,6300,CHF,2.0
1284606900.0,14868.0,11700,CHF,2.0
1284623940.0,14868.0,28740,CHF,3.0
1284623940.0,14868.0,28740,CHF,3.0
1285035300.0,14873.0,8100,CHF,2.0
1285304400.0,14876.0,18000,CHF,1.0
1285639200.0,14880.0,7200,CHF,2.0
1285738200.0,14881.0,19800,CHF,3.0
1285902900.0,14883.0,11700,CHF,3.0
1285903800.0,14883.0,12600,CHF,2.0
1286248500.0,14887.0,11700,CHF,2.0
1286334000.0,14888.0,10800,CHF,3.0
1286502300.0,14890.0,6300,CHF,1.0
1286939700.0,14895.0,11700,CHF,2.0
1287627300.0,14903.0,8100,CHF,2.0
1287637200.0,14903.0,18000,CHF,2.0
1288058400.0,14908.0,7200,CHF,2.0
1288258380.0,14910.0,34380,CHF,2.0
1288265400.0,14910.0,41400,CHF,2.0
1288330200.0,14911.0,19800,CHF,3.0
1288476000.0,14912.0,79200,CHF,1.0
1288585800.0,14914.0,16200,CHF,2.0
1288757700.0,14916.0,15300,CHF,3.0
1288786500.0,14916.0,44100,CHF,2.0
1288843200.0,14917.0,14400,CHF,3.0
1288844100.0,14917.0,15300,CHF,2.0
1288875600.0,14917.0,46800,CHF,1.0
1289184300.0,14921.0,9900,CHF,1.0
1289270700.0,14922.0,9900,CHF,2.0
1289794500.0,14928.0,15300,CHF,2.0
1290050100.0,14931.0,11700,CHF,2.0
1290060000.0,14931.0,21600,CHF,2.0
1290497400.0,14936.0,27000,CHF,2.0
1290658500.0,14938.0,15300,CHF,2.0
1290753000.0,14939.0,23400,CHF,3.0
1291086000.0,14943.0,10800,CHF,2.0
1291177800.0,14944.0,16200,CHF,2.0
1291257900.0,14945.0,9900,CHF,2.0
1291263300.0,14945.0,15300,CHF,3.0
1291349700.0,14946.0,15300,CHF,2.0
1291608000.0,14949.0,14400,CHF,3.0
1291689900.0,14950.0,9900,CHF,1.0
1292213700.0,14956.0,15300,CHF,2.0
1292294700.0,14957.0,9900,CHF,2.0
1292392800.0,14958.0,21600,CHF,2.0
1292473140.0,14959.0,15540,CHF,2.0
1292473800.0,14959.0,16200,CHF,3.0
1292473800.0,14959.0,16200,CHF,3.0
1292473800.0,14959.0,16200,CHF,3.0
1292901300.0,14964.0,11700,CHF,2.0
1293170400.0,14967.0,21600,CHF,1.0
1293505200.0,14971.0,10800,CHF,2.0
1293604200.0,14972.0,23400,CHF,3.0
1294012860.0,14977.0,60,CHF,1.0
1294029000.0,14977.0,16200,CHF,2.0
1294287300.0,14980.0,15300,CHF,2.0
1294291620.0,14980.0,19620,CHF,3.0
1294368300.0,14981.0,9900,CHF,1.0
1294632900.0,14984.0,15300,CHF,3.0
1294840800.0,14986.0,50400,CHF,3.0
1294978500.0,14988.0,15300,CHF,2.0
1295503200.0,14994.0,21600,CHF,2.0
1295528400.0,14994.0,46800,CHF,3.0
1295924400.0,14999.0,10800,CHF,2.0
1296196200.0,15002.0,23400,CHF,3.0
1296533700.0,15006.0,15300,CHF,3.0
1296534600.0,15006.0,16200,CHF,2.0
1296563400.0,15006.0,45000,CHF,2.0
1296702900.0,15008.0,11700,CHF,2.0
1296792000.0,15009.0,14400,CHF,3.0
1297133100.0,15013.0,9900,CHF,1.0
1297305900.0,15015.0,9900,CHF,2.0
1297311300.0,15015.0,15300,CHF,2.0
1297922400.0,15022.0,21600,CHF,2.0
1298343600.0,15027.0,10800,CHF,2.0
1298343600.0,15027.0,10800,CHF,2.0
1298434500.0,15028.0,15300,CHF,2.0
1298520900.0,15029.0,15300,CHF,2.0
1298615400.0,15030.0,23400,CHF,3.0
1298947500.0,15034.0,9900,CHF,2.0
1298953800.0,15034.0,16200,CHF,2.0
1299125700.0,15036.0,15300,CHF,3.0
1299211200.0,15037.0,14400,CHF,3.0
1299552300.0,15041.0,9900,CHF,1.0
1299644100.0,15042.0,15300,CHF,3.0
1300255200.0,15049.0,21600,CHF,2.0
1300329900.0,15050.0,9900,CHF,2.0
1300335300.0,15050.0,15300,CHF,2.0
1300336200.0,15050.0,16200,CHF,3.0
1300336200.0,15050.0,16200,CHF,3.0
1300421700.0,15051.0,15300,CHF,2.0
1300762800.0,15055.0,10800,CHF,2.0
1300775400.0,15055.0,23400,CHF,2.0
1300971600.0,15057.0,46800,CHF,1.0
1301032800.0,15058.0,21600,CHF,1.0
1301173200.0,15059.0,75600,CHF,1.0
1301364000.0,15062.0,7200,CHF,2.0
1301463000.0,15063.0,19800,CHF,3.0
1301627700.0,15065.0,11700,CHF,3.0
1301628600.0,15065.0,12600,CHF,2.0
1302058800.0,15070.0,10800,CHF,3.0
1302059700.0,15070.0,11700,CHF,2.0
1302227100.0,15072.0,6300,CHF,1.0
1302664500.0,15077.0,11700,CHF,2.0
1302757200.0,15078.0,18000,CHF,2.0
1302769800.0,15078.0,30600,CHF,2.0
1303430460.0,15086.0,60,CHF,1.0
1303689660.0,15089.0,60,CHF,1.0
1303783200.0,15090.0,7200,CHF,2.0
1303783200.0,15090.0,7200,CHF,2.0
1304049600.0,15093.0,14400,CHF,2.0
1304055000.0,15093.0,19800,CHF,3.0
1304294460.0,15096.0,60,CHF,1.0
1304306100.0,15096.0,11700,CHF,3.0
1304307000.0,15096.0,12600,CHF,2.0
1304564400.0,15099.0,10800,CHF,3.0
1304646300.0,15100.0,6300,CHF,1.0
1304991900.0,15104.0,6300,CHF,2.0
1304997300.0,15104.0,11700,CHF,2.0
1305256500.0,15107.0,11700,CHF,2.0
1305635400.0,15111.0,45000,CHF,2.0
1305781200.0,15113.0,18000,CHF,2.0
1305883800.0,15114.0,34200,CHF,1.0
1306375200.0,15120.0,7200,CHF,2.0
1306379700.0,15120.0,11700,CHF,2.0
1306474200.0,15121.0,19800,CHF,3.0
1306806300.0,15125.0,6300,CHF,2.0
1306807200.0,15125.0,7200,CHF,2.0
1306898340.0,15126.0,11940,CHF,3.0
1306899000.0,15126.0,12600,CHF,2.0
1306972860.0,15127.0,60,CHF,1.0
1307329200.0,15131.0,10800,CHF,3.0
1307416500.0,15132.0,11700,CHF,2.0
1307497500.0,15133.0,6300,CHF,1.0
1307923260.0,15138.0,60,CHF,1.0
1308015900.0,15139.0,6300,CHF,2.0
1308107700.0,15140.0,11700,CHF,2.0
1308194100.0,15141.0,11700,CHF,2.0
1308195000.0,15141.0,12600,CHF,3.0
1308195000.0,15141.0,12600,CHF,3.0
1308195000.0,15141.0,12600,CHF,3.0
1308196800.0,15141.0,14400,CHF,2.0
1308661200.0,15146.0,46800,CHF,2.0
1308718800.0,15147.0,18000,CHF,2.0
1308794400.0,15148.0,7200,CHF,2.0
1308886200.0,15149.0,12600,CHF,1.0
1309226400.0,15153.0,7200,CHF,2.0
1309325400.0,15154.0,19800,CHF,3.0
1309491000.0,15156.0,12600,CHF,2.0
1309749300.0,15159.0,11700,CHF,3.0
1309921200.0,15161.0,10800,CHF,3.0
1310008500.0,15162.0,11700,CHF,2.0
1310089500.0,15163.0,6300,CHF,1.0
1310526900.0,15168.0,11700,CHF,2.0
1311213600.0,15176.0,7200,CHF,2.0
1311224400.0,15176.0,18000,CHF,2.0
1311645600.0,15181.0,7200,CHF,2.0
1311744600.0,15182.0,19800,CHF,3.0
1312156860.0,15187.0,60,CHF,1.0
1312254900.0,15188.0,11700,CHF,3.0
1312255800.0,15188.0,12600,CHF,2.0
1312340400.0,15189.0,10800,CHF,3.0
1312513200.0,15191.0,10800,CHF,3.0
1312514100.0,15191.0,11700,CHF,2.0
1312767900.0,15194.0,6300,CHF,1.0
1312854300.0,15195.0,6300,CHF,2.0
1313378100.0,15201.0,11700,CHF,2.0
1314064800.0,15209.0,7200,CHF,2.0
1314248400.0,15211.0,18000,CHF,2.0
1314336600.0,15212.0,19800,CHF,3.0
1314669600.0,15216.0,7200,CHF,2.0
1314841500.0,15218.0,6300,CHF,3.0
1314846900.0,15218.0,11700,CHF,3.0
1314847800.0,15218.0,12600,CHF,2.0
1315278000.0,15223.0,10800,CHF,3.0
1315278900.0,15223.0,11700,CHF,2.0
1315446300.0,15225.0,6300,CHF,1.0
1315970100.0,15231.0,11700,CHF,2.0
1316056500.0,15232.0,11700,CHF,2.0
1316057400.0,15232.0,12600,CHF,3.0
1316057400.0,15232.0,12600,CHF,3.0
1316483100.0,15237.0,6300,CHF,2.0
1316484000.0,15237.0,7200,CHF,2.0
1316667600.0,15239.0,18000,CHF,2.0
1316748600.0,15240.0,12600,CHF,1.0
1317088800.0,15244.0,7200,CHF,2.0
1317212100.0,15245.0,44100,CHF,2.0
1317360600.0,15247.0,19800,CHF,3.0
1317611700.0,15250.0,11700,CHF,3.0
1317612600.0,15250.0,12600,CHF,2.0
1317870000.0,15253.0,10800,CHF,3.0
1317870900.0,15253.0,11700,CHF,2.0
1317951900.0,15254.0,6300,CHF,1.0
1318475700.0,15260.0,11700,CHF,2.0
1319076000.0,15267.0,7200,CHF,2.0
1319086800.0,15267.0,18000,CHF,2.0
1319508000.0,15272.0,7200,CHF,2.0
1319779800.0,15275.0,19800,CHF,3.0
1319925600.0,15276.0,79200,CHF,1.0
1320038160.0,15278.0,18960,CHF,3.0
1320121800.0,15279.0,16200,CHF,2.0
1320327000.0,15281.0,48600,CHF,1.0
1320379200.0,15282.0,14400,CHF,3.0
1320633900.0,15285.0,9900,CHF,1.0
1320639300.0,15285.0,15300,CHF,2.0
1320673500.0,15285.0,49500,CHF,2.0
1320720300.0,15286.0,9900,CHF,2.0
1320730800.0,15286.0,20400,CHF,2.0
1320744600.0,15286.0,34200,CHF,3.0
1321244100.0,15292.0,15300,CHF,2.0
1321509600.0,15295.0,21600,CHF,2.0
1321930800.0,15300.0,10800,CHF,2.0
1322542800.0,15307.0,18000,CHF,2.0
1322634600.0,15308.0,23400,CHF,3.0
1322707500.0,15309.0,9900,CHF,2.0
1322713800.0,15309.0,16200,CHF,2.0
1322799300.0,15310.0,15300,CHF,3.0
1323144000.0,15314.0,14400,CHF,3.0
1323144900.0,15314.0,15300,CHF,3.0
1323225900.0,15315.0,9900,CHF,1.0
1323663300.0,15320.0,15300,CHF,2.0
1323744300.0,15321.0,9900,CHF,2.0
1323836100.0,15322.0,15300,CHF,2.0
1323842400.0,15322.0,21600,CHF,2.0
1323922500.0,15323.0,15300,CHF,2.0
1323923400.0,15323.0,16200,CHF,3.0
1323923400.0,15323.0,16200,CHF,3.0
1323923400.0,15323.0,16200,CHF,3.0
1324350000.0,15328.0,10800,CHF,2.0
1324614600.0,15331.0,16200,CHF,1.0
1324857660.0,15334.0,60,CHF,1.0
1324954800.0,15335.0,10800,CHF,2.0
1325053800.0,15336.0,23400,CHF,3.0
1325462460.0,15341.0,60,CHF,1.0
1325565000.0,15342.0,16200,CHF,2.0
1325761200.0,15344.0,39600,CHF,3.0
1325823000.0,15345.0,15000,CHF,3.0
1325823300.0,15345.0,15300,CHF,3.0
1326077100.0,15348.0,9900,CHF,1.0
1326082500.0,15348.0,15300,CHF,3.0
1326687300.0,15355.0,15300,CHF,2.0
1326866400.0,15357.0,21600,CHF,2.0
1327407300.0,15363.0,44100,CHF,2.0
1327636800.0,15366.0,14400,CHF,3.0
1327978800.0,15370.0,10800,CHF,2.0
1328069700.0,15371.0,15300,CHF,3.0
1328070600.0,15371.0,16200,CHF,2.0
1328151600.0,15372.0,10800,CHF,2.0
1328587200.0,15377.0,14400,CHF,3.0
1328598900.0,15377.0,26100,CHF,3.0
1328669100.0,15378.0,9900,CHF,1.0
1328755500.0,15379.0,9900,CHF,2.0
1328847300.0,15380.0,15300,CHF,3.0
1329106500.0,15383.0,15300,CHF,2.0
1329285600.0,15385.0,21600,CHF,2.0
1329793200.0,15391.0,10800,CHF,2.0
1330398000.0,15398.0,10800,CHF,1.0
1330402500.0,15398.0,15300,CHF,2.0
1330435800.0,15398.0,48600,CHF,3.0
1330488000.0,15399.0,14400,CHF,3.0
1330569900.0,15400.0,9900,CHF,2.0
1330576200.0,15400.0,16200,CHF,2.0
1330920900.0,15404.0,15300,CHF,3.0
1331088300.0,15406.0,9900,CHF,1.0
1331092800.0,15406.0,14400,CHF,3.0
1331180100.0,15407.0,15300,CHF,3.0
1331612100.0,15412.0,15300,CHF,2.0
1331704800.0,15413.0,21600,CHF,2.0
1331779500.0,15414.0,9900,CHF,2.0
1331785800.0,15414.0,16200,CHF,3.0
1331785800.0,15414.0,16200,CHF,3.0
1332216900.0,15419.0,15300,CHF,2.0
1332385200.0,15421.0,10800,CHF,2.0
1332421200.0,15421.0,46800,CHF,2.0
1332477000.0,15422.0,16200,CHF,1.0
1332622800.0,15423.0,75600,CHF,1.0
1332813600.0,15426.0,7200,CHF,1.0
1333076400.0,15429.0,10800,CHF,2.0
1333336500.0,15432.0,11700,CHF,3.0
1333337400.0,15432.0,12600,CHF,2.0
1333594800.0,15435.0,10800,CHF,3.0
1333595700.0,15435.0,11700,CHF,3.0
1333670460.0,15436.0,60,CHF,1.0
1333929660.0,15439.0,60,CHF,1.0
1334022300.0,15440.0,6300,CHF,1.0
1334546100.0,15446.0,11700,CHF,2.0
1334725200.0,15448.0,18000,CHF,2.0
1335232800.0,15454.0,7200,CHF,2.0
1335232800.0,15454.0,7200,CHF,1.0
1335495600.0,15457.0,10800,CHF,2.0
1335499200.0,15457.0,14400,CHF,3.0
1335830460.0,15461.0,60,CHF,1.0
1335929400.0,15462.0,12600,CHF,2.0
1336101300.0,15464.0,11700,CHF,3.0
1336355100.0,15467.0,6300,CHF,1.0
1336359600.0,15467.0,10800,CHF,3.0
1336360500.0,15467.0,11700,CHF,3.0
1336965300.0,15474.0,11700,CHF,2.0
1336995900.0,15474.0,42300,CHF,3.0
1337144400.0,15476.0,18000,CHF,2.0
1337212860.0,15477.0,60,CHF,1.0
1337564700.0,15481.0,6300,CHF,2.0
1337824800.0,15484.0,7200,CHF,2.0
1337915700.0,15485.0,11700,CHF,2.0
1338163260.0,15488.0,60,CHF,1.0
1338256800.0,15489.0,7200,CHF,1.0
1338346800.0,15490.0,10800,CHF,2.0
1338428700.0,15491.0,6300,CHF,2.0
1338436800.0,15491.0,14400,CHF,2.0
1338520500.0,15492.0,11700,CHF,3.0
1338521400.0,15492.0,12600,CHF,2.0
1339033500.0,15498.0,6300,CHF,1.0
1339038000.0,15498.0,10800,CHF,3.0
1339038900.0,15498.0,11700,CHF,3.0
1339465500.0,15503.0,6300,CHF,2.0
1339557300.0,15504.0,11700,CHF,2.0
1339644600.0,15505.0,12600,CHF,3.0
1339644600.0,15505.0,12600,CHF,3.0
1339644600.0,15505.0,12600,CHF,3.0
1339646400.0,15505.0,14400,CHF,2.0
1340168400.0,15511.0,18000,CHF,2.0
1340244000.0,15512.0,7200,CHF,2.0
1340335800.0,15513.0,12600,CHF,1.0
1340676000.0,15517.0,7200,CHF,1.0
1340843400.0,15519.0,1800,CHF,2.0
1340938800.0,15520.0,10800,CHF,2.0
1341198900.0,15523.0,11700,CHF,3.0
1341199800.0,15523.0,12600,CHF,2.0
1341543600.0,15527.0,10800,CHF,3.0
1341544500.0,15527.0,11700,CHF,3.0
1341798300.0,15530.0,6300,CHF,1.0
1342149300.0,15534.0,11700,CHF,2.0
1342587600.0,15539.0,18000,CHF,2.0
1342663200.0,15540.0,7200,CHF,2.0
1343358000.0,15548.0,10800,CHF,2.0
1343700000.0,15552.0,7200,CHF,1.0
1343779260.0,15553.0,60,CHF,1.0
1343877300.0,15554.0,11700,CHF,3.0
1343878200.0,15554.0,12600,CHF,2.0
1344303900.0,15559.0,6300,CHF,1.0
1344308400.0,15559.0,10800,CHF,3.0
1344309300.0,15559.0,11700,CHF,3.0
1344390240.0,15560.0,6240,CHF,2.0
1344914100.0,15566.0,11700,CHF,2.0
1345093200.0,15568.0,18000,CHF,2.0
1345687200.0,15575.0,7200,CHF,2.0
1346119200.0,15580.0,7200,CHF,1.0
1346123700.0,15580.0,11700,CHF,2.0
1346209200.0,15581.0,10800,CHF,2.0
1346641200.0,15586.0,10800,CHF,3.0
1346642100.0,15586.0,11700,CHF,3.0
1346643000.0,15586.0,12600,CHF,2.0
1346723100.0,15587.0,6300,CHF,2.0
1346814000.0,15588.0,10800,CHF,2.0
1346814900.0,15588.0,11700,CHF,3.0
1346982300.0,15590.0,6300,CHF,1.0
1346986800.0,15590.0,10800,CHF,3.0
1347506100.0,15596.0,11700,CHF,2.0
1347507000.0,15596.0,12600,CHF,3.0
1347507000.0,15596.0,12600,CHF,3.0
1347932700.0,15601.0,6300,CHF,2.0
1348030800.0,15602.0,18000,CHF,2.0
1348106400.0,15603.0,7200,CHF,2.0
1348198200.0,15604.0,12600,CHF,1.0
1348538400.0,15608.0,7200,CHF,1.0
1348545960.0,15608.0,14760,CHF,3.0
1348801200.0,15611.0,10800,CHF,2.0
1349061300.0,15614.0,11700,CHF,2.0
1349062200.0,15614.0,12600,CHF,2.0
1349406000.0,15618.0,10800,CHF,3.0
1349660700.0,15621.0,6300,CHF,1.0
1349666100.0,15621.0,11700,CHF,3.0
1349823600.0,15622.0,82800,CHF,3.0
1350270900.0,15628.0,11700,CHF,2.0
1350450000.0,15630.0,18000,CHF,2.0
1350525600.0,15631.0,7200,CHF,2.0
1351216800.0,15639.0,7200,CHF,2.0
1351371600.0,15640.0,75600,CHF,1.0
1351562400.0,15643.0,7200,CHF,1.0
1351739700.0,15645.0,11700,CHF,2.0
1351740600.0,15645.0,12600,CHF,2.0
1352166300.0,15650.0,6300,CHF,2.0
1352257200.0,15651.0,10800,CHF,3.0
1352258100.0,15651.0,11700,CHF,3.0
1352339100.0,15652.0,6300,CHF,1.0
1352776500.0,15657.0,11700,CHF,2.0
1352869200.0,15658.0,18000,CHF,2.0
1353033000.0,15660.0,9000,CHF,3.0
1353376800.0,15664.0,7200,CHF,2.0
1353499200.0,15665.0,43200,CHF,2.0
1353899700.0,15670.0,11700,CHF,2.0
1353981600.0,15671.0,7200,CHF,1.0
1354104900.0,15672.0,44100,CHF,3.0
1354153500.0,15673.0,6300,CHF,2.0
1354244400.0,15674.0,10800,CHF,2.0
1354504500.0,15677.0,11700,CHF,2.0
1354505400.0,15677.0,12600,CHF,2.0
1354758300.0,15680.0,6300,CHF,1.0
1354763700.0,15680.0,11700,CHF,3.0
1354849200.0,15681.0,10800,CHF,3.0
1355288400.0,15686.0,18000,CHF,2.0
1355363100.0,15687.0,6300,CHF,2.0
1355368500.0,15687.0,11700,CHF,2.0
1355369400.0,15687.0,12600,CHF,3.0
1355369400.0,15687.0,12600,CHF,3.0
1355369400.0,15687.0,12600,CHF,3.0
1355968800.0,15694.0,7200,CHF,2.0
1356060600.0,15695.0,12600,CHF,1.0
1356393660.0,15699.0,60,CHF,1.0
1356480060.0,15700.0,60,CHF,1.0
1356573600.0,15701.0,7200,CHF,1.0
1356998460.0,15706.0,60,CHF,1.0
1357084860.0,15707.0,60,CHF,1.0
1357182000.0,15708.0,10800,CHF,2.0
1357183800.0,15708.0,12600,CHF,2.0
1357527600.0,15712.0,10800,CHF,3.0
1357609500.0,15713.0,6300,CHF,1.0
1357874100.0,15716.0,11700,CHF,3.0
1358306100.0,15721.0,11700,CHF,2.0
1358392500.0,15722.0,11700,CHF,2.0
1358917200.0,15728.0,18000,CHF,2.0
1359511200.0,15735.0,7200,CHF,1.0
1359514800.0,15735.0,10800,CHF,2.0
1359689400.0,15737.0,12600,CHF,2.0
1360029600.0,15741.0,7200,CHF,2.0
1360049400.0,15741.0,27000,CHF,2.0
1360201500.0,15743.0,6300,CHF,2.0
1360206000.0,15743.0,10800,CHF,3.0
1360287900.0,15744.0,6300,CHF,1.0
1360293300.0,15744.0,11700,CHF,2.0
1360638900.0,15748.0,11700,CHF,3.0
1360645200.0,15748.0,18000,CHF,3.0
1360725300.0,15749.0,11700,CHF,2.0
1361276100.0,15755.0,44100,CHF,3.0
1361336400.0,15756.0,18000,CHF,2.0
1361412000.0,15757.0,7200,CHF,2.0
1361848500.0,15762.0,11700,CHF,2.0
1361930400.0,15763.0,7200,CHF,1.0
1361934000.0,15763.0,10800,CHF,2.0
1362015900.0,15764.0,6300,CHF,2.0
1362108600.0,15765.0,12600,CHF,2.0
1362620700.0,15771.0,6300,CHF,1.0
1362625200.0,15771.0,10800,CHF,3.0
1362628800.0,15771.0,14400,CHF,3.0
1362712500.0,15772.0,11700,CHF,3.0
1362975300.0,15775.0,15300,CHF,2.0
1363235400.0,15778.0,16200,CHF,3.0
1363235400.0,15778.0,16200,CHF,3.0
1363320900.0,15779.0,15300,CHF,2.0
1363574700.0,15782.0,9900,CHF,1.0
1363759200.0,15784.0,21600,CHF,2.0
1363834800.0,15785.0,10800,CHF,1.0
1363863600.0,15785.0,39600,CHF,1.0
1363870800.0,15785.0,46800,CHF,2.0
1364211900.0,15789.0,42300,CHF,2.0
1364353200.0,15791.0,10800,CHF,1.0
1364356800.0,15791.0,14400,CHF,2.0
1364515260.0,15793.0,60,CHF,1.0
1364677200.0,15794.0,75600,CHF,1.0
1364774460.0,15796.0,60,CHF,1.0
1364873400.0,15797.0,12600,CHF,2.0
1365130800.0,15800.0,10800,CHF,3.0
1365471900.0,15804.0,6300,CHF,1.0
1365477300.0,15804.0,11700,CHF,3.0
1365477300.0,15804.0,11700,CHF,2.0
1366082100.0,15811.0,11700,CHF,2.0
1366115400.0,15811.0,45000,CHF,2.0
1366174800.0,15812.0,18000,CHF,2.0
1366261200.0,15813.0,18000,CHF,2.0
1366483200.0,15815.0,67200,CHF,3.0
1366682400.0,15818.0,7200,CHF,1.0
1366768800.0,15819.0,7200,CHF,1.0
1366945200.0,15821.0,10800,CHF,2.0
1366948800.0,15821.0,14400,CHF,3.0
1367366460.0,15826.0,60,CHF,1.0
1367465400.0,15827.0,12600,CHF,2.0
1367891100.0,15832.0,6300,CHF,2.0
1367891100.0,15832.0,6300,CHF,1.0
1367895600.0,15832.0,10800,CHF,3.0
1367982900.0,15833.0,11700,CHF,3.0
1368057660.0,15834.0,60,CHF,1.0
1368414900.0,15838.0,11700,CHF,2.0
1368587700.0,15840.0,11700,CHF,2.0
1368594000.0,15840.0,18000,CHF,2.0
1369008060.0,15845.0,60,CHF,1.0
1369202400.0,15847.0,21600,CHF,3.0
1369706400.0,15853.0,7200,CHF,1.0
1369710900.0,15853.0,11700,CHF,2.0
1369792800.0,15854.0,7200,CHF,1.0
1369878300.0,15855.0,6300,CHF,2.0
1369969200.0,15856.0,10800,CHF,2.0
1370230200.0,15859.0,12600,CHF,2.0
1370488500.0,15862.0,11700,CHF,3.0
1370574000.0,15863.0,10800,CHF,2.0
1370828700.0,15866.0,6300,CHF,1.0
1370834100.0,15866.0,11700,CHF,2.0
1370876400.0,15866.0,54000,CHF,2.0
1370915100.0,15867.0,6300,CHF,1.0
1371093300.0,15869.0,11700,CHF,2.0
1371618000.0,15875.0,18000,CHF,2.0
1371688200.0,15876.0,1800,CHF,2.0
1371693600.0,15876.0,7200,CHF,1.0
1371699000.0,15876.0,12600,CHF,3.0
1371699000.0,15876.0,12600,CHF,3.0
1371699000.0,15876.0,12600,CHF,3.0
1372145400.0,15881.0,27000,CHF,2.0
1372212000.0,15882.0,7200,CHF,1.0
1372323600.0,15883.0,32400,CHF,1.0
1372388400.0,15884.0,10800,CHF,2.0
1372649400.0,15887.0,12600,CHF,2.0
1372993200.0,15891.0,10800,CHF,2.0
1372994100.0,15891.0,11700,CHF,3.0
1373247900.0,15894.0,6300,CHF,1.0
1373339700.0,15895.0,11700,CHF,2.0
1373858100.0,15901.0,11700,CHF,2.0
1374037200.0,15903.0,18000,CHF,2.0
1374112800.0,15904.0,7200,CHF,1.0
1375236000.0,15917.0,7200,CHF,1.0
1375239600.0,15917.0,10800,CHF,2.0
1375315260.0,15918.0,60,CHF,1.0
1375414200.0,15919.0,12600,CHF,2.0
1375839900.0,15924.0,6300,CHF,2.0
1375844400.0,15924.0,10800,CHF,2.0
1375845300.0,15924.0,11700,CHF,3.0
1375926300.0,15925.0,6300,CHF,1.0
1376277300.0,15929.0,11700,CHF,2.0
1376450100.0,15931.0,11700,CHF,2.0
1376456400.0,15931.0,18000,CHF,2.0
1377136800.0,15939.0,7200,CHF,1.0
1377655200.0,15945.0,7200,CHF,1.0
1377746100.0,15946.0,11700,CHF,2.0
1377831600.0,15947.0,10800,CHF,2.0
1378092600.0,15950.0,12600,CHF,2.0
1378172700.0,15951.0,6300,CHF,2.0
1378436400.0,15954.0,10800,CHF,2.0
1378437300.0,15954.0,11700,CHF,3.0
1378691100.0,15957.0,6300,CHF,1.0
1378696500.0,15957.0,11700,CHF,2.0
1379042100.0,15961.0,11700,CHF,2.0
1379480400.0,15966.0,18000,CHF,2.0
1379555100.0,15967.0,6300,CHF,1.0
1379556000.0,15967.0,7200,CHF,1.0
1379561400.0,15967.0,12600,CHF,3.0
1379561400.0,15967.0,12600,CHF,3.0
1379934900.0,15971.0,40500,CHF,3.0
1380074400.0,15973.0,7200,CHF,1.0
1380186000.0,15974.0,32400,CHF,1.0
1380250800.0,15975.0,10800,CHF,2.0
1380598200.0,15979.0,12600,CHF,2.0
1381114800.0,15985.0,10800,CHF,2.0
1381196700.0,15986.0,6300,CHF,1.0
1381202100.0,15986.0,11700,CHF,3.0
1381202100.0,15986.0,11700,CHF,2.0
1381233600.0,15986.0,43200,CHF,3.0
1381500000.0,15989.0,50400,CHF,2.0
1381720500.0,15992.0,11700,CHF,2.0
1381899600.0,15994.0,18000,CHF,2.0
1382403600.0,16000.0,3600,CHF,1.0
1382821200.0,16004.0,75600,CHF,1.0
1383097920.0,16008.0,6720,CHF,1.0
1383102000.0,16008.0,10800,CHF,2.0
1383276600.0,16010.0,12600,CHF,2.0
1383621300.0,16014.0,11700,CHF,3.0
1383788700.0,16016.0,6300,CHF,1.0
1383793200.0,16016.0,10800,CHF,2.0
1383875100.0,16017.0,6300,CHF,1.0
1383880500.0,16017.0,11700,CHF,2.0
1384398900.0,16023.0,11700,CHF,2.0
1384923600.0,16029.0,18000,CHF,2.0
1384999200.0,16030.0,7200,CHF,1.0
1385349300.0,16034.0,11700,CHF,2.0
1385379000.0,16034.0,41400,CHF,3.0
1385517600.0,16036.0,7200,CHF,1.0
1385603100.0,16037.0,6300,CHF,2.0
1385694000.0,16038.0,10800,CHF,2.0
1385955000.0,16041.0,12600,CHF,2.0
1386298800.0,16045.0,10800,CHF,2.0
1386299700.0,16045.0,11700,CHF,3.0
1386553500.0,16048.0,6300,CHF,1.0
1386558900.0,16048.0,11700,CHF,2.0
1386819000.0,16051.0,12600,CHF,3.0
1386819000.0,16051.0,12600,CHF,3.0
1386820800.0,16051.0,14400,CHF,3.0
1386904500.0,16052.0,11700,CHF,2.0
1387195200.0,16055.0,43200,CHF,2.0
1387342800.0,16057.0,18000,CHF,2.0
1387417500.0,16058.0,6300,CHF,1.0
1387418400.0,16058.0,7200,CHF,1.0
1387443600.0,16058.0,32400,CHF,1.0
1387764000.0,16062.0,7200,CHF,1.0
1387929660.0,16064.0,60,CHF,1.0
1388016060.0,16065.0,60,CHF,1.0
1388534460.0,16071.0,60,CHF,1.0
1388620860.0,16072.0,60,CHF,1.0
1388718000.0,16073.0,10800,CHF,2.0
1388719800.0,16073.0,12600,CHF,2.0
1389063600.0,16077.0,10800,CHF,2.0
1389318300.0,16080.0,6300,CHF,1.0
1389323700.0,16080.0,11700,CHF,3.0
1389759300.0,16085.0,15300,CHF,2.0
1389877200.0,16086.0,46800,CHF,3.0
1389932100.0,16087.0,15300,CHF,2.0
1390370400.0,16092.0,21600,CHF,2.0
1390964400.0,16099.0,10800,CHF,1.0
1391054400.0,16100.0,14400,CHF,2.0
1391401800.0,16104.0,16200,CHF,2.0
1391654700.0,16107.0,9900,CHF,1.0
1391655600.0,16107.0,10800,CHF,1.0
1391745600.0,16108.0,14400,CHF,2.0
1391746500.0,16108.0,15300,CHF,2.0
1392000300.0,16111.0,9900,CHF,1.0
1392178500.0,16113.0,15300,CHF,2.0
1392264900.0,16114.0,15300,CHF,2.0
1392789600.0,16120.0,21600,CHF,2.0
1392865200.0,16121.0,10800,CHF,1.0
1393383600.0,16127.0,10800,CHF,1.0
1393469100.0,16128.0,9900,CHF,2.0
1393474500.0,16128.0,15300,CHF,2.0
1393560000.0,16129.0,14400,CHF,2.0
1393821000.0,16132.0,16200,CHF,2.0
1394160300.0,16136.0,9900,CHF,1.0
1394164800.0,16136.0,14400,CHF,2.0
1394165700.0,16136.0,15300,CHF,2.0
1394424900.0,16139.0,15300,CHF,2.0
1394770500.0,16143.0,15300,CHF,2.0
1395110700.0,16147.0,9900,CHF,1.0
1395208800.0,16148.0,21600,CHF,2.0
1395236700.0,16148.0,49500,CHF,3.0
1395284400.0,16149.0,10800,CHF,1.0
1395289800.0,16149.0,16200,CHF,3.0
1395289800.0,16149.0,16200,CHF,3.0
1395802800.0,16155.0,10800,CHF,1.0
1395828000.0,16155.0,36000,CHF,1.0
1395925200.0,16156.0,46800,CHF,2.0
1396126800.0,16158.0,75600,CHF,1.0
1396234800.0,16160.0,10800,CHF,2.0
1396323000.0,16161.0,12600,CHF,2.0
1396839600.0,16167.0,10800,CHF,2.0
1396840500.0,16167.0,11700,CHF,2.0
1396921500.0,16168.0,6300,CHF,1.0
1396926900.0,16168.0,11700,CHF,2.0
1397531700.0,16175.0,11700,CHF,2.0
1397624400.0,16176.0,18000,CHF,2.0
1397779260.0,16178.0,60,CHF,1.0
