1422230401295.0,16461.0,1295.0,0.0,1422230401334.0,0.01,114.937,117.414,0.0,0.0,2476.25,239423.0
1422230401295.0,16461.0,1295.0,1.0,1422230401336.0,0.01,119.929,117.433,0.0,0.0,2495.25,236946.75
1421366400156.0,16451.0,156.0,0.0,1421366400189.0,0.01,113.657,116.133,0.0,0.0,2475.25,194595.5
1420150081041.0,16436.0,79681041.0,0.0,1420150081086.0,0.01,117.25,119.707,0.0,0.0,2456.25,104951.5
1420150081041.0,16436.0,79681041.0,1.0,1420150081087.0,0.01,122.242,119.746,0.0,0.0,2495.25,102495.25
1420761600167.0,16444.0,167.0,1.0,1420761600192.0,0.01,122.299,119.803,0.0,0.0,2495.25,152279.25
1420502400656.0,16441.0,656.0,1.0,1420502400705.0,0.01,121.923,119.427,0.0,0.0,2495.25,129854.0
1420761600168.0,16444.0,168.0,1.0,1420761600195.0,0.01,122.299,119.803,0.0,0.0,2495.25,157261.75
1421625600149.0,16454.0,149.0,0.0,1421625600196.0,0.01,115.106,117.585,0.0,0.0,2478.25,202064.25
1422316800621.0,16462.0,621.0,1.0,1422316800674.0,0.01,121.018,118.522,0.0,0.0,2495.25,249393.0
1421280000051.0,16450.0,51.0,1.0,1421280000070.0,0.01,119.937,117.441,0.0,0.0,2495.25,189625.0
1420675200184.0,16443.0,184.0,1.0,1420675200199.0,0.01,121.783,119.287,0.0,0.0,2495.25,149784.0
1421625600150.0,16454.0,150.0,1.0,1421625600200.0,0.01,120.098,117.602,0.0,0.0,2495.25,204559.5
1422230401566.0,16461.0,1566.0,1.0,1422230401608.0,0.01,119.925,117.429,0.0,0.0,2495.25,241918.25
1421020801315.0,16447.0,1315.0,1.0,1421020801354.0,0.01,120.735,118.239,0.0,0.0,2495.25,167223.75
1422316800411.0,16462.0,411.0,1.0,1422316800462.0,0.01,121.024,118.528,0.0,0.0,2495.25,244413.5
1421712000406.0,16455.0,406.0,0.0,1421712000462.0,0.01,115.253,117.737,0.0,0.0,2483.25,209538.0
1420588800406.0,16442.0,406.0,0.0,1420588800465.0,0.01,116.171,118.659,0.0,0.0,2487.25,137323.75
1421280000049.0,16450.0,49.0,0.0,1421280000065.0,0.01,114.954,117.42,0.0,0.0,2465.25,187129.75
1421712000407.0,16455.0,407.0,1.0,1421712000466.0,0.01,120.244,117.748,0.0,0.0,2495.25,212033.25
1421798400283.0,16456.0,283.0,0.0,1421798400340.0,0.01,116.174,118.657,0.0,0.0,2482.25,217010.75
1421798400283.0,16456.0,283.0,1.0,1421798400342.0,0.01,121.166,118.67,0.0,0.0,2495.25,214528.5
1421020800309.0,16447.0,309.0,0.0,1421020800345.0,0.01,115.743,118.229,0.0,0.0,2485.25,164728.5
1422489600436.0,16464.0,436.0,1.0,1422489600450.0,0.01,120.102,117.606,0.0,0.0,2495.25,264348.5
1421020800309.0,16447.0,309.0,1.0,1421020800347.0,0.01,120.735,118.239,0.0,0.0,2495.25,162243.25
1421798400355.0,16456.0,355.0,1.0,1421798400355.0,0.01,121.163,118.667,0.0,0.0,2495.25,219506.0
1422403202402.0,16463.0,2402.0,0.0,1422403202405.0,0.01,115.294,117.788,0.0,0.0,2493.25,261853.25
1420761600167.0,16444.0,167.0,0.0,1420761600190.0,0.01,117.307,119.795,0.0,0.0,2487.25,154766.5
1422403202402.0,16463.0,2402.0,1.0,1422403202407.0,0.01,120.286,117.79,0.0,0.0,2495.25,259360.0
1421107200059.0,16448.0,59.0,0.0,1421107200106.0,0.01,115.851,118.336,0.0,0.0,2484.25,172203.25
1422576001615.0,16465.0,1615.0,0.0,1422576001642.0,0.01,115.781,118.268,0.0,0.0,2486.25,276801.75
1421107200059.0,16448.0,59.0,1.0,1421107200108.0,0.01,120.843,118.347,0.0,0.0,2495.25,169719.0
1420502400656.0,16441.0,656.0,0.0,1420502400703.0,0.01,116.931,119.419,0.0,0.0,2487.25,132341.25
1421884800446.0,16457.0,446.0,0.0,1421884800498.0,0.01,115.359,117.843,0.0,0.0,2483.25,224484.5
1421884800446.0,16457.0,446.0,1.0,1421884800500.0,0.01,120.351,117.855,0.0,0.0,2495.25,222001.25
1421884800447.0,16457.0,447.0,1.0,1421884800502.0,0.01,120.351,117.855,0.0,0.0,2495.25,226979.75
1420761600168.0,16444.0,168.0,0.0,1420761600193.0,0.01,117.307,119.794,0.0,0.0,2486.25,159748.0
1421366400156.0,16451.0,156.0,1.0,1421366400191.0,0.01,118.649,116.153,0.0,0.0,2495.25,192120.25
1420588800508.0,16442.0,508.0,0.0,1420588800509.0,0.01,116.17,118.658,0.0,0.0,2487.25,142306.25
1420588800508.0,16442.0,508.0,1.0,1420588800511.0,0.01,121.162,118.666,0.0,0.0,2495.25,139819.0
1422576001615.0,16465.0,1615.0,1.0,1422576001644.0,0.01,120.773,118.277,0.0,0.0,2495.25,274315.5
1421193600004.0,16449.0,4.0,0.0,1421193600004.0,0.01,115.333,117.814,0.0,0.0,2480.25,179674.0
1421280000049.0,16450.0,49.0,1.0,1421280000067.0,0.01,119.946,117.45,0.0,0.0,2495.25,184664.5
1421193600004.0,16449.0,4.0,1.0,1421193600006.0,0.01,120.325,117.829,0.0,0.0,2495.25,177193.75
1422489600867.0,16464.0,867.0,0.0,1422489600882.0,0.01,115.101,117.583,0.0,0.0,2481.25,269325.0
1420156800213.0,16437.0,213.0,0.0,1420156800264.0,0.01,117.406,119.88,0.0,0.0,2473.25,112415.25
1422316800411.0,16462.0,411.0,0.0,1422316800460.0,0.01,116.032,118.517,0.0,0.0,2484.25,246897.75
1420156800213.0,16437.0,213.0,1.0,1420156800266.0,0.01,122.398,119.902,0.0,0.0,2495.25,109942.0
1421193600257.0,16449.0,257.0,1.0,1421193600260.0,0.01,120.324,117.828,0.0,0.0,2495.25,182169.25
1420156800214.0,16437.0,214.0,1.0,1420156800268.0,0.01,122.395,119.899,0.0,0.0,2495.25,114910.5
1421366401315.0,16451.0,1315.0,1.0,1421366401351.0,0.01,118.649,116.153,0.0,0.0,2495.25,197090.75
1421625600149.0,16454.0,149.0,1.0,1421625600198.0,0.01,120.098,117.602,0.0,0.0,2495.25,199586.0
1420588800406.0,16442.0,406.0,1.0,1420588800407.0,0.01,121.163,118.667,0.0,0.0,2495.25,134836.5
1420675200014.0,16443.0,14.0,0.0,1420675200026.0,0.01,116.792,119.28,0.0,0.0,2487.25,147288.75
1420416000277.0,16440.0,277.0,0.0,1420416000283.0,0.01,117.916,120.392,0.0,0.0,2475.25,119881.0
1420675200014.0,16443.0,14.0,1.0,1420675200028.0,0.01,121.784,119.288,0.0,0.0,2495.25,144801.5
1420416000277.0,16440.0,277.0,1.0,1420416000285.0,0.01,122.908,120.412,0.0,0.0,2495.25,117405.75
1421712000406.0,16455.0,406.0,1.0,1421712000464.0,0.01,120.245,117.749,0.0,0.0,2495.25,207054.75
1420150095088.0,16436.0,79695088.0,1.0,1420150095137.0,0.01,122.236,119.74,0.0,0.0,2495.25,107446.75
1421971202452.0,16458.0,2452.0,1.0,1421971202466.0,0.01,121.217,118.721,0.0,0.0,2495.25,234451.5
1422316800621.0,16462.0,621.0,0.0,1422316800672.0,0.01,116.026,118.517,0.0,0.0,2490.25,251883.25
1420502400505.0,16441.0,505.0,0.0,1420502400550.0,0.01,116.932,119.42,0.0,0.0,2487.25,127358.75
1420502400505.0,16441.0,505.0,1.0,1420502400552.0,0.01,121.924,119.428,0.0,0.0,2495.25,124871.5
1422489600867.0,16464.0,867.0,1.0,1422489600884.0,0.01,120.093,117.597,0.0,0.0,2495.25,266843.75
1420416000292.0,16440.0,292.0,1.0,1420416000301.0,0.01,122.903,120.407,0.0,0.0,2495.25,122376.25
1422403201331.0,16463.0,1331.0,1.0,1422403201334.0,0.01,120.286,117.79,0.0,0.0,2495.25,254378.5
1421971201315.0,16458.0,1315.0,0.0,1421971201326.0,0.01,116.228,118.71,0.0,0.0,2481.25,231956.25
1422576001323.0,16465.0,1323.0,1.0,1422576001349.0,0.01,120.779,118.283,0.0,0.0,2495.25,271820.25
1421971201315.0,16458.0,1315.0,1.0,1421971201328.0,0.01,121.22,118.724,0.0,0.0,2495.25,229475.0
1421107200513.0,16448.0,513.0,1.0,1421107200563.0,0.01,120.841,118.345,0.0,0.0,2495.25,174698.5
1422403201331.0,16463.0,1331.0,0.0,1422403201332.0,0.01,115.294,117.781,0.0,0.0,2486.25,256864.75
1424649600796.0,16489.0,796.0,1.0,1424649600821.0,0.01,121.58,119.084,0.0,0.0,2495.25,219543.0
1424304000302.0,16485.0,302.0,1.0,1424304000310.0,0.01,121.219,118.723,0.0,0.0,2495.25,207084.75
1424649601543.0,16489.0,1543.0,0.0,1424649601568.0,0.01,116.585,119.072,0.0,0.0,2486.25,227007.75
1423440001040.0,16475.0,1040.0,0.0,1423440001088.0,0.01,116.478,118.956,0.0,0.0,2477.25,144812.5
1424822401175.0,16491.0,1175.0,1.0,1424822401217.0,0.01,121.37,118.874,0.0,0.0,2495.25,236978.75
1423440001040.0,16475.0,1040.0,1.0,1423440001090.0,0.01,121.47,118.974,0.0,0.0,2495.25,142335.25
1424822401175.0,16491.0,1175.0,0.0,1424822401219.0,0.01,116.379,118.865,0.0,0.0,2485.25,241959.25
1423699200307.0,16478.0,307.0,0.0,1423699200324.0,0.01,117.714,120.2,0.0,0.0,2485.25,167237.75
1424822401175.0,16491.0,1175.0,1.0,1424822401221.0,0.01,121.371,118.875,0.0,0.0,2495.25,239474.0
1423699200307.0,16478.0,307.0,1.0,1423699200326.0,0.01,122.706,120.21,0.0,0.0,2495.25,164752.5
1424908800342.0,16492.0,342.0,1.0,1424908800394.0,0.01,121.328,118.832,0.0,0.0,2495.25,244454.5
1424908800788.0,16492.0,788.0,0.0,1424908800840.0,0.01,116.336,118.822,0.0,0.0,2485.25,251919.25
1422921601313.0,16469.0,1313.0,0.0,1422921601354.0,0.01,115.107,117.591,0.0,0.0,2483.25,112432.25
1422921601313.0,16469.0,1313.0,1.0,1422921601356.0,0.01,120.099,117.603,0.0,0.0,2495.25,109949.0
1423180801350.0,16472.0,1350.0,1.0,1423180801362.0,0.01,120.041,117.545,0.0,0.0,2495.25,139840.0
1424908800788.0,16492.0,788.0,1.0,1424908800842.0,0.01,121.328,118.832,0.0,0.0,2495.25,249434.0
1424304000223.0,16485.0,223.0,1.0,1424304000229.0,0.01,121.219,118.723,0.0,0.0,2495.25,202105.25
1424044800050.0,16482.0,50.0,0.0,1424044800088.0,0.01,116.151,118.617,0.0,0.0,2465.25,182165.25
1424995200089.0,16493.0,89.0,1.0,1424995200089.0,0.01,121.885,119.389,0.0,0.0,2495.25,254414.5
1424044800050.0,16482.0,50.0,1.0,1424044800090.0,0.01,121.143,118.647,0.0,0.0,2495.25,179700.0
1424995200091.0,16493.0,91.0,0.0,1424995200092.0,0.01,116.893,119.381,0.0,0.0,2487.25,259397.0
1424995200091.0,16493.0,91.0,1.0,1424995200095.0,0.01,121.885,119.389,0.0,0.0,2495.25,256909.75
1424044800312.0,16482.0,312.0,1.0,1424044800353.0,0.01,121.141,118.645,0.0,0.0,2495.25,184660.5
1424304000223.0,16485.0,223.0,0.0,1424304000227.0,0.01,116.227,118.712,0.0,0.0,2484.25,204589.5
1424217600815.0,16484.0,815.0,0.0,1424217600869.0,0.01,116.721,119.206,0.0,0.0,2484.25,197114.75
1423526400429.0,16476.0,429.0,0.0,1423526400486.0,0.01,116.105,118.592,0.0,0.0,2486.25,152289.25
1424217600815.0,16484.0,815.0,1.0,1424217600871.0,0.01,121.713,119.217,0.0,0.0,2495.25,194630.5
1423526400429.0,16476.0,429.0,1.0,1423526400488.0,0.01,121.097,118.601,0.0,0.0,2495.25,149803.0
1423094400690.0,16471.0,690.0,1.0,1423094400745.0,0.01,119.803,117.307,0.0,0.0,2495.25,132362.25
1424736000914.0,16490.0,914.0,0.0,1424736000947.0,0.01,116.424,118.91,0.0,0.0,2485.25,234483.5
1423785600207.0,16479.0,207.0,0.0,1423785600236.0,0.01,116.44,118.922,0.0,0.0,2481.25,174709.5
1423612801055.0,16477.0,1055.0,1.0,1423612801065.0,0.01,121.865,119.369,0.0,0.0,2495.25,162257.25
1423785600208.0,16479.0,208.0,1.0,1423785600240.0,0.01,121.432,118.936,0.0,0.0,2495.25,177204.75
1423526400883.0,16476.0,883.0,1.0,1423526400883.0,0.01,121.095,118.599,0.0,0.0,2495.25,154784.5
1424131200713.0,16483.0,713.0,1.0,1424131200761.0,0.01,120.989,118.493,0.0,0.0,2495.25,192135.25
1423008000868.0,16470.0,868.0,0.0,1423008000891.0,0.01,115.172,117.657,0.0,0.0,2484.25,119907.0
1423440001356.0,16475.0,1356.0,1.0,1423440001407.0,0.01,121.47,118.974,0.0,0.0,2495.25,147307.75
1424131200467.0,16483.0,467.0,0.0,1424131200512.0,0.01,115.997,118.482,0.0,0.0,2484.25,189640.0
1424131200467.0,16483.0,467.0,1.0,1424131200514.0,0.01,120.989,118.493,0.0,0.0,2495.25,187155.75
1424390400502.0,16486.0,502.0,0.0,1424390400515.0,0.01,116.496,118.98,0.0,0.0,2483.25,214552.5
1424390400502.0,16486.0,502.0,1.0,1424390400517.0,0.01,121.488,118.992,0.0,0.0,2495.25,212069.25
1424908800342.0,16492.0,342.0,0.0,1424908800392.0,0.01,116.336,118.821,0.0,0.0,2484.25,246938.75
1423008000868.0,16470.0,868.0,1.0,1423008000906.0,0.01,120.164,117.668,0.0,0.0,2495.25,117422.75
1423008000869.0,16470.0,869.0,0.0,1423008000908.0,0.01,115.171,117.657,0.0,0.0,2485.25,124887.5
1423008000869.0,16470.0,869.0,1.0,1423008000910.0,0.01,120.163,117.667,0.0,0.0,2495.25,122402.25
1423094400092.0,16471.0,92.0,0.0,1423094400144.0,0.01,114.811,117.296,0.0,0.0,2484.25,129867.0
1423094400092.0,16471.0,92.0,1.0,1423094400146.0,0.01,119.803,117.307,0.0,0.0,2495.25,127382.75
1422921602152.0,16469.0,2152.0,1.0,1422921602196.0,0.01,120.096,117.6,0.0,0.0,2495.25,114927.5
1423785600207.0,16479.0,207.0,1.0,1423785600238.0,0.01,121.432,118.936,0.0,0.0,2495.25,172228.25
1424736000913.0,16490.0,913.0,1.0,1424736000945.0,0.01,121.417,118.921,0.0,0.0,2495.25,229503.0
1422835200000.0,16468.0,0.0,0.0,1422835200031.0,0.01,114.714,117.178,0.0,0.0,2463.25,104958.5
1422835200000.0,16468.0,0.0,1.0,1422835200032.0,0.01,119.706,117.21,0.0,0.0,2495.25,102495.25
1424649601543.0,16489.0,1543.0,1.0,1424649601570.0,0.01,121.577,119.081,0.0,0.0,2495.25,224521.5
1424736000914.0,16490.0,914.0,1.0,1424736000949.0,0.01,121.416,118.92,0.0,0.0,2495.25,231998.25
1424217601529.0,16484.0,1529.0,1.0,1424217601586.0,0.01,121.713,119.217,0.0,0.0,2495.25,199610.0
1424390401045.0,16486.0,1045.0,1.0,1424390401061.0,0.01,121.486,118.99,0.0,0.0,2495.25,217047.75
1422835200008.0,16468.0,8.0,1.0,1422835200041.0,0.01,119.696,117.2,0.0,0.0,2495.25,107453.75
1423699200607.0,16478.0,607.0,1.0,1423699200627.0,0.01,122.706,120.21,0.0,0.0,2495.25,169733.0
1423612800552.0,16477.0,552.0,0.0,1423612800559.0,0.01,116.874,119.357,0.0,0.0,2482.25,159762.0
1424304000302.0,16485.0,302.0,0.0,1424304000308.0,0.01,116.227,118.717,0.0,0.0,2489.25,209574.0
1423612800552.0,16477.0,552.0,1.0,1423612800561.0,0.01,121.866,119.37,0.0,0.0,2495.25,157279.75
1423180800297.0,16472.0,297.0,0.0,1423180800306.0,0.01,115.049,117.537,0.0,0.0,2487.25,137344.75
1424649600796.0,16489.0,796.0,0.0,1424649600819.0,0.01,116.588,119.072,0.0,0.0,2483.25,222026.25
1423180800297.0,16472.0,297.0,1.0,1423180800308.0,0.01,120.041,117.545,0.0,0.0,2495.25,134857.5
1425513600263.0,16499.0,263.0,1.0,1425513600310.0,0.01,122.146,119.65,0.0,0.0,2495.25,129912.0
1427414400255.0,16521.0,255.0,1.0,1427414400311.0,0.01,121.704,119.208,0.0,0.0,2495.25,256948.75
1425859200779.0,16503.0,779.0,1.0,1425859200822.0,0.01,123.243,120.747,0.0,0.0,2495.25,144858.5
1427760000678.0,16525.0,678.0,0.0,1427760000680.0,0.01,117.535,120.02,0.0,0.0,2484.25,279363.0
1426636800282.0,16512.0,282.0,0.0,1426636800327.0,0.01,118.819,121.285,0.0,0.0,2465.25,199665.0
1426204800178.0,16507.0,178.0,1.0,1426204800200.0,0.01,123.827,121.331,0.0,0.0,2495.25,174767.5
1426636800282.0,16512.0,282.0,1.0,1426636800329.0,0.01,123.811,121.315,0.0,0.0,2495.25,197199.75
1425427200068.0,16498.0,68.0,0.0,1425427200121.0,0.01,117.143,119.631,0.0,0.0,2487.25,119937.0
1427673600927.0,16524.0,927.0,1.0,1427673600975.0,0.01,121.75,119.254,0.0,0.0,2495.25,266920.75
1425340801191.0,16497.0,1191.0,1.0,1425340801233.0,0.01,122.712,120.216,0.0,0.0,2495.25,114954.5
1425600000206.0,16500.0,206.0,0.0,1425600000210.0,0.01,117.569,120.057,0.0,0.0,2487.25,137380.75
1427241600940.0,16519.0,940.0,1.0,1427241600978.0,0.01,122.299,119.803,0.0,0.0,2495.25,239528.0
1425600000206.0,16500.0,206.0,1.0,1425600000212.0,0.01,122.561,120.065,0.0,0.0,2495.25,134893.5
1425600000207.0,16500.0,207.0,0.0,1425600000213.0,0.01,117.569,120.057,0.0,0.0,2487.25,142363.25
1425600000207.0,16500.0,207.0,1.0,1425600000215.0,0.01,122.561,120.065,0.0,0.0,2495.25,139876.0
1425254400057.0,16496.0,57.0,0.0,1425254400089.0,0.01,117.343,119.829,0.0,0.0,2485.25,104980.5
1425254400057.0,16496.0,57.0,1.0,1425254400090.0,0.01,122.335,119.839,0.0,0.0,2495.25,102495.25
1427328000427.0,16520.0,427.0,0.0,1427328000474.0,0.01,117.023,119.513,0.0,0.0,2489.25,254453.5
1425513600048.0,16499.0,48.0,1.0,1425513600092.0,0.01,122.167,119.671,0.0,0.0,2495.25,127416.75
1427328000427.0,16520.0,427.0,1.0,1427328000476.0,0.01,122.015,119.519,0.0,0.0,2495.25,251964.25
1427241600940.0,16519.0,940.0,0.0,1427241600976.0,0.01,117.307,119.773,0.0,0.0,2465.25,241993.25
1427068801898.0,16517.0,1898.0,1.0,1427068801915.0,0.01,122.526,120.03,0.0,0.0,2495.25,222095.25
1426118400210.0,16506.0,210.0,0.0,1426118400224.0,0.01,118.922,121.41,0.0,0.0,2487.25,172272.25
1426118400210.0,16506.0,210.0,1.0,1426118400226.0,0.01,123.914,121.418,0.0,0.0,2495.25,169785.0
1427760000015.0,16525.0,15.0,1.0,1427760000017.0,0.01,122.527,120.031,0.0,0.0,2495.25,271900.25
1427414400811.0,16521.0,811.0,0.0,1427414400868.0,0.01,116.712,119.199,0.0,0.0,2486.25,261930.25
1427414400811.0,16521.0,811.0,1.0,1427414400870.0,0.01,121.704,119.208,0.0,0.0,2495.25,259444.0
1426204800272.0,16507.0,272.0,0.0,1426204800295.0,0.01,118.831,121.322,0.0,0.0,2490.25,179753.0
1425859202509.0,16503.0,2509.0,1.0,1425859202555.0,0.01,123.243,120.747,0.0,0.0,2495.25,147353.75
1426723200413.0,16513.0,413.0,1.0,1426723200472.0,0.01,122.575,120.079,0.0,0.0,2495.25,209635.0
1427328000062.0,16520.0,62.0,1.0,1427328000108.0,0.01,122.015,119.519,0.0,0.0,2495.25,249469.0
1425427200439.0,16498.0,439.0,0.0,1425427200494.0,0.01,117.143,119.633,0.0,0.0,2489.25,124921.5
1425427200439.0,16498.0,439.0,1.0,1425427200496.0,0.01,122.135,119.639,0.0,0.0,2495.25,122432.25
1426809601896.0,16514.0,1896.0,1.0,1426809601905.0,0.01,123.257,120.761,0.0,0.0,2495.25,219600.0
1425340800515.0,16497.0,515.0,0.0,1425340800554.0,0.01,117.72,120.209,0.0,0.0,2488.25,112459.25
1425859202509.0,16503.0,2509.0,0.0,1425859202553.0,0.01,118.251,120.737,0.0,0.0,2485.25,149839.0
1427068801898.0,16517.0,1898.0,0.0,1427068801913.0,0.01,117.534,120.021,0.0,0.0,2486.25,224581.5
1425427200068.0,16498.0,68.0,1.0,1425427200123.0,0.01,122.135,119.639,0.0,0.0,2495.25,117449.75
1426723200220.0,16513.0,220.0,1.0,1426723200277.0,0.01,122.577,120.081,0.0,0.0,2495.25,204655.5
1427068801898.0,16517.0,1898.0,0.0,1427068801916.0,0.01,117.542,120.021,0.0,0.0,2478.25,229555.0
1427068801898.0,16517.0,1898.0,1.0,1427068801918.0,0.01,122.534,120.038,0.0,0.0,2495.25,227076.75
1426032001147.0,16505.0,1147.0,0.0,1426032001151.0,0.01,118.563,121.051,0.0,0.0,2487.25,164794.5
1426032001147.0,16505.0,1147.0,1.0,1426032001153.0,0.01,123.555,121.059,0.0,0.0,2495.25,162307.25
1426809601896.0,16514.0,1896.0,0.0,1426809601901.0,0.01,118.261,120.75,0.0,0.0,2488.25,217104.75
1426636801110.0,16512.0,1110.0,1.0,1426636801158.0,0.01,123.802,121.306,0.0,0.0,2495.25,202160.25
1426550400613.0,16511.0,613.0,0.0,1426550400651.0,0.01,118.886,121.374,0.0,0.0,2487.25,192209.25
1426550400613.0,16511.0,613.0,1.0,1426550400653.0,0.01,123.878,121.382,0.0,0.0,2495.25,189722.0
1427760000015.0,16525.0,15.0,0.0,1427760000015.0,0.01,117.535,120.019,0.0,0.0,2483.25,274383.5
1426550400616.0,16511.0,616.0,1.0,1426550400657.0,0.01,123.877,121.381,0.0,0.0,2495.25,194704.5
1427155200632.0,16518.0,632.0,0.0,1427155200658.0,0.01,117.271,119.759,0.0,0.0,2487.25,234537.5
1426723200220.0,16513.0,220.0,0.0,1426723200275.0,0.01,117.585,120.07,0.0,0.0,2484.25,207139.75
1427155200632.0,16518.0,632.0,1.0,1427155200660.0,0.01,122.263,119.767,0.0,0.0,2495.25,232050.25
1426118400136.0,16506.0,136.0,1.0,1426118400149.0,0.01,123.926,121.43,0.0,0.0,2495.25,167289.75
1426809601896.0,16514.0,1896.0,1.0,1426809601903.0,0.01,123.253,120.757,0.0,0.0,2495.25,214616.5
1427673600339.0,16524.0,339.0,1.0,1427673600346.0,0.01,121.761,119.265,0.0,0.0,2495.25,264425.5
1426464002045.0,16510.0,2045.0,1.0,1426464002075.0,0.01,123.821,121.325,0.0,0.0,2495.25,182248.25
1426464002045.0,16510.0,2045.0,0.0,1426464002077.0,0.01,118.83,121.314,0.0,0.0,2483.25,187226.75
1427155201409.0,16518.0,1409.0,1.0,1427155201438.0,0.01,122.263,119.767,0.0,0.0,2495.25,237032.75
1426464002045.0,16510.0,2045.0,1.0,1426464002079.0,0.01,123.822,121.326,0.0,0.0,2495.25,184743.5
1427241601274.0,16519.0,1274.0,0.0,1427241601312.0,0.01,117.297,119.783,0.0,0.0,2485.25,246973.75
1425945600365.0,16504.0,365.0,1.0,1425945600417.0,0.01,123.93,121.434,0.0,0.0,2495.25,152334.25
1427241601274.0,16519.0,1274.0,1.0,1427241601314.0,0.01,122.289,119.793,0.0,0.0,2495.25,244488.5
1426204800272.0,16507.0,272.0,1.0,1426204800297.0,0.01,123.823,121.327,0.0,0.0,2495.25,177262.75
1425945600370.0,16504.0,370.0,0.0,1425945600423.0,0.01,118.937,121.425,0.0,0.0,2487.25,157316.75
1425254400391.0,16496.0,391.0,1.0,1425254400425.0,0.01,122.334,119.838,0.0,0.0,2495.25,107475.75
1425945600370.0,16504.0,370.0,1.0,1425945600425.0,0.01,123.929,121.433,0.0,0.0,2495.25,154829.5
1427760000678.0,16525.0,678.0,1.0,1427760000682.0,0.01,122.527,120.031,0.0,0.0,2495.25,276878.75
1425340800515.0,16497.0,515.0,1.0,1425340800556.0,0.01,122.712,120.216,0.0,0.0,2495.25,109971.0
1426032000997.0,16505.0,997.0,1.0,1426032001000.0,0.01,123.564,121.068,0.0,0.0,2495.25,159812.0
1427673600927.0,16524.0,927.0,0.0,1427673600935.0,0.01,116.758,119.243,0.0,0.0,2484.25,269405.0
1426723200413.0,16513.0,413.0,0.0,1426723200470.0,0.01,117.583,120.07,0.0,0.0,2486.25,212121.25
1425513600263.0,16499.0,263.0,0.0,1425513600308.0,0.01,117.154,119.641,0.0,0.0,2486.25,132398.25
1428624000386.0,16535.0,386.0,1.0,1428624000437.0,0.01,123.06,120.564,0.0,0.0,2495.25,159811.0
1430092801607.0,16552.0,1607.0,0.0,1430092801631.0,0.01,116.441,118.908,0.0,0.0,2466.25,251828.25
1429660800128.0,16547.0,128.0,0.0,1429660800184.0,0.01,117.183,119.649,0.0,0.0,2465.25,224496.5
1429056004393.0,16540.0,4393.0,0.0,1429056004409.0,0.01,116.971,119.437,0.0,0.0,2465.25,189687.0
1429660800128.0,16547.0,128.0,1.0,1429660800186.0,0.01,122.175,119.679,0.0,0.0,2495.25,222031.25
1429056004393.0,16540.0,4393.0,1.0,1429056004411.0,0.01,121.963,119.467,0.0,0.0,2495.25,187221.75
1428537601040.0,16534.0,1040.0,1.0,1428537601084.0,0.01,122.605,120.109,0.0,0.0,2495.25,157315.75
1429747200822.0,16548.0,822.0,1.0,1429747200829.0,0.01,122.46,119.964,0.0,0.0,2495.25,229487.0
1429142400807.0,16541.0,807.0,0.0,1429142400831.0,0.01,116.653,119.142,0.0,0.0,2488.25,197165.75
1427932800408.0,16527.0,408.0,1.0,1427932800448.0,0.01,122.086,119.59,0.0,0.0,2495.25,114952.5
1429142400807.0,16541.0,807.0,1.0,1429142400833.0,0.01,121.645,119.149,0.0,0.0,2495.25,194677.5
1428451200062.0,16533.0,62.0,0.0,1428451200066.0,0.01,117.788,120.276,0.0,0.0,2487.25,144854.5
1430092801607.0,16552.0,1607.0,1.0,1430092801633.0,0.01,121.433,118.937,0.0,0.0,2495.25,249362.0
1428451200062.0,16533.0,62.0,1.0,1428451200068.0,0.01,122.78,120.284,0.0,0.0,2495.25,142367.25
1428883200909.0,16538.0,909.0,0.0,1428883200967.0,0.01,117.71,120.193,0.0,0.0,2482.25,174753.5
1429488001438.0,16545.0,1438.0,1.0,1429488001481.0,0.01,121.351,118.855,0.0,0.0,2495.25,209612.0
1428969600156.0,16539.0,156.0,1.0,1428969600162.0,0.01,122.551,120.055,0.0,0.0,2495.25,177248.75
1429488000547.0,16545.0,547.0,1.0,1429488000587.0,0.01,121.354,118.858,0.0,0.0,2495.25,207116.75
1427932800167.0,16527.0,167.0,0.0,1427932800204.0,0.01,117.096,119.582,0.0,0.0,2485.25,112457.25
1427932800167.0,16527.0,167.0,1.0,1427932800206.0,0.01,122.088,119.592,0.0,0.0,2495.25,109972.0
1428364800039.0,16532.0,39.0,1.0,1428364800084.0,0.01,121.989,119.493,0.0,0.0,2495.25,134891.5
1430092801421.0,16552.0,1421.0,1.0,1430092801444.0,0.01,121.434,118.938,0.0,0.0,2495.25,246866.75
1428364800040.0,16532.0,40.0,0.0,1428364800087.0,0.01,116.997,119.483,0.0,0.0,2485.25,139872.0
1428364800040.0,16532.0,40.0,1.0,1428364800089.0,0.01,121.989,119.493,0.0,0.0,2495.25,137386.75
1428278400037.0,16531.0,37.0,0.0,1428278400093.0,0.01,116.371,118.857,0.0,0.0,2485.25,127408.75
1428451201368.0,16533.0,1368.0,0.0,1428451201374.0,0.01,117.788,120.277,0.0,0.0,2488.25,149838.0
1428278400037.0,16531.0,37.0,1.0,1428278400095.0,0.01,121.363,118.867,0.0,0.0,2495.25,124923.5
1428451201368.0,16533.0,1368.0,1.0,1428451201376.0,0.01,122.78,120.284,0.0,0.0,2495.25,147349.75
1429574400306.0,16546.0,306.0,0.0,1429574400353.0,0.01,116.738,119.204,0.0,0.0,2465.25,217040.75
1428537600340.0,16534.0,340.0,0.0,1428537600354.0,0.01,117.613,120.101,0.0,0.0,2487.25,154820.5
1429574400306.0,16546.0,306.0,1.0,1429574400355.0,0.01,121.73,119.234,0.0,0.0,2495.25,214575.5
1430352000307.0,16555.0,307.0,0.0,1430352000358.0,0.01,116.501,118.966,0.0,0.0,2464.25,271721.25
1430352000307.0,16555.0,307.0,1.0,1430352000360.0,0.01,121.493,118.997,0.0,0.0,2495.25,269257.0
1430269203729.0,16554.0,3603729.0,1.0,1430269203772.0,0.01,121.289,118.793,0.0,0.0,2495.25,264279.5
1427846400078.0,16526.0,78.0,1.0,1427846400108.0,0.01,122.475,119.979,0.0,0.0,2495.25,107476.75
1428624001397.0,16535.0,1397.0,0.0,1428624001448.0,0.01,118.066,120.556,0.0,0.0,2489.25,167280.75
1429833600607.0,16549.0,607.0,0.0,1429833600622.0,0.01,117.089,119.557,0.0,0.0,2467.25,244371.5
1429574401341.0,16546.0,1341.0,1.0,1429574401391.0,0.01,121.73,119.234,0.0,0.0,2495.25,219536.0
1429833600607.0,16549.0,607.0,1.0,1429833600624.0,0.01,122.081,119.585,0.0,0.0,2495.25,241904.25
1429056001378.0,16540.0,1378.0,1.0,1429056001393.0,0.01,121.964,119.468,0.0,0.0,2495.25,184726.5
1430269200714.0,16554.0,3600714.0,1.0,1430269200754.0,0.01,121.289,118.793,0.0,0.0,2495.25,261784.25
1429228802005.0,16542.0,2005.0,0.0,1429228802037.0,0.01,116.581,119.047,0.0,0.0,2465.25,204621.5
1430269203729.0,16554.0,3603729.0,0.0,1430269203770.0,0.01,116.297,118.78,0.0,0.0,2482.25,266761.75
1428019200207.0,16528.0,207.0,0.0,1428019200255.0,0.01,117.207,119.693,0.0,0.0,2485.25,119933.0
1428624001397.0,16535.0,1397.0,1.0,1428624001450.0,0.01,123.058,120.562,0.0,0.0,2495.25,164791.5
1428883200707.0,16538.0,707.0,1.0,1428883200764.0,0.01,122.71,120.214,0.0,0.0,2495.25,169776.0
1430352001545.0,16555.0,1545.0,1.0,1430352001599.0,0.01,121.493,118.997,0.0,0.0,2495.25,274216.5
1428537600340.0,16534.0,340.0,1.0,1428537600383.0,0.01,122.605,120.109,0.0,0.0,2495.25,152333.25
1428019200207.0,16528.0,207.0,1.0,1428019200257.0,0.01,122.199,119.703,0.0,0.0,2495.25,117447.75
1429142400492.0,16541.0,492.0,1.0,1429142400515.0,0.01,121.645,119.149,0.0,0.0,2495.25,192182.25
1430179200718.0,16553.0,718.0,0.0,1430179200750.0,0.01,116.648,119.119,0.0,0.0,2470.25,259289.0
1429228801005.0,16542.0,1005.0,1.0,1429228801036.0,0.01,121.574,119.078,0.0,0.0,2495.25,199661.0
1428883200909.0,16538.0,909.0,1.0,1428883200909.0,0.01,122.702,120.206,0.0,0.0,2495.25,172271.25
1430179200484.0,16553.0,484.0,1.0,1430179200515.0,0.01,121.64,119.144,0.0,0.0,2495.25,254323.5
1429833600515.0,16549.0,515.0,1.0,1429833600529.0,0.01,122.081,119.585,0.0,0.0,2495.25,239409.0
1429747201806.0,16548.0,1806.0,0.0,1429747201813.0,0.01,117.468,119.935,0.0,0.0,2466.25,236913.75
1429747201806.0,16548.0,1806.0,1.0,1429747201815.0,0.01,122.46,119.964,0.0,0.0,2495.25,234447.5
1430179200718.0,16553.0,718.0,1.0,1430179200752.0,0.01,121.64,119.144,0.0,0.0,2495.25,256818.75
1429228802005.0,16542.0,2005.0,1.0,1429228802039.0,0.01,121.573,119.077,0.0,0.0,2495.25,202156.25
1427846400005.0,16526.0,5.0,0.0,1427846400033.0,0.01,117.484,119.971,0.0,0.0,2486.25,104981.5
1427846400005.0,16526.0,5.0,1.0,1427846400034.0,0.01,122.476,119.98,0.0,0.0,2495.25,102495.25
1429660801640.0,16547.0,1640.0,1.0,1429660801699.0,0.01,122.172,119.676,0.0,0.0,2495.25,226991.75
1428969600157.0,16539.0,157.0,0.0,1428969600164.0,0.01,117.559,120.047,0.0,0.0,2487.25,182231.25
1428969600157.0,16539.0,157.0,1.0,1428969600166.0,0.01,122.551,120.055,0.0,0.0,2495.25,179744.0
1429488001438.0,16545.0,1438.0,0.0,1429488001479.0,0.01,116.359,118.828,0.0,0.0,2468.25,212080.25
1428278400386.0,16531.0,386.0,0.0,1428278400424.0,0.01,116.364,118.857,0.0,0.0,2492.25,132396.25
1428278400386.0,16531.0,386.0,1.0,1428278400426.0,0.01,121.356,118.86,0.0,0.0,2495.25,129904.0
1428019200633.0,16528.0,633.0,1.0,1428019200684.0,0.01,122.199,119.703,0.0,0.0,2495.25,122428.25
1429747200822.0,16548.0,822.0,0.0,1429747200827.0,0.01,117.468,119.934,0.0,0.0,2465.25,231952.25
1428624000386.0,16535.0,386.0,0.0,1428624000435.0,0.01,118.068,120.554,0.0,0.0,2485.25,162296.25
1430438400023.0,16556.0,23.0,1.0,1430438400051.0,0.01,121.978,119.482,0.0,0.0,2495.25,107454.75
1431043200010.0,16563.0,10.0,0.0,1431043200051.0,0.01,117.231,119.718,0.0,0.0,2486.25,142344.25
1431043200010.0,16563.0,10.0,1.0,1431043200053.0,0.01,122.223,119.727,0.0,0.0,2495.25,139858.0
1432598400435.0,16581.0,435.0,0.0,1432598400478.0,0.01,119.161,121.649,0.0,0.0,2487.25,234543.5
1431907201046.0,16573.0,1046.0,1.0,1431907201076.0,0.01,121.856,119.36,0.0,0.0,2495.25,189708.0
1432857600211.0,16584.0,211.0,0.0,1432857600223.0,0.01,121.32,123.807,0.0,0.0,2486.25,256951.75
1432684800652.0,16582.0,652.0,0.0,1432684800705.0,0.01,120.512,122.978,0.0,0.0,2465.25,241999.25
1431907200773.0,16573.0,773.0,1.0,1431907200800.0,0.01,121.856,119.36,0.0,0.0,2495.25,187212.75
1432684800652.0,16582.0,652.0,1.0,1432684800707.0,0.01,125.504,123.008,0.0,0.0,2495.25,239534.0
1431043200281.0,16563.0,281.0,0.0,1431043200324.0,0.01,117.228,119.716,0.0,0.0,2487.25,147326.75
1431043200281.0,16563.0,281.0,1.0,1431043200326.0,0.01,122.22,119.724,0.0,0.0,2495.25,144839.5
1432080000148.0,16575.0,148.0,0.0,1432080000200.0,0.01,118.157,120.647,0.0,0.0,2489.25,204646.5
1432080000148.0,16575.0,148.0,1.0,1432080000202.0,0.01,123.149,120.653,0.0,0.0,2495.25,202157.25
1432252800555.0,16577.0,555.0,0.0,1432252800587.0,0.01,118.575,121.055,0.0,0.0,2479.25,219595.0
1433104931637.0,16586.0,74531637.0,0.0,1433104931660.0,0.01,121.617,124.084,0.0,0.0,2466.25,264408.5
1432252800555.0,16577.0,555.0,1.0,1432252800589.0,0.01,123.567,121.071,0.0,0.0,2495.25,217115.75
1433104931637.0,16586.0,74531637.0,1.0,1433104931662.0,0.01,126.609,124.113,0.0,0.0,2495.25,261942.25
1432252800813.0,16577.0,813.0,1.0,1432252800848.0,0.01,123.557,121.061,0.0,0.0,2495.25,222090.25
1431388800280.0,16567.0,280.0,0.0,1431388800337.0,0.01,117.631,120.121,0.0,0.0,2489.25,162283.25
1431388800027.0,16567.0,27.0,1.0,1431388800083.0,0.01,122.624,120.128,0.0,0.0,2495.25,157298.75
1431993600180.0,16574.0,180.0,0.0,1431993600214.0,0.01,117.427,119.912,0.0,0.0,2484.25,197166.75
1430784000471.0,16560.0,471.0,0.0,1430784000471.0,0.01,117.626,120.114,0.0,0.0,2487.25,119914.0
1431993600180.0,16574.0,180.0,1.0,1431993600216.0,0.01,122.419,119.923,0.0,0.0,2495.25,194682.5
1430784000471.0,16560.0,471.0,1.0,1430784000473.0,0.01,122.618,120.122,0.0,0.0,2495.25,117426.75
1431561600207.0,16569.0,207.0,1.0,1431561600218.0,0.01,121.697,119.201,0.0,0.0,2495.25,172258.25
1430784000472.0,16560.0,472.0,1.0,1430784000475.0,0.01,122.618,120.122,0.0,0.0,2495.25,122409.25
1431993600183.0,16574.0,183.0,1.0,1431993600220.0,0.01,122.419,119.923,0.0,0.0,2495.25,199662.0
1431561600210.0,16569.0,210.0,0.0,1431561600222.0,0.01,116.701,119.187,0.0,0.0,2485.25,177238.75
1432598401503.0,16581.0,1503.0,1.0,1432598401549.0,0.01,124.152,121.656,0.0,0.0,2495.25,237038.75
1431561600210.0,16569.0,210.0,1.0,1431561600224.0,0.01,121.693,119.197,0.0,0.0,2495.25,174753.5
1432857600211.0,16584.0,211.0,1.0,1432857600225.0,0.01,126.312,123.816,0.0,0.0,2495.25,254465.5
1431648000207.0,16570.0,207.0,0.0,1431648000227.0,0.01,116.727,119.216,0.0,0.0,2488.25,184717.5
1431648000207.0,16570.0,207.0,1.0,1431648000229.0,0.01,121.719,119.223,0.0,0.0,2495.25,182229.25
1432166400479.0,16576.0,479.0,0.0,1432166400492.0,0.01,118.719,121.208,0.0,0.0,2488.25,212125.25
1432512000327.0,16580.0,327.0,0.0,1432512000365.0,0.01,119.076,121.557,0.0,0.0,2480.25,227065.75
1432166400479.0,16576.0,479.0,1.0,1432166400494.0,0.01,123.711,121.215,0.0,0.0,2495.25,209637.0
1432512000327.0,16580.0,327.0,1.0,1432512000367.0,0.01,124.068,121.572,0.0,0.0,2495.25,224585.5
1432166400480.0,16576.0,480.0,1.0,1432166400496.0,0.01,123.71,121.214,0.0,0.0,2495.25,214620.5
1432512000328.0,16580.0,328.0,1.0,1432512000369.0,0.01,124.065,121.569,0.0,0.0,2495.25,229561.0
1431388800280.0,16567.0,280.0,1.0,1431388800339.0,0.01,122.623,120.127,0.0,0.0,2495.25,159794.0
1432771200368.0,16583.0,368.0,1.0,1432771200374.0,0.01,126.234,123.738,0.0,0.0,2495.25,251970.25
1432598400435.0,16581.0,435.0,1.0,1432598400480.0,0.01,124.153,121.657,0.0,0.0,2495.25,232056.25
1430697603399.0,16559.0,3399.0,1.0,1430697603452.0,0.01,122.642,120.146,0.0,0.0,2495.25,114931.5
1432080000627.0,16575.0,627.0,1.0,1432080000682.0,0.01,123.153,120.657,0.0,0.0,2495.25,207141.75
1431302400208.0,16566.0,208.0,1.0,1431302400257.0,0.01,122.309,119.813,0.0,0.0,2495.25,149822.0
1431302400210.0,16566.0,210.0,0.0,1431302400260.0,0.01,117.318,119.805,0.0,0.0,2486.25,154803.5
1432684800973.0,16582.0,973.0,1.0,1432684801029.0,0.01,125.499,123.003,0.0,0.0,2495.25,244494.5
1431302400210.0,16566.0,210.0,1.0,1431302400262.0,0.01,122.31,119.814,0.0,0.0,2495.25,152317.25
1430956800245.0,16562.0,245.0,0.0,1430956800269.0,0.01,116.907,119.395,0.0,0.0,2487.25,134867.5
1430956800245.0,16562.0,245.0,1.0,1430956800271.0,0.01,121.899,119.403,0.0,0.0,2495.25,132380.25
1432771200014.0,16583.0,14.0,0.0,1432771200017.0,0.01,121.244,123.73,0.0,0.0,2485.25,249475.0
1430697600609.0,16559.0,609.0,0.0,1430697600659.0,0.01,117.653,120.14,0.0,0.0,2486.25,112436.25
1430697600609.0,16559.0,609.0,1.0,1430697600661.0,0.01,122.645,120.149,0.0,0.0,2495.25,109950.0
1431648000008.0,16570.0,8.0,1.0,1431648000027.0,0.01,121.719,119.223,0.0,0.0,2495.25,179734.0
1430956801025.0,16562.0,1025.0,1.0,1430956801052.0,0.01,121.898,119.402,0.0,0.0,2495.25,137362.75
1430870400019.0,16561.0,19.0,0.0,1430870400030.0,0.01,117.452,119.938,0.0,0.0,2485.25,127389.75
1430870400019.0,16561.0,19.0,1.0,1430870400032.0,0.01,122.444,119.948,0.0,0.0,2495.25,124904.5
1431475200157.0,16568.0,157.0,1.0,1431475200161.0,0.01,122.363,119.867,0.0,0.0,2495.25,164778.5
1431475200158.0,16568.0,158.0,0.0,1431475200163.0,0.01,117.358,119.848,0.0,0.0,2489.25,169763.0
1432771200014.0,16583.0,14.0,1.0,1432771200019.0,0.01,126.236,123.74,0.0,0.0,2495.25,246989.75
1431475200158.0,16568.0,158.0,1.0,1431475200165.0,0.01,122.35,119.854,0.0,0.0,2495.25,167273.75
1432857600214.0,16584.0,214.0,1.0,1432857600229.0,0.01,126.312,123.816,0.0,0.0,2495.25,259447.0
1430438400015.0,16556.0,15.0,0.0,1430438400041.0,0.01,116.997,119.462,0.0,0.0,2464.25,104959.5
1430438400015.0,16556.0,15.0,1.0,1430438400042.0,0.01,121.989,119.493,0.0,0.0,2495.25,102495.25
1430870400158.0,16561.0,158.0,1.0,1430870400172.0,0.01,122.442,119.946,0.0,0.0,2495.25,129885.0
1433105011910.0,16586.0,74611910.0,1.0,1433105011936.0,0.01,126.609,124.113,0.0,0.0,2495.25,266903.75
1431907201046.0,16573.0,1046.0,0.0,1431907201074.0,0.01,116.864,119.344,0.0,0.0,2479.25,192187.25
1434499201169.0,16603.0,1169.0,1.0,1434499201203.0,0.01,125.96,123.464,0.0,0.0,2495.25,202109.25
1435017600306.0,16609.0,306.0,1.0,1435017600307.0,0.01,125.931,123.435,0.0,0.0,2495.25,226970.75
1433289600804.0,16589.0,804.0,0.0,1433289600821.0,0.01,121.57,124.054,0.0,0.0,2483.25,119930.0
1435190400398.0,16611.0,398.0,0.0,1435190400413.0,0.01,121.372,123.86,0.0,0.0,2487.25,249373.0
1433289600804.0,16589.0,804.0,1.0,1433289600823.0,0.01,126.562,124.066,0.0,0.0,2495.25,117446.75
1433376000414.0,16590.0,414.0,1.0,1433376000457.0,0.01,126.809,124.313,0.0,0.0,2495.25,124920.5
1434067200007.0,16598.0,7.0,0.0,1434067200057.0,0.01,121.118,123.584,0.0,0.0,2465.25,177204.75
1434067200007.0,16598.0,7.0,1.0,1434067200059.0,0.01,126.11,123.614,0.0,0.0,2495.25,174739.5
1434326400307.0,16601.0,307.0,1.0,1434326400317.0,0.01,125.798,123.302,0.0,0.0,2495.25,187177.75
1433116800015.0,16587.0,15.0,0.0,1433116800067.0,0.01,121.755,124.241,0.0,0.0,2485.25,104980.5
1433116800015.0,16587.0,15.0,1.0,1433116800068.0,0.01,126.747,124.251,0.0,0.0,2495.25,102495.25
1434672002117.0,16605.0,2117.0,1.0,1434672002165.0,0.01,125.504,123.008,0.0,0.0,2495.25,217019.75
1433376000414.0,16590.0,414.0,0.0,1433376000455.0,0.01,121.817,124.303,0.0,0.0,2485.25,127405.75
1435536000428.0,16615.0,428.0,1.0,1435536000455.0,0.01,125.099,122.603,0.0,0.0,2495.25,259345.0
1433462400279.0,16591.0,279.0,0.0,1433462400329.0,0.01,121.905,124.392,0.0,0.0,2486.25,134882.5
1433462400279.0,16591.0,279.0,1.0,1433462400331.0,0.01,126.897,124.401,0.0,0.0,2495.25,132396.25
1434931200514.0,16608.0,514.0,0.0,1434931200566.0,0.01,120.296,122.762,0.0,0.0,2465.25,221980.25
1433203200075.0,16588.0,75.0,0.0,1433203200078.0,0.01,122.376,124.862,0.0,0.0,2485.25,112456.25
1433203200075.0,16588.0,75.0,1.0,1433203200080.0,0.01,127.368,124.872,0.0,0.0,2495.25,109971.0
1435622400079.0,16616.0,79.0,0.0,1435622400119.0,0.01,120.183,122.653,0.0,0.0,2469.25,269289.0
1435536000452.0,16615.0,452.0,1.0,1435536000482.0,0.01,125.094,122.598,0.0,0.0,2495.25,261840.25
1433980801588.0,16597.0,1588.0,1.0,1433980801621.0,0.01,125.388,122.892,0.0,0.0,2495.25,172244.25
1433894400888.0,16596.0,888.0,1.0,1433894400910.0,0.01,126.862,124.366,0.0,0.0,2495.25,162285.25
1434931200514.0,16608.0,514.0,1.0,1434931200568.0,0.01,125.288,122.792,0.0,0.0,2495.25,219515.0
1435190400203.0,16611.0,203.0,1.0,1435190400217.0,0.01,126.366,123.87,0.0,0.0,2495.25,244390.5
1435622400079.0,16616.0,79.0,1.0,1435622400121.0,0.01,125.175,122.679,0.0,0.0,2495.25,266819.75
1435536000452.0,16615.0,452.0,0.0,1435536000480.0,0.01,120.102,122.587,0.0,0.0,2484.25,264324.5
1435104000858.0,16610.0,858.0,0.0,1435104000866.0,0.01,121.385,123.872,0.0,0.0,2486.25,241895.25
1435104000858.0,16610.0,858.0,1.0,1435104000868.0,0.01,126.377,123.881,0.0,0.0,2495.25,239409.0
1434931200601.0,16608.0,601.0,1.0,1434931200656.0,0.01,125.285,122.789,0.0,0.0,2495.25,224475.5
1433462400821.0,16591.0,821.0,0.0,1433462400873.0,0.01,121.904,124.392,0.0,0.0,2487.25,139865.0
1433462400821.0,16591.0,821.0,1.0,1433462400875.0,0.01,126.896,124.4,0.0,0.0,2495.25,137377.75
1435017600306.0,16609.0,306.0,0.0,1435017600365.0,0.01,120.939,123.405,0.0,0.0,2465.25,229436.0
1434585600207.0,16604.0,207.0,0.0,1434585600245.0,0.01,121.096,123.561,0.0,0.0,2464.25,207068.75
1435276801376.0,16612.0,1376.0,0.0,1435276801398.0,0.01,121.104,123.591,0.0,0.0,2486.25,256849.75
1434585600207.0,16604.0,207.0,1.0,1434585600247.0,0.01,126.088,123.592,0.0,0.0,2495.25,204604.5
1435276801376.0,16612.0,1376.0,1.0,1435276801400.0,0.01,126.096,123.6,0.0,0.0,2495.25,254363.5
1434499200501.0,16603.0,501.0,0.0,1434499200532.0,0.01,120.976,123.442,0.0,0.0,2465.25,199614.0
1434672000221.0,16605.0,221.0,0.0,1434672000266.0,0.01,120.521,122.987,0.0,0.0,2465.25,214524.5
1435017600890.0,16609.0,890.0,0.0,1435017600891.0,0.01,120.93,123.418,0.0,0.0,2487.25,234418.5
1434585600211.0,16604.0,211.0,1.0,1434585600252.0,0.01,126.083,123.587,0.0,0.0,2495.25,209564.0
1434326400120.0,16601.0,120.0,0.0,1434326400126.0,0.01,120.805,123.293,0.0,0.0,2487.25,184682.5
1434326400120.0,16601.0,120.0,1.0,1434326400128.0,0.01,125.797,123.301,0.0,0.0,2495.25,182195.25
1433203200357.0,16588.0,357.0,1.0,1433203200363.0,0.01,127.366,124.87,0.0,0.0,2495.25,114951.5
1434499200501.0,16603.0,501.0,1.0,1434499200534.0,0.01,125.968,123.472,0.0,0.0,2495.25,197148.75
1435017600890.0,16609.0,890.0,1.0,1435017600893.0,0.01,125.922,123.426,0.0,0.0,2495.25,231931.25
1433980800237.0,16597.0,237.0,0.0,1433980800267.0,0.01,120.396,122.883,0.0,0.0,2486.25,169749.0
1433894400888.0,16596.0,888.0,0.0,1433894400908.0,0.01,121.87,124.353,0.0,0.0,2482.25,164767.5
1433980800237.0,16597.0,237.0,1.0,1433980800269.0,0.01,125.388,122.892,0.0,0.0,2495.25,167262.75
1433721600014.0,16594.0,14.0,0.0,1433721600014.0,0.01,123.139,125.619,0.0,0.0,2479.25,144839.5
1433116800089.0,16587.0,89.0,1.0,1433116800143.0,0.01,126.753,124.257,0.0,0.0,2495.25,107475.75
1433721600014.0,16594.0,14.0,1.0,1433721600016.0,0.01,128.131,125.635,0.0,0.0,2495.25,142360.25
1433808000008.0,16595.0,8.0,0.0,1433808000017.0,0.01,122.095,124.579,0.0,0.0,2483.25,152313.25
1433808000008.0,16595.0,8.0,1.0,1433808000019.0,0.01,127.087,124.591,0.0,0.0,2495.25,149830.0
1433808000009.0,16595.0,9.0,0.0,1433808000020.0,0.01,122.092,124.579,0.0,0.0,2486.25,157294.75
1435622400210.0,16616.0,210.0,1.0,1435622400253.0,0.01,125.173,122.677,0.0,0.0,2495.25,271784.25
1433808000009.0,16595.0,9.0,1.0,1433808000022.0,0.01,127.084,124.588,0.0,0.0,2495.25,154808.5
1433721600020.0,16594.0,20.0,1.0,1433721600023.0,0.01,128.128,125.632,0.0,0.0,2495.25,147334.75
1434067200022.0,16598.0,22.0,1.0,1434067200075.0,0.01,126.101,123.605,0.0,0.0,2495.25,179700.0
1434412800523.0,16602.0,523.0,0.0,1434412800537.0,0.01,120.932,123.418,0.0,0.0,2485.25,192158.25
1433894400391.0,16596.0,391.0,1.0,1433894400410.0,0.01,126.858,124.362,0.0,0.0,2495.25,159790.0
1433289601285.0,16589.0,1285.0,1.0,1433289601307.0,0.01,126.562,124.066,0.0,0.0,2495.25,122425.25
1434412800525.0,16602.0,525.0,1.0,1434412800542.0,0.01,125.924,123.428,0.0,0.0,2495.25,194653.5
1435190400398.0,16611.0,398.0,1.0,1435190400415.0,0.01,126.364,123.868,0.0,0.0,2495.25,246885.75
1434672000221.0,16605.0,221.0,1.0,1434672000268.0,0.01,125.513,123.017,0.0,0.0,2495.25,212059.25
1434412800523.0,16602.0,523.0,1.0,1434412800539.0,0.01,125.924,123.428,0.0,0.0,2495.25,189673.0
1435276800565.0,16612.0,565.0,1.0,1435276800586.0,0.01,126.095,123.599,0.0,0.0,2495.25,251868.25
1433376000509.0,16590.0,509.0,1.0,1433376000553.0,0.01,126.81,124.314,0.0,0.0,2495.25,129901.0
1435104000422.0,16610.0,422.0,1.0,1435104000429.0,0.01,126.382,123.886,0.0,0.0,2495.25,236913.75
1436400000257.0,16625.0,257.0,0.0,1436400000308.0,0.01,118.399,120.888,0.0,0.0,2488.25,154820.5
1437609600244.0,16639.0,244.0,0.0,1437609600285.0,0.01,121.574,124.066,0.0,0.0,2491.25,229622.0
1436400000257.0,16625.0,257.0,1.0,1436400000310.0,0.01,123.391,120.895,0.0,0.0,2495.25,152332.25
1437436800932.0,16637.0,932.0,1.0,1437436800952.0,0.01,126.805,124.309,0.0,0.0,2495.25,212167.25
1438041600156.0,16644.0,156.0,1.0,1438041600185.0,0.01,125.775,123.279,0.0,0.0,2495.25,252066.25
1437696001262.0,16640.0,1262.0,0.0,1437696001310.0,0.01,121.389,123.882,0.0,0.0,2492.25,237104.75
1435881600648.0,16619.0,648.0,0.0,1435881600704.0,0.01,120.569,123.06,0.0,0.0,2490.25,119912.0
1438214400425.0,16646.0,425.0,1.0,1438214400474.0,0.01,126.447,123.951,0.0,0.0,2495.25,267028.75
1435881600648.0,16619.0,648.0,1.0,1435881600706.0,0.01,125.561,123.065,0.0,0.0,2495.25,117421.75
1437350400310.0,16636.0,310.0,0.0,1437350400324.0,0.01,121.652,124.141,0.0,0.0,2488.25,209672.0
1437350400161.0,16636.0,161.0,1.0,1437350400174.0,0.01,126.643,124.147,0.0,0.0,2495.25,204688.5
1437955201272.0,16643.0,1272.0,0.0,1437955201291.0,0.01,121.274,123.766,0.0,0.0,2491.25,249571.0
1438300801062.0,16647.0,1062.0,1.0,1438300801121.0,0.01,126.575,124.079,0.0,0.0,2495.25,281985.25
1437955201272.0,16643.0,1272.0,1.0,1437955201293.0,0.01,126.266,123.77,0.0,0.0,2495.25,247079.75
1437004800207.0,16632.0,207.0,1.0,1437004800207.0,0.01,126.417,123.921,0.0,0.0,2495.25,187234.75
1437523200181.0,16638.0,181.0,1.0,1437523200210.0,0.01,126.37,123.874,0.0,0.0,2495.25,219649.0
1438214400687.0,16646.0,687.0,1.0,1438214400738.0,0.01,126.447,123.951,0.0,0.0,2495.25,272015.25
1437436801272.0,16637.0,1272.0,0.0,1437436801293.0,0.01,121.81,124.302,0.0,0.0,2491.25,217153.75
1437091200206.0,16633.0,206.0,0.0,1437091200214.0,0.01,121.679,124.171,0.0,0.0,2491.25,202193.25
1437004800216.0,16632.0,216.0,0.0,1437004800216.0,0.01,121.426,123.917,0.0,0.0,2490.25,194711.5
1437004800216.0,16632.0,216.0,1.0,1437004800218.0,0.01,126.418,123.922,0.0,0.0,2495.25,192221.25
1436486400080.0,16626.0,80.0,1.0,1436486400091.0,0.01,124.207,121.711,0.0,0.0,2495.25,157315.75
1438214400425.0,16646.0,425.0,0.0,1438214400472.0,0.01,121.455,123.947,0.0,0.0,2491.25,269520.0
1436400000055.0,16625.0,55.0,0.0,1436400000094.0,0.01,118.398,120.888,0.0,0.0,2489.25,149837.0
1438214400687.0,16646.0,687.0,0.0,1438214400736.0,0.01,121.455,123.944,0.0,0.0,2488.25,274503.5
1437436801272.0,16637.0,1272.0,1.0,1437436801295.0,0.01,126.802,124.306,0.0,0.0,2495.25,214662.5
1436832000056.0,16630.0,56.0,1.0,1436832000098.0,0.01,126.114,123.618,0.0,0.0,2495.25,172274.25
1437696001327.0,16640.0,1327.0,1.0,1437696001382.0,0.01,126.382,123.886,0.0,0.0,2495.25,239600.0
1435795200438.0,16618.0,438.0,1.0,1435795200488.0,0.01,125.831,123.335,0.0,0.0,2495.25,114926.5
1436400000055.0,16625.0,55.0,1.0,1436400000106.0,0.01,123.39,120.894,0.0,0.0,2495.25,147347.75
1438300800374.0,16647.0,374.0,0.0,1438300800430.0,0.01,121.586,124.078,0.0,0.0,2491.25,279490.0
1436140800230.0,16622.0,230.0,1.0,1436140800236.0,0.01,124.923,122.427,0.0,0.0,2495.25,129888.0
1436832000066.0,16630.0,66.0,0.0,1436832000109.0,0.01,121.122,123.612,0.0,0.0,2489.25,177258.75
1436832000066.0,16630.0,66.0,1.0,1436832000111.0,0.01,126.114,123.618,0.0,0.0,2495.25,174769.5
1438041600237.0,16644.0,237.0,1.0,1438041600269.0,0.01,125.772,123.276,0.0,0.0,2495.25,254561.5
1437523200392.0,16638.0,392.0,1.0,1437523200424.0,0.01,126.37,123.874,0.0,0.0,2495.25,222144.25
1436745600475.0,16629.0,475.0,1.0,1436745600508.0,0.01,125.006,122.51,0.0,0.0,2495.25,164796.5
1436313600103.0,16624.0,103.0,0.0,1436313600126.0,0.01,120.042,122.537,0.0,0.0,2494.25,142357.25
1436313600103.0,16624.0,103.0,1.0,1436313600128.0,0.01,125.034,122.538,0.0,0.0,2495.25,139863.0
1435708800602.0,16617.0,602.0,1.0,1435708800643.0,0.01,124.938,122.442,0.0,0.0,2495.25,107449.75
1435708800350.0,16617.0,350.0,0.0,1435708800389.0,0.01,119.946,122.406,0.0,0.0,2459.25,104954.5
1435708800350.0,16617.0,350.0,1.0,1435708800390.0,0.01,124.938,122.442,0.0,0.0,2495.25,102495.25
1437004800207.0,16632.0,207.0,0.0,1437004800265.0,0.01,121.425,123.917,0.0,0.0,2491.25,189726.0
1436486400138.0,16626.0,138.0,0.0,1436486400150.0,0.01,119.215,121.706,0.0,0.0,2490.25,162301.25
1435795200222.0,16618.0,222.0,0.0,1435795200269.0,0.01,120.839,123.326,0.0,0.0,2486.25,112431.25
1436313600116.0,16624.0,116.0,1.0,1436313600142.0,0.01,125.034,122.538,0.0,0.0,2495.25,144852.5
1435795200222.0,16618.0,222.0,1.0,1435795200271.0,0.01,125.831,123.335,0.0,0.0,2495.25,109945.0
1437609600356.0,16639.0,356.0,1.0,1437609600400.0,0.01,126.566,124.07,0.0,0.0,2495.25,232117.25
1436918400095.0,16631.0,95.0,1.0,1436918400145.0,0.01,125.841,123.345,0.0,0.0,2495.25,179754.0
1438128000518.0,16645.0,518.0,0.0,1438128000557.0,0.01,121.083,123.572,0.0,0.0,2488.25,262038.25
1436140800147.0,16622.0,147.0,0.0,1436140800150.0,0.01,119.932,122.423,0.0,0.0,2490.25,127392.75
1436486400138.0,16626.0,138.0,1.0,1436486400152.0,0.01,124.207,121.711,0.0,0.0,2495.25,159811.0
1436140800147.0,16622.0,147.0,1.0,1436140800152.0,0.01,124.924,122.428,0.0,0.0,2495.25,124902.5
1437955200280.0,16643.0,280.0,1.0,1437955200299.0,0.01,126.268,123.772,0.0,0.0,2495.25,242095.25
1436918400121.0,16631.0,121.0,1.0,1436918400174.0,0.01,125.841,123.345,0.0,0.0,2495.25,182249.25
1437091200149.0,16633.0,149.0,1.0,1437091200156.0,0.01,126.671,124.175,0.0,0.0,2495.25,197206.75
1437091200206.0,16633.0,206.0,1.0,1437091200216.0,0.01,126.671,124.175,0.0,0.0,2495.25,199702.0
1436227200526.0,16623.0,526.0,1.0,1436227200542.0,0.01,125.168,122.672,0.0,0.0,2495.25,137367.75
1437609600244.0,16639.0,244.0,1.0,1437609600287.0,0.01,126.566,124.07,0.0,0.0,2495.25,227130.75
1435881600743.0,16619.0,743.0,1.0,1435881600802.0,0.01,125.561,123.065,0.0,0.0,2495.25,122407.25
1438128000626.0,16645.0,626.0,1.0,1438128000668.0,0.01,126.072,123.576,0.0,0.0,2495.25,264533.5
1437696001262.0,16640.0,1262.0,1.0,1437696001316.0,0.01,126.381,123.885,0.0,0.0,2495.25,234612.5
1437523200392.0,16638.0,392.0,0.0,1437523200422.0,0.01,121.378,123.87,0.0,0.0,2491.25,224635.5
1438300800374.0,16647.0,374.0,1.0,1438300800432.0,0.01,126.578,124.082,0.0,0.0,2495.25,276998.75
1436227200411.0,16623.0,411.0,0.0,1436227200424.0,0.01,120.175,122.665,0.0,0.0,2489.25,134872.5
1437955200280.0,16643.0,280.0,0.0,1437955200297.0,0.01,121.276,123.766,0.0,0.0,2489.25,244584.5
1436227200411.0,16623.0,411.0,1.0,1436227200426.0,0.01,125.167,122.671,0.0,0.0,2495.25,132383.25
1437350400310.0,16636.0,310.0,1.0,1437350400326.0,0.01,126.644,124.148,0.0,0.0,2495.25,207183.75
1436918400121.0,16631.0,121.0,0.0,1436918400172.0,0.01,120.849,123.34,0.0,0.0,2490.25,184739.5
1438041600237.0,16644.0,237.0,0.0,1438041600267.0,0.01,120.78,123.274,0.0,0.0,2493.25,257054.75
1436745600524.0,16629.0,524.0,0.0,1436745600558.0,0.01,120.012,122.5,0.0,0.0,2487.25,169779.0
1438128000518.0,16645.0,518.0,1.0,1438128000559.0,0.01,126.075,123.579,0.0,0.0,2495.25,259550.0
1436745600524.0,16629.0,524.0,1.0,1436745600560.0,0.01,125.004,122.508,0.0,0.0,2495.25,167291.75
1438819200122.0,16653.0,122.0,0.0,1438819200179.0,0.01,122.286,124.777,0.0,0.0,2490.25,127427.75
1438819200122.0,16653.0,122.0,1.0,1438819200181.0,0.01,127.278,124.782,0.0,0.0,2495.25,124937.5
1439424000263.0,16660.0,263.0,0.0,1439424000310.0,0.01,121.804,124.293,0.0,0.0,2488.25,167309.75
1439769600029.0,16664.0,29.0,1.0,1439769600055.0,0.01,126.864,124.368,0.0,0.0,2495.25,179784.0
1439424000263.0,16660.0,263.0,1.0,1439424000312.0,0.01,126.796,124.3,0.0,0.0,2495.25,164821.5
1440547200048.0,16673.0,48.0,0.0,1440547200057.0,0.01,116.081,118.563,0.0,0.0,2481.25,237107.75
1440547200048.0,16673.0,48.0,1.0,1440547200059.0,0.01,121.073,118.577,0.0,0.0,2495.25,234626.5
1440115200180.0,16668.0,180.0,0.0,1440115200181.0,0.01,120.958,123.447,0.0,0.0,2488.25,217177.75
1438646400027.0,16651.0,27.0,0.0,1438646400066.0,0.01,121.456,123.945,0.0,0.0,2488.25,112466.25
1439856000160.0,16665.0,160.0,0.0,1439856000194.0,0.01,121.95,124.441,0.0,0.0,2490.25,194737.5
1438646400027.0,16651.0,27.0,1.0,1438646400068.0,0.01,126.448,123.952,0.0,0.0,2495.25,109978.0
1439856000160.0,16665.0,160.0,1.0,1439856000196.0,0.01,126.942,124.446,0.0,0.0,2495.25,192247.25
1439424000401.0,16660.0,401.0,1.0,1439424000455.0,0.01,126.796,124.3,0.0,0.0,2495.25,169805.0
1439769600029.0,16664.0,29.0,0.0,1439769600053.0,0.01,121.872,124.362,0.0,0.0,2489.25,182273.25
1439164800446.0,16657.0,446.0,1.0,1439164800460.0,0.01,126.835,124.339,0.0,0.0,2495.25,142386.25
1440028800030.0,16667.0,30.0,1.0,1440028800081.0,0.01,126.433,123.937,0.0,0.0,2495.25,204714.5
1440374400189.0,16671.0,189.0,1.0,1440374400212.0,0.01,124.237,121.741,0.0,0.0,2495.25,219673.0
1440028800161.0,16667.0,161.0,0.0,1440028800213.0,0.01,121.44,123.93,0.0,0.0,2489.25,209699.0
1440115200180.0,16668.0,180.0,1.0,1440115200183.0,0.01,125.95,123.454,0.0,0.0,2495.25,214689.5
1440028800161.0,16667.0,161.0,1.0,1440028800215.0,0.01,126.432,123.936,0.0,0.0,2495.25,207209.75
1440460800317.0,16672.0,317.0,1.0,1440460800344.0,0.01,121.385,118.889,0.0,0.0,2495.25,229643.0
1440979201053.0,16678.0,1053.0,1.0,1440979201109.0,0.01,123.801,121.305,0.0,0.0,2495.25,264530.5
1440633600048.0,16674.0,48.0,0.0,1440633600094.0,0.01,117.563,120.052,0.0,0.0,2488.25,244586.5
1438732800049.0,16652.0,49.0,0.0,1438732800097.0,0.01,121.798,124.289,0.0,0.0,2490.25,119947.0
1438732800049.0,16652.0,49.0,1.0,1438732800099.0,0.01,126.79,124.294,0.0,0.0,2495.25,117456.75
1438732800050.0,16652.0,50.0,1.0,1438732800101.0,0.01,126.792,124.296,0.0,0.0,2495.25,122442.25
1439164800598.0,16657.0,598.0,0.0,1439164800613.0,0.01,121.843,124.334,0.0,0.0,2490.25,147371.75
1439164800598.0,16657.0,598.0,1.0,1439164800615.0,0.01,126.835,124.339,0.0,0.0,2495.25,144881.5
1438905600740.0,16654.0,740.0,0.0,1438905600747.0,0.01,122.264,124.754,0.0,0.0,2489.25,139891.0
1438905600740.0,16654.0,740.0,1.0,1438905600749.0,0.01,127.256,124.76,0.0,0.0,2495.25,137401.75
1440633600317.0,16674.0,317.0,1.0,1440633600366.0,0.01,122.557,120.061,0.0,0.0,2495.25,247081.75
1439337600334.0,16659.0,334.0,1.0,1439337600368.0,0.01,127.597,125.101,0.0,0.0,2495.25,162326.25
1440720000249.0,16675.0,249.0,1.0,1440720000276.0,0.01,123.522,121.026,0.0,0.0,2495.25,254563.5
1439510400358.0,16661.0,358.0,1.0,1439510400378.0,0.01,126.891,124.395,0.0,0.0,2495.25,177288.75
1439942400593.0,16666.0,593.0,1.0,1439942400635.0,0.01,126.888,124.392,0.0,0.0,2495.25,197232.75
1439251200233.0,16658.0,233.0,0.0,1439251200253.0,0.01,122.142,124.629,0.0,0.0,2486.25,152353.25
1439251200233.0,16658.0,233.0,1.0,1439251200255.0,0.01,127.134,124.638,0.0,0.0,2495.25,149867.0
1438560000096.0,16650.0,96.0,1.0,1438560000130.0,0.01,126.542,124.046,0.0,0.0,2495.25,107482.75
1439856000136.0,16665.0,136.0,1.0,1439856000169.0,0.01,126.941,124.445,0.0,0.0,2495.25,189752.0
1440460800252.0,16672.0,252.0,1.0,1440460800276.0,0.01,121.387,118.891,0.0,0.0,2495.25,227147.75
1440633600048.0,16674.0,48.0,1.0,1440633600096.0,0.01,122.555,120.059,0.0,0.0,2495.25,242098.25
1439769600109.0,16664.0,109.0,0.0,1439769600135.0,0.01,121.873,124.362,0.0,0.0,2488.25,187256.75
1439769600109.0,16664.0,109.0,1.0,1439769600137.0,0.01,126.865,124.369,0.0,0.0,2495.25,184768.5
1438819200138.0,16653.0,138.0,1.0,1438819200138.0,0.01,127.278,124.782,0.0,0.0,2495.25,129923.0
1439942400608.0,16666.0,608.0,0.0,1439942400651.0,0.01,121.896,124.388,0.0,0.0,2491.25,202219.25
1440374400244.0,16671.0,244.0,0.0,1440374400268.0,0.01,119.245,121.73,0.0,0.0,2484.25,224652.5
1439942400608.0,16666.0,608.0,1.0,1439942400653.0,0.01,126.888,124.392,0.0,0.0,2495.25,199728.0
1440374400244.0,16671.0,244.0,1.0,1440374400270.0,0.01,124.237,121.741,0.0,0.0,2495.25,222168.25
1438646400359.0,16651.0,359.0,1.0,1438646400401.0,0.01,126.448,123.952,0.0,0.0,2495.25,114961.5
1440720000249.0,16675.0,249.0,0.0,1440720000274.0,0.01,118.53,121.021,0.0,0.0,2490.25,257053.75
1440115200020.0,16668.0,20.0,1.0,1440115200020.0,0.01,125.95,123.454,0.0,0.0,2495.25,212194.25
1439337600118.0,16659.0,118.0,0.0,1439337600149.0,0.01,122.605,125.093,0.0,0.0,2487.25,159831.0
1439337600118.0,16659.0,118.0,1.0,1439337600151.0,0.01,127.597,125.101,0.0,0.0,2495.25,157343.75
1438905600535.0,16654.0,535.0,0.0,1438905600540.0,0.01,122.262,124.751,0.0,0.0,2488.25,134906.5
1438905600535.0,16654.0,535.0,1.0,1438905600542.0,0.01,127.254,124.758,0.0,0.0,2495.25,132418.25
1440460800317.0,16672.0,317.0,0.0,1440460800342.0,0.01,116.393,118.882,0.0,0.0,2488.25,232131.25
1438560000004.0,16650.0,4.0,0.0,1438560000036.0,0.01,121.55,124.043,0.0,0.0,2492.25,104987.5
1438560000004.0,16650.0,4.0,1.0,1438560000037.0,0.01,126.542,124.046,0.0,0.0,2495.25,102495.25
1440720000140.0,16675.0,140.0,1.0,1440720000165.0,0.01,123.522,121.026,0.0,0.0,2495.25,249577.0
1439251200271.0,16658.0,271.0,1.0,1439251200294.0,0.01,127.132,124.636,0.0,0.0,2495.25,154848.5
1440979200755.0,16678.0,755.0,0.0,1440979200808.0,0.01,118.809,121.296,0.0,0.0,2486.25,262035.25
1439510400280.0,16661.0,280.0,0.0,1439510400297.0,0.01,121.896,124.39,0.0,0.0,2493.25,174793.5
1440979200755.0,16678.0,755.0,1.0,1440979200810.0,0.01,123.801,121.305,0.0,0.0,2495.25,259549.0
1439510400280.0,16661.0,280.0,1.0,1439510400299.0,0.01,126.888,124.392,0.0,0.0,2495.25,172300.25
1440720000140.0,16675.0,140.0,0.0,1440720000163.0,0.01,118.53,121.022,0.0,0.0,2491.25,252068.25
1440547200095.0,16673.0,95.0,1.0,1440547200107.0,0.01,121.073,118.577,0.0,0.0,2495.25,239603.0
1443052800023.0,16702.0,23.0,0.0,1443052800050.0,0.01,117.733,120.221,0.0,0.0,2487.25,242043.25
1443052800023.0,16702.0,23.0,1.0,1443052800052.0,0.01,122.725,120.229,0.0,0.0,2495.25,239556.0
1441756800156.0,16687.0,156.0,1.0,1441756800182.0,0.01,122.602,120.106,0.0,0.0,2495.25,157340.75
1443398400229.0,16706.0,229.0,0.0,1443398400279.0,0.01,117.913,120.381,0.0,0.0,2467.25,261957.25
1441670400171.0,16686.0,171.0,1.0,1441670400185.0,0.01,121.935,119.439,0.0,0.0,2495.25,149861.0
1441238400267.0,16681.0,267.0,1.0,1441238400315.0,0.01,123.118,120.622,0.0,0.0,2495.25,124934.5
1442448000261.0,16695.0,261.0,0.0,1442448000316.0,0.01,118.056,120.543,0.0,0.0,2486.25,207192.75
1442275200644.0,16693.0,644.0,1.0,1442275200701.0,0.01,122.861,120.365,0.0,0.0,2495.25,187256.75
1442448000261.0,16695.0,261.0,1.0,1442448000318.0,0.01,123.048,120.552,0.0,0.0,2495.25,204706.5
1441324800007.0,16682.0,7.0,0.0,1441324800064.0,0.01,117.625,120.114,0.0,0.0,2488.25,129918.0
1441324800007.0,16682.0,7.0,1.0,1441324800066.0,0.01,122.617,120.121,0.0,0.0,2495.25,127429.75
1442275200397.0,16693.0,397.0,1.0,1442275200452.0,0.01,122.862,120.366,0.0,0.0,2495.25,182271.25
1443571200571.0,16708.0,571.0,1.0,1443571200581.0,0.01,122.381,119.885,0.0,0.0,2495.25,271931.25
1442880000959.0,16700.0,959.0,0.0,1442880000969.0,0.01,118.024,120.492,0.0,0.0,2467.25,227088.75
1441324800015.0,16682.0,15.0,0.0,1441324800074.0,0.01,117.626,120.117,0.0,0.0,2490.25,134903.5
1442880000959.0,16700.0,959.0,1.0,1442880000971.0,0.01,123.016,120.52,0.0,0.0,2495.25,224621.5
1442534400022.0,16696.0,22.0,1.0,1442534400076.0,0.01,122.597,120.101,0.0,0.0,2495.25,209688.0
1442966401216.0,16701.0,1216.0,1.0,1442966401238.0,0.01,122.59,120.094,0.0,0.0,2495.25,237060.75
1442966401214.0,16701.0,1214.0,0.0,1442966401233.0,0.01,117.599,120.086,0.0,0.0,2486.25,234565.5
1442966401214.0,16701.0,1214.0,1.0,1442966401235.0,0.01,122.591,120.095,0.0,0.0,2495.25,232079.25
1442188800046.0,16692.0,46.0,0.0,1442188800086.0,0.01,118.312,120.802,0.0,0.0,2489.25,177280.75
1441843200051.0,16688.0,51.0,0.0,1441843200087.0,0.01,117.756,120.243,0.0,0.0,2486.25,162322.25
1442188800046.0,16692.0,46.0,1.0,1442188800088.0,0.01,123.304,120.808,0.0,0.0,2495.25,174791.5
1441584000451.0,16685.0,451.0,1.0,1441584000473.0,0.01,121.653,119.157,0.0,0.0,2495.25,137398.75
1441756800067.0,16687.0,67.0,0.0,1441756800090.0,0.01,117.61,120.1,0.0,0.0,2489.25,154845.5
1441756800067.0,16687.0,67.0,1.0,1441756800092.0,0.01,122.602,120.106,0.0,0.0,2495.25,152356.25
1443484800219.0,16707.0,219.0,0.0,1443484800221.0,0.01,117.328,119.817,0.0,0.0,2488.25,269436.0
1441065600040.0,16679.0,40.0,0.0,1441065600096.0,0.01,118.616,121.109,0.0,0.0,2492.25,104987.5
1441065600040.0,16679.0,40.0,1.0,1441065600097.0,0.01,123.608,121.112,0.0,0.0,2495.25,102495.25
1441929600079.0,16689.0,79.0,0.0,1441929600098.0,0.01,118.17,120.659,0.0,0.0,2488.25,169801.0
1441929600079.0,16689.0,79.0,1.0,1441929600100.0,0.01,123.162,120.666,0.0,0.0,2495.25,167312.75
1443484800219.0,16707.0,219.0,1.0,1443484800223.0,0.01,122.32,119.824,0.0,0.0,2495.25,266947.75
1442275200644.0,16693.0,644.0,0.0,1442275200699.0,0.01,117.869,120.361,0.0,0.0,2491.25,189748.0
1441843200073.0,16688.0,73.0,1.0,1441843200112.0,0.01,122.748,120.252,0.0,0.0,2495.25,164817.5
1441238400228.0,16681.0,228.0,0.0,1441238400273.0,0.01,118.126,120.621,0.0,0.0,2494.25,122439.25
1441843200051.0,16688.0,51.0,1.0,1441843200089.0,0.01,122.748,120.252,0.0,0.0,2495.25,159836.0
1443052801310.0,16702.0,1310.0,1.0,1443052801340.0,0.01,122.726,120.23,0.0,0.0,2495.25,244538.5
1441065600105.0,16679.0,105.0,1.0,1441065600120.0,0.01,123.609,121.113,0.0,0.0,2495.25,107482.75
1443139200094.0,16703.0,94.0,1.0,1443139200134.0,0.01,122.772,120.276,0.0,0.0,2495.25,247033.75
1442448000092.0,16695.0,92.0,1.0,1442448000147.0,0.01,123.045,120.549,0.0,0.0,2495.25,199722.0
1441152000609.0,16680.0,609.0,1.0,1441152000639.0,0.01,122.221,119.725,0.0,0.0,2495.25,112469.25
1443571201072.0,16708.0,1072.0,1.0,1443571201085.0,0.01,122.38,119.884,0.0,0.0,2495.25,274426.5
1442793600513.0,16699.0,513.0,0.0,1442793600513.0,0.01,117.53,119.998,0.0,0.0,2467.25,219631.0
1442793600513.0,16699.0,513.0,1.0,1442793600515.0,0.01,122.522,120.026,0.0,0.0,2495.25,217163.75
1442880002679.0,16700.0,2679.0,1.0,1442880002692.0,0.01,123.01,120.514,0.0,0.0,2495.25,229584.0
1443139200094.0,16703.0,94.0,0.0,1443139200132.0,0.01,117.78,120.265,0.0,0.0,2484.25,249518.0
1443398400205.0,16706.0,205.0,1.0,1443398400254.0,0.01,122.908,120.412,0.0,0.0,2495.25,256994.75
1442361600235.0,16694.0,235.0,1.0,1442361600263.0,0.01,122.926,120.43,0.0,0.0,2495.25,197226.75
1443139200095.0,16703.0,95.0,0.0,1443139200135.0,0.01,117.78,120.267,0.0,0.0,2486.25,254499.5
1443139200095.0,16703.0,95.0,1.0,1443139200137.0,0.01,122.772,120.276,0.0,0.0,2495.25,252013.25
1442361600114.0,16694.0,114.0,0.0,1442361600139.0,0.01,117.934,120.423,0.0,0.0,2488.25,194731.5
1442361600114.0,16694.0,114.0,1.0,1442361600141.0,0.01,122.926,120.43,0.0,0.0,2495.25,192243.25
1441152000624.0,16680.0,624.0,0.0,1441152000655.0,0.01,117.229,119.715,0.0,0.0,2485.25,117449.75
1441324800015.0,16682.0,15.0,1.0,1441324800016.0,0.01,122.618,120.122,0.0,0.0,2495.25,132413.25
1441152000624.0,16680.0,624.0,1.0,1441152000657.0,0.01,122.221,119.725,0.0,0.0,2495.25,114964.5
1441238400228.0,16681.0,228.0,1.0,1441238400275.0,0.01,123.118,120.622,0.0,0.0,2495.25,119945.0
1441929600128.0,16689.0,128.0,1.0,1441929600150.0,0.01,123.159,120.663,0.0,0.0,2495.25,172296.25
1442534400106.0,16696.0,106.0,1.0,1442534400151.0,0.01,122.599,120.103,0.0,0.0,2495.25,212183.25
1442275200397.0,16693.0,397.0,0.0,1442275200450.0,0.01,117.87,120.361,0.0,0.0,2490.25,184761.5
1442188800110.0,16692.0,110.0,1.0,1442188800153.0,0.01,123.304,120.808,0.0,0.0,2495.25,179776.0
1443398400229.0,16706.0,229.0,1.0,1443398400281.0,0.01,122.905,120.409,0.0,0.0,2495.25,259490.0
1441584000516.0,16685.0,516.0,0.0,1441584000539.0,0.01,116.663,119.152,0.0,0.0,2488.25,142382.25
1441670400018.0,16686.0,18.0,0.0,1441670400028.0,0.01,116.941,119.43,0.0,0.0,2488.25,147365.75
1441584000516.0,16685.0,516.0,1.0,1441584000541.0,0.01,121.655,119.159,0.0,0.0,2495.25,139894.0
1441670400018.0,16686.0,18.0,1.0,1441670400030.0,0.01,121.933,119.437,0.0,0.0,2495.25,144877.5
1442793601174.0,16699.0,1174.0,1.0,1442793601177.0,0.01,122.519,120.023,0.0,0.0,2495.25,222126.25
1442534400106.0,16696.0,106.0,0.0,1442534400161.0,0.01,117.607,120.093,0.0,0.0,2485.25,214668.5
1441065600105.0,16679.0,105.0,0.0,1441065600162.0,0.01,118.617,121.109,0.0,0.0,2491.25,109974.0
1442448000092.0,16695.0,92.0,0.0,1442448000145.0,0.01,118.053,120.543,0.0,0.0,2489.25,202211.25
1443484800167.0,16707.0,167.0,1.0,1443484800168.0,0.01,122.321,119.825,0.0,0.0,2495.25,264452.5
1443571201072.0,16708.0,1072.0,0.0,1443571201083.0,0.01,117.388,119.878,0.0,0.0,2489.25,276915.75
1445299200403.0,16728.0,403.0,0.0,1445299200435.0,0.01,117.02,119.509,0.0,0.0,2488.25,212139.25
1445212800160.0,16727.0,160.0,1.0,1445212800180.0,0.01,121.799,119.303,0.0,0.0,2495.25,199676.0
1444176000919.0,16715.0,919.0,0.0,1444176000949.0,0.01,117.764,120.254,0.0,0.0,2489.25,137343.75
1444608000015.0,16720.0,15.0,1.0,1444608000054.0,0.01,122.692,120.196,0.0,0.0,2495.25,162274.25
1444176000919.0,16715.0,919.0,1.0,1444176000951.0,0.01,122.756,120.26,0.0,0.0,2495.25,134854.5
1445990400132.0,16736.0,132.0,1.0,1445990400156.0,0.01,122.98,120.484,0.0,0.0,2495.25,252041.25
1445385600132.0,16729.0,132.0,1.0,1445385600186.0,0.01,122.295,119.799,0.0,0.0,2495.25,214634.5
1443657600148.0,16709.0,148.0,1.0,1443657600187.0,0.01,122.377,119.881,0.0,0.0,2495.25,107457.75
1445817600255.0,16734.0,255.0,1.0,1445817600262.0,0.01,123.814,121.318,0.0,0.0,2495.25,239571.0
1446076800158.0,16737.0,158.0,0.0,1446076800192.0,0.01,118.389,120.879,0.0,0.0,2489.25,266999.75
1444089600815.0,16714.0,815.0,0.0,1444089600833.0,0.01,117.982,120.469,0.0,0.0,2486.25,129864.0
1446076800033.0,16737.0,33.0,1.0,1446076800066.0,0.01,123.382,120.886,0.0,0.0,2495.25,262015.25
1444089600815.0,16714.0,815.0,1.0,1444089600835.0,0.01,122.974,120.478,0.0,0.0,2495.25,127377.75
1445472000186.0,16730.0,186.0,0.0,1445472000196.0,0.01,117.369,119.859,0.0,0.0,2489.25,227098.75
1445817600193.0,16734.0,193.0,1.0,1445817600197.0,0.01,123.816,121.32,0.0,0.0,2495.25,237075.75
1444262400055.0,16716.0,55.0,0.0,1444262400074.0,0.01,117.443,119.933,0.0,0.0,2489.25,147311.75
1444262400055.0,16716.0,55.0,1.0,1444262400076.0,0.01,122.435,119.939,0.0,0.0,2495.25,144822.5
1444780800056.0,16722.0,56.0,0.0,1444780800074.0,0.01,117.247,119.736,0.0,0.0,2488.25,182219.25
1444867200039.0,16723.0,39.0,1.0,1444867200078.0,0.01,121.352,118.856,0.0,0.0,2495.25,184714.5
1445299200403.0,16728.0,403.0,1.0,1445299200437.0,0.01,122.012,119.516,0.0,0.0,2495.25,209651.0
1444953600157.0,16724.0,157.0,1.0,1444953600212.0,0.01,121.578,119.082,0.0,0.0,2495.25,192196.25
1445990400190.0,16736.0,190.0,0.0,1445990400214.0,0.01,117.988,120.48,0.0,0.0,2491.25,259520.0
1444262401346.0,16716.0,1346.0,0.0,1444262401367.0,0.01,117.441,119.932,0.0,0.0,2490.25,152297.25
1445299200185.0,16728.0,185.0,1.0,1445299200216.0,0.01,122.012,119.516,0.0,0.0,2495.25,207155.75
1444262401346.0,16716.0,1346.0,1.0,1444262401369.0,0.01,122.433,119.937,0.0,0.0,2495.25,149807.0
1445558400296.0,16731.0,296.0,0.0,1445558400346.0,0.01,118.393,120.885,0.0,0.0,2491.25,234580.5
1444694400822.0,16721.0,822.0,1.0,1444694400823.0,0.01,122.551,120.055,0.0,0.0,2495.25,169756.0
1445558400296.0,16731.0,296.0,1.0,1445558400348.0,0.01,123.385,120.889,0.0,0.0,2495.25,232089.25
1444780800056.0,16722.0,56.0,1.0,1444780800076.0,0.01,122.239,119.743,0.0,0.0,2495.25,179731.0
1446163200151.0,16738.0,151.0,1.0,1446163200195.0,0.01,123.537,121.041,0.0,0.0,2495.25,269495.0
1445472000186.0,16730.0,186.0,1.0,1445472000231.0,0.01,122.361,119.865,0.0,0.0,2495.25,224609.5
1443744000315.0,16710.0,315.0,0.0,1443744000362.0,0.01,117.343,119.82,0.0,0.0,2476.25,112429.25
1443744000315.0,16710.0,315.0,1.0,1443744000364.0,0.01,122.335,119.839,0.0,0.0,2495.25,109953.0
1446163200319.0,16738.0,319.0,1.0,1446163200366.0,0.01,123.539,121.043,0.0,0.0,2495.25,271990.25
1444694401264.0,16721.0,1264.0,0.0,1444694401266.0,0.01,117.559,120.049,0.0,0.0,2489.25,174740.5
1444694401264.0,16721.0,1264.0,1.0,1444694401268.0,0.01,122.551,120.055,0.0,0.0,2495.25,172251.25
1444003200654.0,16713.0,654.0,1.0,1444003200657.0,0.01,122.539,120.043,0.0,0.0,2495.25,122391.25
1446163200319.0,16738.0,319.0,0.0,1446163200364.0,0.01,118.547,121.039,0.0,0.0,2491.25,274481.5
1444953600199.0,16724.0,199.0,0.0,1444953600255.0,0.01,116.589,119.079,0.0,0.0,2489.25,197180.75
1444348800099.0,16717.0,99.0,1.0,1444348800129.0,0.01,122.438,119.942,0.0,0.0,2495.25,154792.5
1443744000352.0,16710.0,352.0,1.0,1443744000403.0,0.01,122.337,119.841,0.0,0.0,2495.25,114924.5
1445558400082.0,16731.0,82.0,1.0,1445558400131.0,0.01,123.388,120.892,0.0,0.0,2495.25,229594.0
1445385600207.0,16729.0,207.0,0.0,1445385600262.0,0.01,117.303,119.793,0.0,0.0,2489.25,219619.0
1445212800242.0,16727.0,242.0,0.0,1445212800263.0,0.01,116.812,119.302,0.0,0.0,2489.25,204660.5
1445385600207.0,16729.0,207.0,1.0,1445385600264.0,0.01,122.295,119.799,0.0,0.0,2495.25,217129.75
1445212800242.0,16727.0,242.0,1.0,1445212800265.0,0.01,121.804,119.308,0.0,0.0,2495.25,202171.25
1444003200525.0,16713.0,525.0,1.0,1444003200525.0,0.01,122.537,120.041,0.0,0.0,2495.25,119896.0
1444003200654.0,16713.0,654.0,0.0,1444003200655.0,0.01,117.547,120.039,0.0,0.0,2491.25,124882.5
1443744000352.0,16710.0,352.0,0.0,1443744000401.0,0.01,117.345,119.822,0.0,0.0,2476.25,117400.75
1443657600110.0,16709.0,110.0,0.0,1443657600147.0,0.01,117.395,119.863,0.0,0.0,2467.25,104962.5
1443657600110.0,16709.0,110.0,1.0,1443657600148.0,0.01,122.387,119.891,0.0,0.0,2495.25,102495.25
1444176001551.0,16715.0,1551.0,1.0,1444176001558.0,0.01,122.757,120.261,0.0,0.0,2495.25,139839.0
1444953600199.0,16724.0,199.0,1.0,1444953600257.0,0.01,121.581,119.085,0.0,0.0,2495.25,194691.5
1444867200132.0,16723.0,132.0,0.0,1444867200172.0,0.01,116.358,118.85,0.0,0.0,2491.25,189701.0
1445990400132.0,16736.0,132.0,0.0,1445990400154.0,0.01,117.988,120.481,0.0,0.0,2492.25,254533.5
1445472000147.0,16730.0,147.0,1.0,1445472000156.0,0.01,122.359,119.863,0.0,0.0,2495.25,222114.25
1446076800158.0,16737.0,158.0,1.0,1446076800194.0,0.01,123.381,120.885,0.0,0.0,2495.25,264510.5
1444608001267.0,16720.0,1267.0,0.0,1444608001310.0,0.01,117.702,120.194,0.0,0.0,2491.25,167260.75
1445904000143.0,16735.0,143.0,1.0,1445904000159.0,0.01,123.468,120.972,0.0,0.0,2495.25,249546.0
1444608001267.0,16720.0,1267.0,1.0,1444608001312.0,0.01,122.694,120.198,0.0,0.0,2495.25,164769.5
1445990400190.0,16736.0,190.0,1.0,1445990400216.0,0.01,122.98,120.484,0.0,0.0,2495.25,257028.75
1444348800132.0,16717.0,132.0,0.0,1444348800163.0,0.01,117.444,119.936,0.0,0.0,2491.25,159779.0
1444348800132.0,16717.0,132.0,1.0,1444348800165.0,0.01,122.436,119.94,0.0,0.0,2495.25,157287.75
1444780800021.0,16722.0,21.0,1.0,1444780800038.0,0.01,122.242,119.746,0.0,0.0,2495.25,177235.75
1445817600255.0,16734.0,255.0,0.0,1445817600260.0,0.01,118.822,121.316,0.0,0.0,2493.25,242064.25
1445904000030.0,16735.0,30.0,0.0,1445904000043.0,0.01,118.476,120.968,0.0,0.0,2491.25,247050.75
1444089600919.0,16714.0,919.0,1.0,1444089600940.0,0.01,122.974,120.478,0.0,0.0,2495.25,132359.25
1445904000030.0,16735.0,30.0,1.0,1445904000045.0,0.01,123.468,120.972,0.0,0.0,2495.25,244559.5
1444867200132.0,16723.0,132.0,1.0,1444867200174.0,0.01,121.35,118.854,0.0,0.0,2495.25,187209.75
1444176001551.0,16715.0,1551.0,0.0,1444176001583.0,0.01,117.765,120.254,0.0,0.0,2488.25,142327.25
1446681600532.0,16744.0,532.0,0.0,1446681600560.0,0.01,119.033,121.525,0.0,0.0,2491.25,132417.25
1448582400781.0,16766.0,781.0,0.0,1448582400815.0,0.01,120.148,122.638,0.0,0.0,2489.25,252095.25
1446681600532.0,16744.0,532.0,1.0,1446681600562.0,0.01,124.025,121.529,0.0,0.0,2495.25,129926.0
1446422400527.0,16741.0,527.0,0.0,1446422400563.0,0.01,118.011,120.506,0.0,0.0,2494.25,104989.5
1446422400527.0,16741.0,527.0,1.0,1446422400564.0,0.01,123.003,120.507,0.0,0.0,2495.25,102495.25
1447977601459.0,16759.0,1459.0,0.0,1447977601461.0,0.01,120.416,122.906,0.0,0.0,2489.25,212201.25
1448409600141.0,16764.0,141.0,1.0,1448409600166.0,0.01,125.016,122.52,0.0,0.0,2495.25,232155.25
1447977601459.0,16759.0,1459.0,1.0,1447977601463.0,0.01,125.408,122.912,0.0,0.0,2495.25,209712.0
1448409600723.0,16764.0,723.0,1.0,1448409600750.0,0.01,125.015,122.519,0.0,0.0,2495.25,237140.75
1448582400781.0,16766.0,781.0,1.0,1448582400817.0,0.01,125.14,122.644,0.0,0.0,2495.25,249606.0
1446422400536.0,16741.0,536.0,1.0,1446422400574.0,0.01,123.006,120.51,0.0,0.0,2495.25,107484.75
1446508800043.0,16742.0,43.0,1.0,1446508800093.0,0.01,123.308,120.812,0.0,0.0,2495.25,114966.5
1448323200051.0,16763.0,51.0,0.0,1448323200065.0,0.01,120.455,122.947,0.0,0.0,2491.25,227164.75
1448841600751.0,16769.0,751.0,1.0,1448841600794.0,0.01,125.332,122.836,0.0,0.0,2495.25,262069.25
1448323200051.0,16763.0,51.0,1.0,1448323200067.0,0.01,125.447,122.951,0.0,0.0,2495.25,224673.5
1447027200024.0,16748.0,24.0,1.0,1447027200073.0,0.01,125.694,123.198,0.0,0.0,2495.25,142391.25
1446508800026.0,16742.0,26.0,0.0,1446508800073.0,0.01,118.316,120.808,0.0,0.0,2491.25,112471.25
1446508800026.0,16742.0,26.0,1.0,1446508800075.0,0.01,123.308,120.812,0.0,0.0,2495.25,109980.0
1447113600031.0,16749.0,31.0,1.0,1447113600080.0,0.01,125.554,123.058,0.0,0.0,2495.25,149873.0
1447632000053.0,16755.0,53.0,0.0,1447632000081.0,0.01,119.81,122.302,0.0,0.0,2491.25,182281.25
1447632000053.0,16755.0,53.0,1.0,1447632000083.0,0.01,124.802,122.306,0.0,0.0,2495.25,179790.0
1447027200035.0,16748.0,35.0,0.0,1447027200085.0,0.01,120.703,123.195,0.0,0.0,2491.25,147377.75
1447632000054.0,16755.0,54.0,1.0,1447632000085.0,0.01,124.804,122.308,0.0,0.0,2495.25,184776.5
1447027200035.0,16748.0,35.0,1.0,1447027200087.0,0.01,125.695,123.199,0.0,0.0,2495.25,144886.5
1446768000034.0,16745.0,34.0,1.0,1446768000089.0,0.01,124.191,121.695,0.0,0.0,2495.25,134912.5
1447718400179.0,16756.0,179.0,1.0,1447718400219.0,0.01,125.763,123.267,0.0,0.0,2495.25,192256.25
1446595200601.0,16743.0,601.0,0.0,1446595200605.0,0.01,118.595,121.084,0.0,0.0,2488.25,124935.5
1446595200601.0,16743.0,601.0,1.0,1446595200607.0,0.01,123.587,121.091,0.0,0.0,2495.25,122447.25
1447372800779.0,16752.0,779.0,1.0,1447372800803.0,0.01,125.091,122.595,0.0,0.0,2495.25,174807.5
1447891200048.0,16758.0,48.0,0.0,1447891200101.0,0.01,121.026,123.516,0.0,0.0,2489.25,204721.5
1447891200048.0,16758.0,48.0,1.0,1447891200103.0,0.01,126.018,123.522,0.0,0.0,2495.25,202232.25
1448496000717.0,16765.0,717.0,0.0,1448496000746.0,0.01,120.191,122.68,0.0,0.0,2488.25,244615.5
1448409600723.0,16764.0,723.0,0.0,1448409600748.0,0.01,120.023,122.515,0.0,0.0,2491.25,239632.0
1448409600141.0,16764.0,141.0,0.0,1448409600164.0,0.01,120.024,122.515,0.0,0.0,2490.25,234645.5
1448582400981.0,16766.0,981.0,1.0,1448582401018.0,0.01,125.141,122.645,0.0,0.0,2495.25,254590.5
1448841600693.0,16769.0,693.0,1.0,1448841600734.0,0.01,125.335,122.839,0.0,0.0,2495.25,257085.75
1448236801822.0,16762.0,1822.0,0.0,1448236801830.0,0.01,120.441,122.933,0.0,0.0,2491.25,219683.0
1448841600751.0,16769.0,751.0,0.0,1448841600792.0,0.01,120.34,122.831,0.0,0.0,2490.25,264559.5
1448841600693.0,16769.0,693.0,0.0,1448841600732.0,0.01,120.343,122.832,0.0,0.0,2488.25,259574.0
1446595200508.0,16743.0,508.0,0.0,1446595200510.0,0.01,118.593,121.084,0.0,0.0,2490.25,119952.0
1446595200508.0,16743.0,508.0,1.0,1446595200512.0,0.01,123.585,121.089,0.0,0.0,2495.25,117461.75
1447113600081.0,16749.0,81.0,0.0,1447113600131.0,0.01,120.56,123.049,0.0,0.0,2488.25,154856.5
1447113600081.0,16749.0,81.0,1.0,1447113600133.0,0.01,125.552,123.056,0.0,0.0,2495.25,152368.25
1448496001416.0,16765.0,1416.0,1.0,1448496001448.0,0.01,125.182,122.686,0.0,0.0,2495.25,247110.75
1447200000520.0,16750.0,520.0,0.0,1447200000523.0,0.01,120.598,123.088,0.0,0.0,2489.25,162336.25
1446768000084.0,16745.0,84.0,0.0,1446768000140.0,0.01,119.202,121.691,0.0,0.0,2488.25,139896.0
1447200000520.0,16750.0,520.0,1.0,1447200000525.0,0.01,125.59,123.094,0.0,0.0,2495.25,159847.0
1446768000084.0,16745.0,84.0,1.0,1446768000142.0,0.01,124.194,121.698,0.0,0.0,2495.25,137407.75
1447718400110.0,16756.0,110.0,0.0,1447718400147.0,0.01,120.773,123.263,0.0,0.0,2489.25,189761.0
1447718400110.0,16756.0,110.0,1.0,1447718400149.0,0.01,125.765,123.269,0.0,0.0,2495.25,187271.75
1447891200093.0,16758.0,93.0,1.0,1447891200150.0,0.01,126.019,123.523,0.0,0.0,2495.25,207216.75
1447286400270.0,16751.0,270.0,1.0,1447286400281.0,0.01,125.253,122.757,0.0,0.0,2495.25,164831.5
1447286400459.0,16751.0,459.0,0.0,1447286400471.0,0.01,120.262,122.753,0.0,0.0,2490.25,169817.0
1446681600514.0,16744.0,514.0,1.0,1446681600541.0,0.01,124.025,121.529,0.0,0.0,2495.25,127430.75
1447804801136.0,16757.0,1136.0,0.0,1447804801181.0,0.01,120.95,123.441,0.0,0.0,2490.25,197241.75
1448496000717.0,16765.0,717.0,1.0,1448496000748.0,0.01,125.183,122.687,0.0,0.0,2495.25,242127.25
1447804801136.0,16757.0,1136.0,1.0,1447804801183.0,0.01,125.942,123.446,0.0,0.0,2495.25,194751.5
1447372800779.0,16752.0,779.0,0.0,1447372800801.0,0.01,120.099,122.587,0.0,0.0,2487.25,177294.75
1447804801393.0,16757.0,1393.0,1.0,1447804801441.0,0.01,125.942,123.446,0.0,0.0,2495.25,199737.0
1447372800644.0,16752.0,644.0,1.0,1447372800665.0,0.01,125.091,122.595,0.0,0.0,2495.25,172312.25
1447977601566.0,16759.0,1566.0,1.0,1447977601571.0,0.01,125.406,122.91,0.0,0.0,2495.25,214696.5
1448236802329.0,16762.0,2329.0,1.0,1448236802340.0,0.01,125.436,122.94,0.0,0.0,2495.25,222178.25
1447286400459.0,16751.0,459.0,1.0,1447286400473.0,0.01,125.254,122.758,0.0,0.0,2495.25,167326.75
1448236801822.0,16762.0,1822.0,1.0,1448236801832.0,0.01,125.433,122.937,0.0,0.0,2495.25,217191.75
1448323200136.0,16763.0,136.0,1.0,1448323200156.0,0.01,125.447,122.951,0.0,0.0,2495.25,229660.0
1447200000427.0,16750.0,427.0,1.0,1447200000429.0,0.01,125.587,123.091,0.0,0.0,2495.25,157351.75
1449792000554.0,16780.0,554.0,1.0,1449792000562.0,0.01,124.201,121.705,0.0,0.0,2495.25,164831.5
1448928000890.0,16770.0,890.0,0.0,1448928000947.0,0.01,120.717,123.209,0.0,0.0,2491.25,104986.5
1448928000890.0,16770.0,890.0,1.0,1448928000948.0,0.01,125.709,123.213,0.0,0.0,2495.25,102495.25
1448928000948.0,16770.0,948.0,1.0,1448928000949.0,0.01,125.709,123.213,0.0,0.0,2495.25,107481.75
1451001604499.0,16794.0,4499.0,0.0,1451001604508.0,0.01,117.702,120.183,0.0,0.0,2480.25,247097.75
1450915200572.0,16793.0,572.0,0.0,1450915200575.0,0.01,118.455,120.947,0.0,0.0,2491.25,234654.5
1451347200080.0,16798.0,80.0,1.0,1451347200096.0,0.01,122.844,120.348,0.0,0.0,2495.25,257073.75
1450915200572.0,16793.0,572.0,1.0,1450915200577.0,0.01,123.447,120.951,0.0,0.0,2495.25,232163.25
1450224000804.0,16785.0,804.0,0.0,1450224000835.0,0.01,119.182,121.674,0.0,0.0,2491.25,189766.0
1450224000804.0,16785.0,804.0,1.0,1450224000837.0,0.01,124.174,121.678,0.0,0.0,2495.25,187274.75
1451520000133.0,16800.0,133.0,0.0,1451520000158.0,0.01,117.973,120.462,0.0,0.0,2488.25,277017.75
1449792002752.0,16780.0,2752.0,0.0,1449792002761.0,0.01,119.211,121.703,0.0,0.0,2491.25,169818.0
1450396800286.0,16787.0,286.0,0.0,1450396800330.0,0.01,119.965,122.453,0.0,0.0,2487.25,204724.5
1449014401091.0,16771.0,1091.0,0.0,1449014401099.0,0.01,120.419,122.909,0.0,0.0,2489.25,112466.25
1450396800411.0,16787.0,411.0,1.0,1450396800460.0,0.01,124.957,122.461,0.0,0.0,2495.25,207219.75
1449014401091.0,16771.0,1091.0,1.0,1449014401101.0,0.01,125.411,122.915,0.0,0.0,2495.25,109977.0
1449100801343.0,16772.0,1343.0,0.0,1449100801358.0,0.01,120.748,123.242,0.0,0.0,2493.25,119950.0
1450137600050.0,16784.0,50.0,1.0,1450137600079.0,0.01,123.621,121.125,0.0,0.0,2495.25,182288.25
1449100801343.0,16772.0,1343.0,1.0,1449100801360.0,0.01,125.74,123.244,0.0,0.0,2495.25,117456.75
1449532800041.0,16777.0,41.0,1.0,1449532800082.0,0.01,125.799,123.303,0.0,0.0,2495.25,142391.25
1449619200546.0,16778.0,546.0,0.0,1449619200595.0,0.01,120.438,122.929,0.0,0.0,2490.25,154856.5
1449619200546.0,16778.0,546.0,1.0,1449619200597.0,0.01,125.43,122.934,0.0,0.0,2495.25,152366.25
1449100801349.0,16772.0,1349.0,0.0,1449100801366.0,0.01,120.75,123.242,0.0,0.0,2491.25,124936.5
1449100801349.0,16772.0,1349.0,1.0,1449100801368.0,0.01,125.742,123.246,0.0,0.0,2495.25,122445.25
1450742400034.0,16791.0,34.0,0.0,1450742400089.0,0.01,118.717,121.21,0.0,0.0,2492.25,219691.0
1451433600225.0,16799.0,225.0,0.0,1451433600246.0,0.01,118.033,120.522,0.0,0.0,2488.25,269539.0
1450742400034.0,16791.0,34.0,1.0,1450742400091.0,0.01,123.709,121.213,0.0,0.0,2495.25,217198.75
1449792002752.0,16780.0,2752.0,1.0,1449792002763.0,0.01,124.203,121.707,0.0,0.0,2495.25,167326.75
1449014401620.0,16771.0,1620.0,1.0,1449014401631.0,0.01,125.411,122.915,0.0,0.0,2495.25,114961.5
1450656000045.0,16790.0,45.0,0.0,1450656000096.0,0.01,118.795,121.289,0.0,0.0,2493.25,212208.25
1450656000045.0,16790.0,45.0,1.0,1450656000098.0,0.01,123.787,121.291,0.0,0.0,2495.25,209715.0
1450137600050.0,16784.0,50.0,0.0,1450137600077.0,0.01,118.629,121.121,0.0,0.0,2491.25,184779.5
1451433600225.0,16799.0,225.0,1.0,1451433600248.0,0.01,123.025,120.529,0.0,0.0,2495.25,267050.75
1450742400301.0,16791.0,301.0,1.0,1450742400359.0,0.01,123.709,121.213,0.0,0.0,2495.25,222186.25
1450396800286.0,16787.0,286.0,1.0,1450396800334.0,0.01,124.957,122.461,0.0,0.0,2495.25,202237.25
1449446400845.0,16776.0,845.0,1.0,1449446400878.0,0.01,125.697,123.201,0.0,0.0,2495.25,134910.5
1450051200092.0,16783.0,92.0,0.0,1450051200112.0,0.01,118.401,120.891,0.0,0.0,2489.25,177297.75
1450051200092.0,16783.0,92.0,1.0,1450051200114.0,0.01,123.393,120.897,0.0,0.0,2495.25,174808.5
1449187200140.0,16773.0,140.0,1.0,1449187200165.0,0.01,125.15,122.654,0.0,0.0,2495.25,127431.75
1449446400851.0,16776.0,851.0,0.0,1449446400885.0,0.01,120.703,123.194,0.0,0.0,2490.25,139896.0
1451260801002.0,16797.0,1002.0,1.0,1451260801014.0,0.01,122.745,120.249,0.0,0.0,2495.25,249593.0
1449446400851.0,16776.0,851.0,1.0,1449446400887.0,0.01,125.695,123.199,0.0,0.0,2495.25,137405.75
1450310401490.0,16786.0,1490.0,0.0,1450310401528.0,0.01,119.989,122.48,0.0,0.0,2490.25,197246.75
1451260801004.0,16797.0,1004.0,0.0,1451260801017.0,0.01,117.754,120.245,0.0,0.0,2490.25,254578.5
1450310401490.0,16786.0,1490.0,1.0,1450310401530.0,0.01,124.981,122.485,0.0,0.0,2495.25,194756.5
1451260801004.0,16797.0,1004.0,1.0,1451260801019.0,0.01,122.746,120.25,0.0,0.0,2495.25,252088.25
1449187200226.0,16773.0,226.0,0.0,1449187200252.0,0.01,120.16,122.649,0.0,0.0,2488.25,132415.25
1449187200226.0,16773.0,226.0,1.0,1449187200254.0,0.01,125.152,122.656,0.0,0.0,2495.25,129927.0
1450051200021.0,16783.0,21.0,1.0,1450051200037.0,0.01,123.394,120.898,0.0,0.0,2495.25,172313.25
1450656000078.0,16790.0,78.0,1.0,1450656000132.0,0.01,123.787,121.291,0.0,0.0,2495.25,214703.5
1450915201282.0,16793.0,1282.0,1.0,1450915201288.0,0.01,123.448,120.952,0.0,0.0,2495.25,237149.75
1450310401504.0,16786.0,1504.0,1.0,1450310401545.0,0.01,124.983,122.487,0.0,0.0,2495.25,199742.0
1450224002028.0,16785.0,2028.0,1.0,1450224002062.0,0.01,124.174,121.678,0.0,0.0,2495.25,192261.25
1450828803603.0,16792.0,3603.0,0.0,1450828803662.0,0.01,118.538,121.03,0.0,0.0,2491.25,227172.75
1451001604487.0,16794.0,4487.0,1.0,1451001604496.0,0.01,122.697,120.201,0.0,0.0,2495.25,239645.0
1450828803603.0,16792.0,3603.0,1.0,1450828803604.0,0.01,123.53,121.034,0.0,0.0,2495.25,224681.5
1451520000066.0,16800.0,66.0,1.0,1451520000090.0,0.01,122.965,120.469,0.0,0.0,2495.25,272034.25
1451347200133.0,16798.0,133.0,0.0,1451347200150.0,0.01,117.851,120.343,0.0,0.0,2491.25,262060.25
1450828803606.0,16792.0,3606.0,1.0,1450828803608.0,0.01,123.531,121.035,0.0,0.0,2495.25,229668.0
1449532800112.0,16777.0,112.0,0.0,1449532800154.0,0.01,120.806,123.296,0.0,0.0,2489.25,147375.75
1449532800112.0,16777.0,112.0,1.0,1449532800156.0,0.01,125.798,123.302,0.0,0.0,2495.25,144886.5
1451001604499.0,16794.0,4499.0,1.0,1451001604510.0,0.01,122.694,120.198,0.0,0.0,2495.25,244617.5
1451520000133.0,16800.0,133.0,1.0,1451520000160.0,0.01,122.965,120.469,0.0,0.0,2495.25,274529.5
1451433600013.0,16799.0,13.0,1.0,1451433600033.0,0.01,123.024,120.528,0.0,0.0,2495.25,264555.5
1449705600034.0,16779.0,34.0,1.0,1449705600034.0,0.01,124.188,121.692,0.0,0.0,2495.25,157351.75
1449619200501.0,16778.0,501.0,1.0,1449619200549.0,0.01,125.43,122.934,0.0,0.0,2495.25,149871.0
1451347200133.0,16798.0,133.0,1.0,1451347200152.0,0.01,122.843,120.347,0.0,0.0,2495.25,259569.0
1449705600809.0,16779.0,809.0,0.0,1449705600810.0,0.01,119.196,121.686,0.0,0.0,2489.25,162336.25
1449705600809.0,16779.0,809.0,1.0,1449705600812.0,0.01,124.188,121.692,0.0,0.0,2495.25,159847.0
1451001604487.0,16794.0,4487.0,0.0,1451001604494.0,0.01,117.705,120.183,0.0,0.0,2477.25,242122.25
1450137600020.0,16784.0,20.0,1.0,1450137600046.0,0.01,123.62,121.124,0.0,0.0,2495.25,179793.0
