15488.0,28.05.2012
15489.0,29.05.2012
15490.0,30.05.2012
15491.0,31.05.2012
15492.0,01.06.2012
15495.0,04.06.2012
15496.0,05.06.2012
15497.0,06.06.2012
15498.0,07.06.2012
15499.0,08.06.2012
15503.0,12.06.2012
15393.0,23.02.2012
15394.0,24.02.2012
15397.0,27.02.2012
15398.0,28.02.2012
15399.0,29.02.2012
15400.0,01.03.2012
15401.0,02.03.2012
15404.0,05.03.2012
15405.0,06.03.2012
15406.0,07.03.2012
15407.0,08.03.2012
15408.0,09.03.2012
15411.0,12.03.2012
15412.0,13.03.2012
15413.0,14.03.2012
15414.0,15.03.2012
15415.0,16.03.2012
15418.0,19.03.2012
15419.0,20.03.2012
15420.0,21.03.2012
15421.0,22.03.2012
15422.0,23.03.2012
15425.0,26.03.2012
15426.0,27.03.2012
15427.0,28.03.2012
15428.0,29.03.2012
15429.0,30.03.2012
15432.0,02.04.2012
15433.0,03.04.2012
15434.0,04.04.2012
15435.0,05.04.2012
15436.0,06.04.2012
15439.0,09.04.2012
15440.0,10.04.2012
15441.0,11.04.2012
15442.0,12.04.2012
15443.0,13.04.2012
15446.0,16.04.2012
15447.0,17.04.2012
15448.0,18.04.2012
15449.0,19.04.2012
15450.0,20.04.2012
15453.0,23.04.2012
15454.0,24.04.2012
15455.0,25.04.2012
15456.0,26.04.2012
15457.0,27.04.2012
15460.0,30.04.2012
15461.0,01.05.2012
15462.0,02.05.2012
15463.0,03.05.2012
15464.0,04.05.2012
15467.0,07.05.2012
15468.0,08.05.2012
15469.0,09.05.2012
15470.0,10.05.2012
15471.0,11.05.2012
15474.0,14.05.2012
15475.0,15.05.2012
15476.0,16.05.2012
15477.0,17.05.2012
15478.0,18.05.2012
15481.0,21.05.2012
15482.0,22.05.2012
15483.0,23.05.2012
15484.0,24.05.2012
15485.0,25.05.2012
15502.0,11.06.2012
15503.0,12.06.2012
15504.0,13.06.2012
15505.0,14.06.2012
15506.0,15.06.2012
15509.0,18.06.2012
15510.0,19.06.2012
15511.0,20.06.2012
15512.0,21.06.2012
15513.0,22.06.2012
15516.0,25.06.2012
15517.0,26.06.2012
15518.0,27.06.2012
15519.0,28.06.2012
15520.0,29.06.2012
15523.0,02.07.2012
15524.0,03.07.2012
15525.0,04.07.2012
15526.0,05.07.2012
15527.0,06.07.2012
15530.0,09.07.2012
15531.0,10.07.2012
15532.0,11.07.2012
15533.0,12.07.2012
15534.0,13.07.2012
15537.0,16.07.2012
15538.0,17.07.2012
15539.0,18.07.2012
15540.0,19.07.2012
15541.0,20.07.2012
15544.0,23.07.2012
15545.0,24.07.2012
15546.0,25.07.2012
15547.0,26.07.2012
15548.0,27.07.2012
15551.0,30.07.2012
15552.0,31.07.2012
15553.0,01.08.2012
15554.0,02.08.2012
15555.0,03.08.2012
15558.0,06.08.2012
15559.0,07.08.2012
15560.0,08.08.2012
15561.0,09.08.2012
15562.0,10.08.2012
15565.0,13.08.2012
15566.0,14.08.2012
15567.0,15.08.2012
15568.0,16.08.2012
15569.0,17.08.2012
15572.0,20.08.2012
15573.0,21.08.2012
15574.0,22.08.2012
15575.0,23.08.2012
15576.0,24.08.2012
15579.0,27.08.2012
15580.0,28.08.2012
15581.0,29.08.2012
15582.0,30.08.2012
15583.0,31.08.2012
15586.0,03.09.2012
15587.0,04.09.2012
15588.0,05.09.2012
15589.0,06.09.2012
15590.0,07.09.2012
15593.0,10.09.2012
15594.0,11.09.2012
15595.0,12.09.2012
15596.0,13.09.2012
15597.0,14.09.2012
15597.0,14.09.2012
15600.0,17.09.2012
15601.0,18.09.2012
15602.0,19.09.2012
15603.0,20.09.2012
15604.0,21.09.2012
15607.0,24.09.2012
15608.0,25.09.2012
15609.0,26.09.2012
15610.0,27.09.2012
15611.0,28.09.2012
15614.0,01.10.2012
15615.0,02.10.2012
15616.0,03.10.2012
15617.0,04.10.2012
15618.0,05.10.2012
15621.0,08.10.2012
15622.0,09.10.2012
15623.0,10.10.2012
15624.0,11.10.2012
15625.0,12.10.2012
15628.0,15.10.2012
15629.0,16.10.2012
15630.0,17.10.2012
15631.0,18.10.2012
15632.0,19.10.2012
15635.0,22.10.2012
15636.0,23.10.2012
15637.0,24.10.2012
15638.0,25.10.2012
15639.0,26.10.2012
15642.0,29.10.2012
15643.0,30.10.2012
15644.0,31.10.2012
15645.0,01.11.2012
15646.0,02.11.2012
15649.0,05.11.2012
15650.0,06.11.2012
15651.0,07.11.2012
15652.0,08.11.2012
15653.0,09.11.2012
15656.0,12.11.2012
15657.0,13.11.2012
15658.0,14.11.2012
15659.0,15.11.2012
15660.0,16.11.2012
15663.0,19.11.2012
15664.0,20.11.2012
15665.0,21.11.2012
15666.0,22.11.2012
15667.0,23.11.2012
15670.0,26.11.2012
15671.0,27.11.2012
15672.0,28.11.2012
15673.0,29.11.2012
15674.0,30.11.2012
15677.0,03.12.2012
15678.0,04.12.2012
15679.0,05.12.2012
15680.0,06.12.2012
15681.0,07.12.2012
15684.0,10.12.2012
15685.0,11.12.2012
15686.0,12.12.2012
15687.0,13.12.2012
15688.0,14.12.2012
15691.0,17.12.2012
15692.0,18.12.2012
15693.0,19.12.2012
15694.0,20.12.2012
15695.0,21.12.2012
15698.0,24.12.2012
15700.0,26.12.2012
15701.0,27.12.2012
15702.0,28.12.2012
15705.0,31.12.2012
15707.0,02.01.2013
15708.0,03.01.2013
15709.0,04.01.2013
15712.0,07.01.2013
15713.0,08.01.2013
15714.0,09.01.2013
15715.0,10.01.2013
15716.0,11.01.2013
15719.0,14.01.2013
15720.0,15.01.2013
15721.0,16.01.2013
15722.0,17.01.2013
15723.0,18.01.2013
15726.0,21.01.2013
15727.0,22.01.2013
15728.0,23.01.2013
15729.0,24.01.2013
15730.0,25.01.2013
15733.0,28.01.2013
15734.0,29.01.2013
15735.0,30.01.2013
15736.0,31.01.2013
15737.0,01.02.2013
15740.0,04.02.2013
15741.0,05.02.2013
15742.0,06.02.2013
15743.0,07.02.2013
15744.0,08.02.2013
15747.0,11.02.2013
15748.0,12.02.2013
15749.0,13.02.2013
15750.0,14.02.2013
15751.0,15.02.2013
15754.0,18.02.2013
15755.0,19.02.2013
15756.0,20.02.2013
15757.0,21.02.2013
15758.0,22.02.2013
