1167523260.0,13513.0,60,NZD,1.0
1167609660.0,13514.0,60,NZD,1.0
1167846300.0,13516.0,63900,NZD,3.0
1168537500.0,13524.0,63900,NZD,2.0
1168880400.0,13528.0,61200,NZD,3.0
1168969500.0,13529.0,63900,NZD,3.0
1168969500.0,13529.0,63900,NZD,1.0
1169142300.0,13531.0,63900,NZD,3.0
1169142300.0,13531.0,63900,NZD,3.0
1169586000.0,13536.0,75600,NZD,1.0
1169654400.0,13537.0,57600,NZD,3.0
1169654400.0,13537.0,57600,NZD,3.0
1169665200.0,13537.0,68400,NZD,1.0
1169751600.0,13538.0,68400,NZD,2.0
1170092700.0,13542.0,63900,NZD,2.0
1170179100.0,13543.0,63900,NZD,3.0
1170351900.0,13545.0,63900,NZD,1.0
1170611100.0,13548.0,63900,NZD,3.0
1170633660.0,13549.0,60,NZD,1.0
1170799140.0,13550.0,79140,NZD,1.0
1170799200.0,13550.0,79200,NZD,1.0
1170870300.0,13551.0,63900,NZD,3.0
1170870300.0,13551.0,63900,NZD,3.0
1171302300.0,13556.0,63900,NZD,3.0
1171302300.0,13556.0,63900,NZD,1.0
1171388700.0,13557.0,63900,NZD,1.0
1171475100.0,13558.0,63900,NZD,3.0
1171475100.0,13558.0,63900,NZD,1.0
1171475100.0,13558.0,63900,NZD,3.0
1171475100.0,13558.0,63900,NZD,1.0
1171479600.0,13558.0,68400,NZD,1.0
1172091600.0,13565.0,75600,NZD,1.0
1172425500.0,13569.0,63900,NZD,3.0
1172433600.0,13569.0,72000,NZD,2.0
1172440800.0,13569.0,79200,NZD,3.0
1172598300.0,13571.0,63900,NZD,2.0
1172684700.0,13572.0,63900,NZD,1.0
1173222000.0,13578.0,82800,NZD,1.0
1173283200.0,13579.0,57600,NZD,3.0
1173283200.0,13579.0,57600,NZD,2.0
1173283200.0,13579.0,57600,NZD,3.0
1173283200.0,13579.0,57600,NZD,3.0
1173289500.0,13579.0,63900,NZD,1.0
1173635100.0,13583.0,63900,NZD,1.0
1173721500.0,13584.0,63900,NZD,3.0
1173721500.0,13584.0,63900,NZD,3.0
1173807900.0,13585.0,63900,NZD,1.0
1173882600.0,13586.0,52200,NZD,2.0
1173985200.0,13587.0,68400,NZD,1.0
1174125600.0,13589.0,36000,NZD,1.0
1174329900.0,13591.0,67500,NZD,1.0
1174431600.0,13592.0,82800,NZD,1.0
1174848300.0,13597.0,67500,NZD,3.0
1174986000.0,13599.0,32400,NZD,1.0
1175021100.0,13599.0,67500,NZD,2.0
1175107500.0,13600.0,67500,NZD,3.0
1175193900.0,13601.0,67500,NZD,3.0
1175205600.0,13601.0,79200,NZD,2.0
1175641200.0,13606.0,82800,NZD,1.0
1175731260.0,13608.0,60,NZD,1.0
1175990460.0,13611.0,60,NZD,1.0
1176141600.0,13612.0,64800,NZD,3.0
1176321600.0,13614.0,72000,NZD,1.0
1176403500.0,13615.0,67500,NZD,3.0
1176403500.0,13615.0,67500,NZD,3.0
1176835500.0,13620.0,67500,NZD,3.0
1176835500.0,13620.0,67500,NZD,1.0
1177008300.0,13622.0,67500,NZD,1.0
1177369200.0,13626.0,82800,NZD,1.0
1177372860.0,13627.0,60,NZD,1.0
1177520400.0,13628.0,61200,NZD,3.0
1177520400.0,13628.0,61200,NZD,3.0
1177526700.0,13628.0,67500,NZD,3.0
1177542000.0,13628.0,82800,NZD,2.0
1177872300.0,13632.0,67500,NZD,2.0
1178146800.0,13635.0,82800,NZD,1.0
1178477100.0,13639.0,67500,NZD,3.0
1178643600.0,13641.0,61200,NZD,3.0
1178649900.0,13641.0,67500,NZD,1.0
1178736300.0,13642.0,67500,NZD,3.0
1178736300.0,13642.0,67500,NZD,3.0
1178740800.0,13642.0,72000,NZD,1.0
1179081900.0,13646.0,67500,NZD,3.0
1179081900.0,13646.0,67500,NZD,1.0
1179081900.0,13646.0,67500,NZD,3.0
1179081900.0,13646.0,67500,NZD,1.0
1179254700.0,13648.0,67500,NZD,3.0
1179254700.0,13648.0,67500,NZD,1.0
1179352800.0,13649.0,79200,NZD,3.0
1179427500.0,13650.0,67500,NZD,1.0
1179702000.0,13653.0,82800,NZD,1.0
1179945900.0,13656.0,67500,NZD,3.0
1180393200.0,13661.0,82800,NZD,3.0
1180464300.0,13662.0,67500,NZD,2.0
1180566000.0,13663.0,82800,NZD,2.0
1180828860.0,13667.0,60,NZD,1.0
1181084400.0,13669.0,82800,NZD,1.0
1181149200.0,13670.0,61200,NZD,3.0
1181149200.0,13670.0,61200,NZD,2.0
1181149200.0,13670.0,61200,NZD,3.0
1181149200.0,13670.0,61200,NZD,3.0
1181501100.0,13674.0,67500,NZD,1.0
1181588400.0,13675.0,68400,NZD,2.0
1181673900.0,13676.0,67500,NZD,1.0
1181760300.0,13677.0,67500,NZD,3.0
1181760300.0,13677.0,67500,NZD,3.0
1181764800.0,13677.0,72000,NZD,1.0
1181846700.0,13678.0,67500,NZD,1.0
1182278700.0,13683.0,67500,NZD,1.0
1182466800.0,13685.0,82800,NZD,1.0
1182848400.0,13690.0,32400,NZD,1.0
1182883500.0,13690.0,67500,NZD,3.0
1182969900.0,13691.0,67500,NZD,2.0
1182969900.0,13691.0,67500,NZD,3.0
1182985200.0,13691.0,82800,NZD,2.0
1183056300.0,13692.0,67500,NZD,3.0
1183590000.0,13698.0,82800,NZD,1.0
1184004000.0,13703.0,64800,NZD,3.0
1184184000.0,13705.0,72000,NZD,1.0
1184265900.0,13706.0,67500,NZD,3.0
1184265900.0,13706.0,67500,NZD,3.0
1184525100.0,13709.0,67500,NZD,3.0
1184525100.0,13709.0,67500,NZD,1.0
1184870700.0,13713.0,67500,NZD,1.0
1184886000.0,13713.0,82800,NZD,1.0
1185382800.0,13719.0,61200,NZD,3.0
1185382800.0,13719.0,61200,NZD,3.0
1185475500.0,13720.0,67500,NZD,3.0
1185734700.0,13723.0,67500,NZD,2.0
1185833820.0,13724.0,80220,NZD,2.0
1186339500.0,13730.0,67500,NZD,3.0
1186441200.0,13731.0,82800,NZD,1.0
1186598700.0,13733.0,67500,NZD,3.0
1186598700.0,13733.0,67500,NZD,3.0
1186944300.0,13737.0,67500,NZD,1.0
1187030700.0,13738.0,67500,NZD,3.0
1187030700.0,13738.0,67500,NZD,1.0
1187030700.0,13738.0,67500,NZD,3.0
1187030700.0,13738.0,67500,NZD,1.0
1187208000.0,13740.0,72000,NZD,1.0
1187549100.0,13744.0,67500,NZD,1.0
1187650800.0,13745.0,82800,NZD,1.0
1187894700.0,13748.0,67500,NZD,3.0
1188255600.0,13752.0,82800,NZD,3.0
1188413100.0,13754.0,67500,NZD,2.0
1188428400.0,13754.0,82800,NZD,2.0
1189033200.0,13761.0,82800,NZD,1.0
1189363500.0,13765.0,67500,NZD,3.0
1189363500.0,13765.0,67500,NZD,1.0
1189449900.0,13766.0,67500,NZD,1.0
1189536420.0,13767.0,67620,NZD,1.0
1189616400.0,13768.0,61200,NZD,3.0
1189616400.0,13768.0,61200,NZD,2.0
1189616400.0,13768.0,61200,NZD,3.0
1189616400.0,13768.0,61200,NZD,3.0
1189622700.0,13768.0,67500,NZD,3.0
1189622700.0,13768.0,67500,NZD,3.0
1189709100.0,13769.0,67500,NZD,1.0
1189713600.0,13769.0,72000,NZD,1.0
1190227500.0,13775.0,67500,NZD,3.0
1190313900.0,13776.0,67500,NZD,1.0
1190329200.0,13776.0,82800,NZD,1.0
1190710800.0,13781.0,32400,NZD,1.0
1190745900.0,13781.0,67500,NZD,3.0
1190832300.0,13782.0,67500,NZD,2.0
1190847600.0,13782.0,82800,NZD,2.0
1190918700.0,13783.0,67500,NZD,3.0
1191060000.0,13785.0,36000,NZD,1.0
1191449280.0,13789.0,79680,NZD,1.0
1191862800.0,13794.0,61200,NZD,3.0
1192042800.0,13796.0,68400,NZD,1.0
1192124700.0,13797.0,63900,NZD,3.0
1192124700.0,13797.0,63900,NZD,3.0
1192383900.0,13800.0,63900,NZD,3.0
1192383900.0,13800.0,63900,NZD,1.0
1192729500.0,13804.0,63900,NZD,1.0
1192744800.0,13804.0,79200,NZD,1.0
1192924860.0,13807.0,60,NZD,1.0
1193241600.0,13810.0,57600,NZD,3.0
1193241600.0,13810.0,57600,NZD,3.0
1193593500.0,13814.0,63900,NZD,3.0
1193679900.0,13815.0,63900,NZD,2.0
1193781600.0,13816.0,79200,NZD,2.0
1194198300.0,13821.0,63900,NZD,3.0
1194300000.0,13822.0,79200,NZD,1.0
1194451200.0,13824.0,57600,NZD,3.0
1194457500.0,13824.0,63900,NZD,3.0
1194457500.0,13824.0,63900,NZD,3.0
1194889500.0,13829.0,63900,NZD,1.0
1194975900.0,13830.0,63900,NZD,3.0
1194975900.0,13830.0,63900,NZD,1.0
1195062300.0,13831.0,63900,NZD,3.0
1195062300.0,13831.0,63900,NZD,1.0
1195062300.0,13831.0,63900,NZD,3.0
1195062300.0,13831.0,63900,NZD,1.0
1195063920.0,13831.0,65520,NZD,1.0
1195494300.0,13836.0,63900,NZD,1.0
1195596000.0,13837.0,79200,NZD,1.0
1196012700.0,13842.0,63900,NZD,3.0
1196114400.0,13843.0,79200,NZD,3.0
1196271900.0,13845.0,63900,NZD,2.0
1196287200.0,13845.0,79200,NZD,2.0
1196805600.0,13851.0,79200,NZD,1.0
1196870400.0,13852.0,57600,NZD,3.0
1196870400.0,13852.0,57600,NZD,2.0
1196870400.0,13852.0,57600,NZD,3.0
1196870400.0,13852.0,57600,NZD,3.0
1197308700.0,13857.0,63900,NZD,1.0
1197481500.0,13859.0,63900,NZD,3.0
1197481500.0,13859.0,63900,NZD,3.0
1197485640.0,13859.0,68040,NZD,1.0
1197567900.0,13860.0,63900,NZD,1.0
1197928800.0,13864.0,79200,NZD,2.0
1197999900.0,13865.0,63900,NZD,1.0
1197999900.0,13865.0,63900,NZD,1.0
1198051200.0,13866.0,28800,NZD,1.0
1198086300.0,13866.0,63900,NZD,3.0
1198172700.0,13867.0,63900,NZD,3.0
1198188000.0,13867.0,79200,NZD,1.0
1198454460.0,13871.0,60,NZD,1.0
1198540860.0,13872.0,60,NZD,1.0
1199059260.0,13878.0,60,NZD,1.0
1199145660.0,13879.0,60,NZD,1.0
1199641500.0,13884.0,63900,NZD,3.0
1199829600.0,13886.0,79200,NZD,1.0
1200246300.0,13891.0,63900,NZD,2.0
1200330300.0,13892.0,61500,NZD,3.0
1200505500.0,13894.0,63900,NZD,3.0
1200505500.0,13894.0,63900,NZD,1.0
1200591900.0,13895.0,63900,NZD,3.0
1200591900.0,13895.0,63900,NZD,3.0
1201104000.0,13901.0,57600,NZD,3.0
1201104000.0,13901.0,57600,NZD,3.0
1201114800.0,13901.0,68400,NZD,1.0
1201125600.0,13901.0,79200,NZD,1.0
1201203000.0,13902.0,70200,NZD,2.0
1201628700.0,13907.0,63900,NZD,2.0
1201715100.0,13908.0,63900,NZD,3.0
1202060700.0,13912.0,63900,NZD,1.0
1202147100.0,13913.0,63900,NZD,3.0
1202162400.0,13913.0,79200,NZD,1.0
1202169660.0,13914.0,60,NZD,1.0
1202319900.0,13915.0,63900,NZD,3.0
1202319900.0,13915.0,63900,NZD,3.0
1202838300.0,13921.0,63900,NZD,3.0
1202838300.0,13921.0,63900,NZD,1.0
1202924400.0,13922.0,63600,NZD,1.0
1202924700.0,13922.0,63900,NZD,1.0
1203011100.0,13923.0,63900,NZD,3.0
1203011100.0,13923.0,63900,NZD,1.0
1203011100.0,13923.0,63900,NZD,3.0
1203011100.0,13923.0,63900,NZD,1.0
1203631200.0,13930.0,79200,NZD,1.0
1203976800.0,13934.0,79200,NZD,3.0
1204047900.0,13935.0,63900,NZD,2.0
1204063200.0,13935.0,79200,NZD,2.0
1204134300.0,13936.0,63900,NZD,1.0
1204220700.0,13937.0,63900,NZD,3.0
1204581600.0,13941.0,79200,NZD,1.0
1204732800.0,13943.0,57600,NZD,3.0
1204732800.0,13943.0,57600,NZD,2.0
1204732800.0,13943.0,57600,NZD,3.0
1204732800.0,13943.0,57600,NZD,3.0
1204862400.0,13945.0,14400,NZD,2.0
1205171100.0,13948.0,63900,NZD,1.0
1205257500.0,13949.0,63900,NZD,1.0
1205343900.0,13950.0,63900,NZD,3.0
1205343900.0,13950.0,63900,NZD,3.0
1205348400.0,13950.0,68400,NZD,1.0
1205430300.0,13951.0,63900,NZD,1.0
1205948700.0,13957.0,63900,NZD,1.0
1205971260.0,13958.0,60,NZD,1.0
1206230460.0,13961.0,60,NZD,1.0
1206396000.0,13962.0,79200,NZD,1.0
1206432000.0,13963.0,28800,NZD,2.0
1206553500.0,13964.0,63900,NZD,3.0
1206553500.0,13964.0,63900,NZD,3.0
1206639900.0,13965.0,63900,NZD,3.0
1206899100.0,13968.0,63900,NZD,2.0
1206900000.0,13968.0,64800,NZD,2.0
1207173600.0,13971.0,79200,NZD,1.0
1207389600.0,13974.0,36000,NZD,1.0
1207591200.0,13976.0,64800,NZD,3.0
1207766520.0,13978.0,67320,NZD,1.0
1208112300.0,13982.0,67500,NZD,3.0
1208112300.0,13982.0,67500,NZD,3.0
1208198700.0,13983.0,67500,NZD,3.0
1208198700.0,13983.0,67500,NZD,1.0
1208717100.0,13989.0,67500,NZD,1.0
1208732400.0,13989.0,82800,NZD,1.0
1208970000.0,13992.0,61200,NZD,3.0
1208970000.0,13992.0,61200,NZD,3.0
1208995260.0,13993.0,60,NZD,1.0
1209408300.0,13997.0,67500,NZD,3.0
1209494700.0,13998.0,67500,NZD,3.0
1209510000.0,13998.0,82800,NZD,2.0
1209926700.0,14003.0,67500,NZD,3.0
1209942000.0,14003.0,82800,NZD,1.0
1210093200.0,14005.0,61200,NZD,3.0
1210185900.0,14006.0,67500,NZD,3.0
1210185900.0,14006.0,67500,NZD,3.0
1210617900.0,14011.0,67500,NZD,1.0
1210788600.0,14013.0,65400,NZD,1.0
1210790700.0,14013.0,67500,NZD,3.0
1210790700.0,14013.0,67500,NZD,1.0
1210790700.0,14013.0,67500,NZD,3.0
1210790700.0,14013.0,67500,NZD,1.0
1210877100.0,14014.0,67500,NZD,3.0
1210877100.0,14014.0,67500,NZD,1.0
1211222700.0,14018.0,67500,NZD,1.0
1211324400.0,14019.0,82800,NZD,1.0
1211407200.0,14020.0,79200,NZD,3.0
1211741100.0,14024.0,67500,NZD,3.0
1211835600.0,14025.0,75600,NZD,3.0
1211842800.0,14025.0,82800,NZD,3.0
1212086700.0,14028.0,67500,NZD,3.0
1212192060.0,14030.0,60,NZD,1.0
1212278460.0,14031.0,60,NZD,1.0
1212534000.0,14033.0,82800,NZD,1.0
1212598800.0,14034.0,61200,NZD,3.0
1212598800.0,14034.0,61200,NZD,2.0
1212598800.0,14034.0,61200,NZD,3.0
1212598800.0,14034.0,61200,NZD,3.0
1213123500.0,14040.0,67500,NZD,1.0
1213209060.0,14041.0,66660,NZD,1.0
1213209900.0,14041.0,67500,NZD,1.0
1213296300.0,14042.0,67500,NZD,3.0
1213296300.0,14042.0,67500,NZD,3.0
1213555740.0,14045.0,67740,NZD,1.0
1213901100.0,14049.0,67500,NZD,1.0
1214175840.0,14052.0,83040,NZD,1.0
1214344800.0,14054.0,79200,NZD,2.0
1214419500.0,14055.0,67500,NZD,3.0
1214505900.0,14056.0,67500,NZD,3.0
1214505900.0,14056.0,67500,NZD,3.0
1214765100.0,14059.0,67500,NZD,3.0
1214780400.0,14059.0,82800,NZD,3.0
1215039960.0,14062.0,83160,NZD,1.0
1215453600.0,14067.0,64800,NZD,3.0
1215627960.0,14069.0,66360,NZD,1.0
1215974700.0,14073.0,67500,NZD,3.0
1215974700.0,14073.0,67500,NZD,3.0
1216061100.0,14074.0,67500,NZD,3.0
1216061100.0,14074.0,67500,NZD,1.0
1216579500.0,14080.0,67500,NZD,1.0
1216595100.0,14080.0,83100,NZD,1.0
1216832400.0,14083.0,61200,NZD,3.0
1216832400.0,14083.0,61200,NZD,3.0
1217184300.0,14087.0,67500,NZD,3.0
1217270700.0,14088.0,67500,NZD,3.0
1217458800.0,14090.0,82800,NZD,3.0
1217789100.0,14094.0,67500,NZD,3.0
1217891160.0,14095.0,83160,NZD,1.0
1218048300.0,14097.0,67500,NZD,3.0
1218048300.0,14097.0,67500,NZD,3.0
1218652380.0,14104.0,66780,NZD,1.0
1218739500.0,14105.0,67500,NZD,3.0
1218739500.0,14105.0,67500,NZD,1.0
1218739500.0,14105.0,67500,NZD,3.0
1218739500.0,14105.0,67500,NZD,1.0
1219085100.0,14109.0,67500,NZD,3.0
1219085100.0,14109.0,67500,NZD,1.0
1219257900.0,14111.0,67500,NZD,1.0
1219273380.0,14111.0,82980,NZD,1.0
1219603740.0,14115.0,67740,NZD,1.0
1219689900.0,14116.0,67500,NZD,3.0
1219705200.0,14116.0,82800,NZD,3.0
1219791720.0,14117.0,82920,NZD,3.0
1219949100.0,14119.0,67500,NZD,3.0
1220396820.0,14124.0,83220,NZD,1.0
1220985900.0,14131.0,67500,NZD,1.0
1221066000.0,14132.0,61200,NZD,3.0
1221066000.0,14132.0,61200,NZD,2.0
1221066000.0,14132.0,61200,NZD,3.0
1221066000.0,14132.0,61200,NZD,3.0
1221072360.0,14132.0,67560,NZD,1.0
1221072540.0,14132.0,67740,NZD,1.0
1221158700.0,14133.0,67500,NZD,3.0
1221158700.0,14133.0,67500,NZD,3.0
1221418200.0,14136.0,67800,NZD,1.0
1221763500.0,14140.0,67500,NZD,3.0
1221763500.0,14140.0,67500,NZD,1.0
1221778800.0,14140.0,82800,NZD,1.0
1222207320.0,14145.0,79320,NZD,2.0
1222368300.0,14147.0,67500,NZD,3.0
1222509600.0,14149.0,36000,NZD,1.0
1222623900.0,14150.0,63900,NZD,3.0
1222710300.0,14151.0,63900,NZD,3.0
1222725720.0,14151.0,79320,NZD,3.0
1222898520.0,14153.0,79320,NZD,1.0
1223312400.0,14158.0,61200,NZD,3.0
1223833500.0,14164.0,63900,NZD,3.0
1223833500.0,14164.0,63900,NZD,3.0
1224054000.0,14167.0,25200,NZD,1.0
1224524700.0,14172.0,63900,NZD,3.0
1224524700.0,14172.0,63900,NZD,1.0
1224540000.0,14172.0,79200,NZD,1.0
1224611100.0,14173.0,63900,NZD,1.0
1224691200.0,14174.0,57600,NZD,3.0
1224691200.0,14174.0,57600,NZD,3.0
1224691200.0,14174.0,57600,NZD,3.0
1224979260.0,14178.0,60,NZD,1.0
1225215900.0,14180.0,63900,NZD,3.0
1225302300.0,14181.0,63900,NZD,3.0
1225317600.0,14181.0,79200,NZD,3.0
1225647900.0,14185.0,63900,NZD,3.0
1225750080.0,14186.0,79680,NZD,1.0
1225907100.0,14188.0,63900,NZD,3.0
1225907100.0,14188.0,63900,NZD,3.0
1226016060.0,14190.0,60,NZD,1.0
1226419200.0,14194.0,57600,NZD,3.0
1226507100.0,14195.0,59100,NZD,1.0
1226511900.0,14195.0,63900,NZD,3.0
1226511900.0,14195.0,63900,NZD,1.0
1226511900.0,14195.0,63900,NZD,3.0
1226511900.0,14195.0,63900,NZD,1.0
1226857740.0,14199.0,64140,NZD,1.0
1227030300.0,14201.0,63900,NZD,3.0
1227030300.0,14201.0,63900,NZD,1.0
1227203100.0,14203.0,63900,NZD,1.0
1227218700.0,14203.0,79500,NZD,1.0
1227564000.0,14207.0,79200,NZD,3.0
1227721500.0,14209.0,63900,NZD,3.0
1227736800.0,14209.0,79200,NZD,3.0
1227807900.0,14210.0,63900,NZD,3.0
1228255560.0,14215.0,79560,NZD,1.0
1228320000.0,14216.0,57600,NZD,3.0
1228320000.0,14216.0,57600,NZD,2.0
1228320000.0,14216.0,57600,NZD,3.0
1228320000.0,14216.0,57600,NZD,3.0
1228844700.0,14222.0,63900,NZD,1.0
1228929960.0,14223.0,62760,NZD,1.0
1228931340.0,14223.0,64140,NZD,1.0
1229017500.0,14224.0,63900,NZD,3.0
1229017500.0,14224.0,63900,NZD,3.0
1229277000.0,14227.0,64200,NZD,1.0
1229551200.0,14230.0,79200,NZD,3.0
1229622300.0,14231.0,63900,NZD,1.0
1229637900.0,14231.0,79500,NZD,1.0
1229881500.0,14234.0,63900,NZD,3.0
1229893200.0,14234.0,75600,NZD,2.0
1229967900.0,14235.0,63900,NZD,3.0
1230076860.0,14237.0,60,NZD,1.0
1230163260.0,14238.0,60,NZD,1.0
1230681660.0,14244.0,60,NZD,1.0
1230768060.0,14245.0,60,NZD,1.0
1231263900.0,14250.0,63900,NZD,3.0
1231277340.0,14250.0,77340,NZD,1.0
1231779600.0,14256.0,61200,NZD,3.0
1231868700.0,14257.0,63900,NZD,3.0
1232387100.0,14263.0,63900,NZD,3.0
1232387100.0,14263.0,63900,NZD,1.0
1232473500.0,14264.0,63900,NZD,3.0
1232473500.0,14264.0,63900,NZD,3.0
1232558940.0,14265.0,62940,NZD,1.0
1232920800.0,14269.0,79200,NZD,1.0
1233158400.0,14272.0,57600,NZD,3.0
1233158400.0,14272.0,57600,NZD,3.0
1233158400.0,14272.0,57600,NZD,3.0
1233164700.0,14272.0,63900,NZD,3.0
1233251100.0,14273.0,63900,NZD,3.0
1233255600.0,14273.0,68400,NZD,3.0
1233510300.0,14276.0,63900,NZD,3.0
1233683100.0,14278.0,63900,NZD,1.0
1233698760.0,14278.0,79560,NZD,1.0
1233769500.0,14279.0,63900,NZD,3.0
1233769500.0,14279.0,63900,NZD,3.0
1233792060.0,14280.0,60,NZD,1.0
1234374120.0,14286.0,63720,NZD,1.0
1234374480.0,14286.0,64080,NZD,1.0
1234460700.0,14287.0,63900,NZD,3.0
1234460700.0,14287.0,63900,NZD,1.0
1234460700.0,14287.0,63900,NZD,3.0
1234460700.0,14287.0,63900,NZD,1.0
1234719900.0,14290.0,63900,NZD,3.0
1234719900.0,14290.0,63900,NZD,1.0
1235340240.0,14297.0,79440,NZD,1.0
1235512800.0,14299.0,79200,NZD,3.0
1235583900.0,14300.0,63900,NZD,3.0
1235599200.0,14300.0,79200,NZD,3.0
1235670300.0,14301.0,63900,NZD,3.0
1235670300.0,14301.0,63900,NZD,1.0
1236100500.0,14306.0,62100,NZD,2.0
1236118140.0,14306.0,79740,NZD,1.0
1236707100.0,14313.0,63900,NZD,1.0
1236787200.0,14314.0,57600,NZD,3.0
1236787200.0,14314.0,57600,NZD,2.0
1236787200.0,14314.0,57600,NZD,3.0
1236787200.0,14314.0,57600,NZD,3.0
1236792360.0,14314.0,62760,NZD,1.0
1236793860.0,14314.0,64260,NZD,1.0
1236879900.0,14315.0,63900,NZD,3.0
1236879900.0,14315.0,63900,NZD,3.0
1237139700.0,14318.0,64500,NZD,1.0
1237484700.0,14322.0,63900,NZD,1.0
1237500960.0,14322.0,80160,NZD,1.0
1237928400.0,14327.0,75600,NZD,2.0
1238003100.0,14328.0,63900,NZD,3.0
1238089500.0,14329.0,63900,NZD,3.0
1238089500.0,14329.0,63900,NZD,3.0
1238348700.0,14332.0,63900,NZD,3.0
1238450400.0,14333.0,79200,NZD,3.0
1238623620.0,14335.0,79620,NZD,1.0
1238839200.0,14338.0,36000,NZD,1.0
1239040800.0,14340.0,64800,NZD,3.0
1239235260.0,14343.0,60,NZD,1.0
1239494460.0,14346.0,60,NZD,1.0
1239648300.0,14347.0,67500,NZD,3.0
1239648300.0,14347.0,67500,NZD,2.0
1239820200.0,14349.0,66600,NZD,1.0
1239907500.0,14350.0,67500,NZD,3.0
1239907500.0,14350.0,67500,NZD,1.0
1240253100.0,14354.0,67500,NZD,1.0
1240441200.0,14356.0,82800,NZD,1.0
1240944300.0,14362.0,67500,NZD,2.0
1240960140.0,14362.0,83340,NZD,3.0
1241024400.0,14363.0,61200,NZD,3.0
1241024400.0,14363.0,61200,NZD,3.0
1241024400.0,14363.0,61200,NZD,3.0
1241030700.0,14363.0,67500,NZD,3.0
1241478420.0,14368.0,83220,NZD,1.0
1241564400.0,14369.0,82800,NZD,3.0
1241635500.0,14370.0,67500,NZD,3.0
1241635500.0,14370.0,67500,NZD,3.0
1242068040.0,14375.0,68040,NZD,1.0
1242147600.0,14376.0,61200,NZD,3.0
1242238860.0,14377.0,66060,NZD,1.0
1242326700.0,14378.0,67500,NZD,3.0
1242326700.0,14378.0,67500,NZD,1.0
1242326700.0,14378.0,67500,NZD,2.0
1242326700.0,14378.0,67500,NZD,1.0
1242585900.0,14381.0,67500,NZD,3.0
1242585900.0,14381.0,67500,NZD,1.0
1242845100.0,14384.0,67500,NZD,1.0
1242860400.0,14384.0,82800,NZD,1.0
1243277100.0,14389.0,67500,NZD,2.0
1243292400.0,14389.0,82800,NZD,3.0
1243378800.0,14390.0,82800,NZD,3.0
1243461600.0,14391.0,79200,NZD,3.0
1243536300.0,14392.0,67500,NZD,3.0
1243728060.0,14395.0,60,NZD,1.0
1244070360.0,14398.0,83160,NZD,1.0
1244573100.0,14404.0,67500,NZD,1.0
1244653200.0,14405.0,61200,NZD,3.0
1244653200.0,14405.0,61200,NZD,2.0
1244653200.0,14405.0,61200,NZD,3.0
1244653200.0,14405.0,61200,NZD,3.0
1244657940.0,14405.0,65940,NZD,1.0
1244745900.0,14406.0,67500,NZD,3.0
1244745900.0,14406.0,67500,NZD,1.0
1244745900.0,14406.0,67500,NZD,2.0
1245005340.0,14409.0,67740,NZD,1.0
1245609900.0,14416.0,67500,NZD,1.0
1245625200.0,14416.0,82800,NZD,1.0
1245794400.0,14418.0,79200,NZD,2.0
1245869100.0,14419.0,67500,NZD,3.0
1245955500.0,14420.0,67500,NZD,3.0
1246214700.0,14423.0,67500,NZD,3.0
1246214700.0,14423.0,67500,NZD,2.0
1246300260.0,14424.0,66660,NZD,3.0
1246489560.0,14426.0,83160,NZD,1.0
1246903200.0,14431.0,64800,NZD,3.0
1247424300.0,14437.0,67500,NZD,3.0
1247424300.0,14437.0,67500,NZD,2.0
1247682180.0,14440.0,66180,NZD,1.0
1247683500.0,14440.0,67500,NZD,3.0
1247683500.0,14440.0,67500,NZD,1.0
1248115500.0,14445.0,67500,NZD,1.0
1248130800.0,14445.0,82800,NZD,1.0
1248720300.0,14452.0,67500,NZD,2.0
1248806700.0,14453.0,67500,NZD,3.0
1248822000.0,14453.0,82800,NZD,3.0
1248886800.0,14454.0,61200,NZD,3.0
1248886800.0,14454.0,61200,NZD,3.0
1249325100.0,14459.0,67500,NZD,3.0
1249340580.0,14459.0,82980,NZD,1.0
1249497900.0,14461.0,67500,NZD,3.0
1249497900.0,14461.0,67500,NZD,3.0
1250101020.0,14468.0,65820,NZD,1.0
1250102880.0,14468.0,67680,NZD,1.0
1250186400.0,14469.0,64800,NZD,2.0
1250189100.0,14469.0,67500,NZD,3.0
1250189100.0,14469.0,67500,NZD,1.0
1250189100.0,14469.0,67500,NZD,2.0
1250189100.0,14469.0,67500,NZD,1.0
1250621100.0,14474.0,67500,NZD,3.0
1250621100.0,14474.0,67500,NZD,1.0
1250793900.0,14476.0,67500,NZD,1.0
1250809200.0,14476.0,82800,NZD,1.0
1251154980.0,14480.0,82980,NZD,3.0
1251312300.0,14482.0,67500,NZD,2.0
1251398700.0,14483.0,67500,NZD,3.0
1251673140.0,14486.0,82740,NZD,3.0
1251932580.0,14489.0,82980,NZD,1.0
1252515600.0,14496.0,61200,NZD,3.0
1252515600.0,14496.0,61200,NZD,2.0
1252515600.0,14496.0,61200,NZD,3.0
1252515600.0,14496.0,61200,NZD,3.0
1252521900.0,14496.0,67500,NZD,1.0
1252608480.0,14497.0,67680,NZD,1.0
1252867500.0,14500.0,67500,NZD,3.0
1252867500.0,14500.0,67500,NZD,2.0
1252951200.0,14501.0,64800,NZD,2.0
1252953900.0,14501.0,67500,NZD,1.0
1253125380.0,14503.0,66180,NZD,1.0
1253472300.0,14507.0,67500,NZD,1.0
1253487600.0,14507.0,82800,NZD,1.0
1253558700.0,14508.0,67500,NZD,3.0
1253645100.0,14509.0,67500,NZD,3.0
1253728980.0,14510.0,64980,NZD,2.0
1253817900.0,14511.0,67500,NZD,2.0
1253959200.0,14513.0,36000,NZD,1.0
1254159900.0,14515.0,63900,NZD,3.0
1254261600.0,14516.0,79200,NZD,3.0
1254693780.0,14521.0,79380,NZD,1.0
1254762000.0,14522.0,61200,NZD,3.0
1255369500.0,14529.0,63900,NZD,3.0
1255369500.0,14529.0,63900,NZD,2.0
1255453200.0,14530.0,61200,NZD,2.0
1255541700.0,14531.0,63300,NZD,1.0
1255542300.0,14531.0,63900,NZD,3.0
1255542300.0,14531.0,63900,NZD,1.0
1256060700.0,14537.0,63900,NZD,1.0
1256076000.0,14537.0,79200,NZD,1.0
1256428860.0,14542.0,60,NZD,1.0
1256680800.0,14544.0,79200,NZD,3.0
1256745600.0,14545.0,57600,NZD,3.0
1256745600.0,14545.0,57600,NZD,3.0
1256751900.0,14545.0,63900,NZD,2.0
1256838300.0,14546.0,63900,NZD,3.0
1257183900.0,14550.0,63900,NZD,3.0
1257199200.0,14550.0,79200,NZD,1.0
1257356700.0,14552.0,63900,NZD,3.0
1257356700.0,14552.0,63900,NZD,3.0
1257363900.0,14552.0,71100,NZD,3.0
1257868800.0,14558.0,57600,NZD,3.0
1257875340.0,14558.0,64140,NZD,1.0
1257960600.0,14559.0,63000,NZD,1.0
1257961500.0,14559.0,63900,NZD,3.0
1257961500.0,14559.0,63900,NZD,1.0
1257961500.0,14559.0,63900,NZD,2.0
1257961500.0,14559.0,63900,NZD,1.0
1258045200.0,14560.0,61200,NZD,2.0
1258307100.0,14563.0,63900,NZD,3.0
1258307100.0,14563.0,63900,NZD,1.0
1258668000.0,14567.0,79200,NZD,1.0
1258911900.0,14570.0,63900,NZD,1.0
1259017980.0,14571.0,83580,NZD,3.0
1259186400.0,14573.0,79200,NZD,3.0
1259257500.0,14574.0,63900,NZD,2.0
1259516700.0,14577.0,63900,NZD,3.0
1259791380.0,14580.0,79380,NZD,1.0
1260207900.0,14585.0,63900,NZD,1.0
1260318960.0,14587.0,2160,NZD,3.0
1260318960.0,14587.0,2160,NZD,2.0
1260374400.0,14587.0,57600,NZD,3.0
1260374400.0,14587.0,57600,NZD,2.0
1260374400.0,14587.0,57600,NZD,3.0
1260374400.0,14587.0,57600,NZD,3.0
1260379800.0,14587.0,63000,NZD,1.0
1260380700.0,14587.0,63900,NZD,1.0
1260467340.0,14588.0,64140,NZD,1.0
1260723600.0,14591.0,61200,NZD,2.0
1260985620.0,14594.0,64020,NZD,2.0
1261331100.0,14598.0,63900,NZD,1.0
1261346400.0,14598.0,79200,NZD,1.0
1261417500.0,14599.0,63900,NZD,3.0
1261503900.0,14600.0,63900,NZD,3.0
1261612860.0,14602.0,60,NZD,1.0
1261872060.0,14605.0,60,NZD,1.0
1262217660.0,14609.0,60,NZD,1.0
1262476860.0,14612.0,60,NZD,1.0
1262799900.0,14615.0,63900,NZD,2.0
1263229200.0,14620.0,61200,NZD,3.0
1263333600.0,14621.0,79200,NZD,1.0
1263404700.0,14622.0,63900,NZD,3.0
1263747600.0,14626.0,61200,NZD,2.0
1263923100.0,14628.0,63900,NZD,3.0
1263923100.0,14628.0,63900,NZD,1.0
1264008840.0,14629.0,63240,NZD,1.0
1264009500.0,14629.0,63900,NZD,3.0
1264009500.0,14629.0,63900,NZD,2.0
1264456800.0,14634.0,79200,NZD,1.0
1264608000.0,14636.0,57600,NZD,3.0
1264608000.0,14636.0,57600,NZD,3.0
1264700700.0,14637.0,63900,NZD,3.0
1264700700.0,14637.0,63900,NZD,2.0
1264975320.0,14640.0,79320,NZD,1.0
1265046300.0,14641.0,63900,NZD,3.0
1265219100.0,14643.0,63900,NZD,3.0
1265219100.0,14643.0,63900,NZD,3.0
1265219100.0,14643.0,63900,NZD,1.0
1265823360.0,14650.0,63360,NZD,1.0
1265824140.0,14650.0,64140,NZD,1.0
1265907600.0,14651.0,61200,NZD,2.0
1265910300.0,14651.0,63900,NZD,3.0
1265910300.0,14651.0,63900,NZD,1.0
1265910300.0,14651.0,63900,NZD,2.0
1265910300.0,14651.0,63900,NZD,1.0
1266255900.0,14655.0,63900,NZD,3.0
1266255900.0,14655.0,63900,NZD,1.0
1266530400.0,14658.0,79200,NZD,1.0
1266876000.0,14662.0,79200,NZD,3.0
1267048800.0,14664.0,79200,NZD,3.0
1267119900.0,14665.0,63900,NZD,3.0
1267119900.0,14665.0,63900,NZD,2.0
1267379100.0,14668.0,63900,NZD,1.0
1267394640.0,14668.0,79440,NZD,1.0
1267983900.0,14675.0,63900,NZD,1.0
1268156700.0,14677.0,63900,NZD,1.0
1268236800.0,14678.0,57600,NZD,3.0
1268236800.0,14678.0,57600,NZD,2.0
1268236800.0,14678.0,57600,NZD,3.0
1268236800.0,14678.0,57600,NZD,3.0
1268242380.0,14678.0,63180,NZD,1.0
1268243100.0,14678.0,63900,NZD,1.0
1268326800.0,14679.0,61200,NZD,2.0
1268329500.0,14679.0,63900,NZD,3.0
1268329500.0,14679.0,63900,NZD,2.0
1268758800.0,14684.0,61200,NZD,2.0
1268934300.0,14686.0,63900,NZD,1.0
1268949600.0,14686.0,79200,NZD,1.0
1269366300.0,14691.0,63900,NZD,3.0
1269452700.0,14692.0,63900,NZD,3.0
1269539100.0,14693.0,63900,NZD,2.0
1269884700.0,14697.0,63900,NZD,2.0
1269986400.0,14698.0,79200,NZD,3.0
1270080060.0,14700.0,60,NZD,1.0
1270288800.0,14702.0,36000,NZD,1.0
1270339260.0,14703.0,60,NZD,1.0
1270490400.0,14704.0,64800,NZD,3.0
1270508400.0,14704.0,82800,NZD,1.0
1271184300.0,14712.0,67500,NZD,3.0
1271184300.0,14712.0,67500,NZD,2.0
1271269980.0,14713.0,66780,NZD,1.0
1271354400.0,14714.0,64800,NZD,2.0
1271702700.0,14718.0,67500,NZD,3.0
1271702700.0,14718.0,67500,NZD,1.0
1272408960.0,14726.0,82560,NZD,3.0
1272474000.0,14727.0,61200,NZD,3.0
1272474000.0,14727.0,61200,NZD,3.0
1272480300.0,14727.0,67500,NZD,2.0
1272566700.0,14728.0,67500,NZD,2.0
1272841380.0,14731.0,82980,NZD,1.0
1272912300.0,14732.0,67500,NZD,3.0
1273082400.0,14734.0,64800,NZD,2.0
1273085100.0,14734.0,67500,NZD,3.0
1273085100.0,14734.0,67500,NZD,3.0
1273689180.0,14741.0,66780,NZD,1.0
1273690080.0,14741.0,67680,NZD,1.0
1273773600.0,14742.0,64800,NZD,2.0
1273776300.0,14742.0,67500,NZD,3.0
1273776300.0,14742.0,67500,NZD,1.0
1273776300.0,14742.0,67500,NZD,2.0
1273776300.0,14742.0,67500,NZD,1.0
1274121900.0,14746.0,67500,NZD,3.0
1274121900.0,14746.0,67500,NZD,1.0
1274202000.0,14747.0,61200,NZD,3.0
1274306400.0,14748.0,79200,NZD,3.0
1274381100.0,14749.0,67500,NZD,1.0
1274396400.0,14749.0,82800,NZD,1.0
1274742000.0,14753.0,82800,NZD,3.0
1274899500.0,14755.0,67500,NZD,2.0
1274985900.0,14756.0,67500,NZD,2.0
1275260400.0,14759.0,82800,NZD,3.0
1275433200.0,14761.0,82800,NZD,1.0
1275782460.0,14766.0,60,NZD,1.0
1275936300.0,14767.0,67500,NZD,1.0
1276102800.0,14769.0,61200,NZD,3.0
1276102800.0,14769.0,61200,NZD,2.0
1276102800.0,14769.0,61200,NZD,3.0
1276102800.0,14769.0,61200,NZD,3.0
1276108320.0,14769.0,66720,NZD,1.0
1276109100.0,14769.0,67500,NZD,1.0
1276117800.0,14769.0,76200,NZD,3.0
1276195620.0,14770.0,67620,NZD,1.0
1276454700.0,14773.0,67500,NZD,3.0
1276454700.0,14773.0,67500,NZD,2.0
1276538400.0,14774.0,64800,NZD,2.0
1276624860.0,14775.0,64860,NZD,2.0
1277059500.0,14780.0,67500,NZD,1.0
1277161200.0,14781.0,82800,NZD,1.0
1277232300.0,14782.0,67500,NZD,3.0
1277318700.0,14783.0,67500,NZD,3.0
1277405100.0,14784.0,67500,NZD,2.0
1277679600.0,14787.0,82800,NZD,3.0
1277750700.0,14788.0,67500,NZD,2.0
1277938800.0,14790.0,82800,NZD,1.0
1278352800.0,14795.0,64800,NZD,3.0
1278960300.0,14802.0,67500,NZD,1.0
1279044000.0,14803.0,64800,NZD,2.0
1279046700.0,14803.0,67500,NZD,3.0
1279046700.0,14803.0,67500,NZD,2.0
1279132020.0,14804.0,66420,NZD,1.0
1279219500.0,14805.0,67500,NZD,3.0
1279652400.0,14810.0,68400,NZD,1.0
1279666800.0,14810.0,82800,NZD,1.0
1280271600.0,14817.0,82800,NZD,3.0
1280336400.0,14818.0,61200,NZD,3.0
1280336400.0,14818.0,61200,NZD,3.0
1280342700.0,14818.0,67500,NZD,2.0
1280429100.0,14819.0,67500,NZD,2.0
1280703960.0,14822.0,83160,NZD,1.0
1280774700.0,14823.0,67500,NZD,3.0
1280947500.0,14825.0,67500,NZD,3.0
1280947500.0,14825.0,67500,NZD,3.0
1281551400.0,14832.0,66600,NZD,1.0
1281552420.0,14832.0,67620,NZD,1.0
1281636000.0,14833.0,64800,NZD,2.0
1281638700.0,14833.0,67500,NZD,3.0
1281638700.0,14833.0,67500,NZD,1.0
1281638700.0,14833.0,67500,NZD,2.0
1281638700.0,14833.0,67500,NZD,1.0
1282157100.0,14839.0,67500,NZD,3.0
1282157100.0,14839.0,67500,NZD,1.0
1282243860.0,14840.0,67860,NZD,1.0
1282258800.0,14840.0,82800,NZD,1.0
1282604400.0,14844.0,82800,NZD,3.0
1283107680.0,14850.0,67680,NZD,2.0
1283122800.0,14850.0,82800,NZD,3.0
1283193900.0,14851.0,67500,NZD,2.0
1283296380.0,14852.0,83580,NZD,1.0
1283971500.0,14860.0,67500,NZD,1.0
1284057900.0,14861.0,67500,NZD,1.0
1284317100.0,14864.0,67500,NZD,1.0
1284400800.0,14865.0,64800,NZD,2.0
1284403500.0,14865.0,67500,NZD,3.0
1284403500.0,14865.0,67500,NZD,2.0
1284570000.0,14867.0,61200,NZD,3.0
1284570000.0,14867.0,61200,NZD,2.0
1284570000.0,14867.0,61200,NZD,3.0
1284570000.0,14867.0,61200,NZD,3.0
1284575280.0,14867.0,66480,NZD,1.0
1284660300.0,14868.0,65100,NZD,2.0
1285008480.0,14872.0,67680,NZD,1.0
1285023600.0,14872.0,82800,NZD,1.0
1285094700.0,14873.0,67500,NZD,3.0
1285181100.0,14874.0,67500,NZD,3.0
1285408800.0,14877.0,36000,NZD,1.0
1285695900.0,14880.0,63900,NZD,2.0
1285782300.0,14881.0,63900,NZD,2.0
1285797600.0,14881.0,79200,NZD,3.0
1286143200.0,14885.0,79200,NZD,1.0
1286211600.0,14886.0,61200,NZD,3.0
1286905500.0,14894.0,63900,NZD,1.0
1286989200.0,14895.0,61200,NZD,2.0
1286990760.0,14895.0,62760,NZD,1.0
1286991900.0,14895.0,63900,NZD,3.0
1286991900.0,14895.0,63900,NZD,2.0
1287337500.0,14899.0,63900,NZD,3.0
1287514800.0,14901.0,68400,NZD,3.0
1287596700.0,14902.0,63900,NZD,1.0
1287612180.0,14902.0,79380,NZD,1.0
1287878460.0,14906.0,60,NZD,1.0
1288130400.0,14908.0,79200,NZD,3.0
1288195200.0,14909.0,57600,NZD,3.0
1288195200.0,14909.0,57600,NZD,3.0
1288287900.0,14910.0,63900,NZD,2.0
1288287900.0,14910.0,63900,NZD,2.0
1288562640.0,14913.0,79440,NZD,1.0
1288633500.0,14914.0,63900,NZD,3.0
1288806300.0,14916.0,63900,NZD,3.0
1288806300.0,14916.0,63900,NZD,3.0
1289318400.0,14922.0,57600,NZD,3.0
1289408400.0,14923.0,61200,NZD,2.0
1289410500.0,14923.0,63300,NZD,1.0
1289411220.0,14923.0,64020,NZD,1.0
1289756700.0,14927.0,63900,NZD,3.0
1289756700.0,14927.0,63900,NZD,1.0
1289756700.0,14927.0,63900,NZD,2.0
1289756700.0,14927.0,63900,NZD,1.0
1290015900.0,14930.0,63900,NZD,3.0
1290015900.0,14930.0,63900,NZD,1.0
1290117600.0,14931.0,79200,NZD,1.0
1290361860.0,14934.0,64260,NZD,1.0
1290463200.0,14935.0,79200,NZD,3.0
1290966300.0,14941.0,63900,NZD,2.0
1290981600.0,14941.0,79200,NZD,3.0
1291052700.0,14942.0,63900,NZD,2.0
1291154400.0,14943.0,79200,NZD,1.0
1291743900.0,14950.0,63900,NZD,1.0
1291824000.0,14951.0,57600,NZD,3.0
1291824000.0,14951.0,57600,NZD,2.0
1291824000.0,14951.0,57600,NZD,3.0
1291824000.0,14951.0,57600,NZD,3.0
1291916700.0,14952.0,63900,NZD,1.0
1292176140.0,14955.0,64140,NZD,1.0
1292259600.0,14956.0,61200,NZD,2.0
1292262300.0,14956.0,63900,NZD,3.0
1292262300.0,14956.0,63900,NZD,2.0
1292432400.0,14958.0,61200,NZD,2.0
1292434140.0,14958.0,62940,NZD,1.0
1292450400.0,14958.0,79200,NZD,3.0
1292867100.0,14963.0,63900,NZD,1.0
1292882400.0,14963.0,79200,NZD,1.0
1292953500.0,14964.0,63900,NZD,3.0
1293039900.0,14965.0,63900,NZD,3.0
1293321660.0,14969.0,60,NZD,1.0
1293408060.0,14970.0,60,NZD,1.0
1293926460.0,14976.0,60,NZD,1.0
1294012860.0,14977.0,60,NZD,1.0
1294508700.0,14982.0,63900,NZD,2.0
1294595100.0,14983.0,63900,NZD,2.0
1294678800.0,14984.0,61200,NZD,3.0
1294681500.0,14984.0,63900,NZD,2.0
1294869600.0,14986.0,79200,NZD,1.0
1295199900.0,14990.0,63900,NZD,1.0
1295283600.0,14991.0,61200,NZD,2.0
1295459100.0,14993.0,63900,NZD,3.0
1295544540.0,14994.0,62940,NZD,1.0
1295545500.0,14994.0,63900,NZD,3.0
1295545500.0,14994.0,63900,NZD,3.0
1295992800.0,14999.0,79200,NZD,1.0
1296057600.0,15000.0,57600,NZD,3.0
1296057600.0,15000.0,57600,NZD,3.0
1296409500.0,15004.0,63900,NZD,2.0
1296409500.0,15004.0,63900,NZD,2.0
1296495900.0,15005.0,63900,NZD,3.0
1296511500.0,15005.0,79500,NZD,1.0
1296668700.0,15007.0,63900,NZD,3.0
1296668700.0,15007.0,63900,NZD,3.0
1296755100.0,15008.0,63900,NZD,1.0
1297359900.0,15015.0,63900,NZD,1.0
1297377000.0,15015.0,81000,NZD,2.0
1297619100.0,15018.0,63900,NZD,3.0
1297619100.0,15018.0,63900,NZD,1.0
1297619100.0,15018.0,63900,NZD,2.0
1297619100.0,15018.0,63900,NZD,1.0
1297877280.0,15021.0,62880,NZD,1.0
1297878300.0,15021.0,63900,NZD,3.0
1297878300.0,15021.0,63900,NZD,1.0
1298239200.0,15025.0,79200,NZD,1.0
1298325600.0,15026.0,79200,NZD,3.0
1298828700.0,15032.0,63900,NZD,2.0
1298844000.0,15032.0,79200,NZD,3.0
1298844000.0,15032.0,79200,NZD,1.0
1298930400.0,15033.0,79200,NZD,1.0
1299433500.0,15039.0,63900,NZD,3.0
1299606540.0,15041.0,64140,NZD,1.0
1299686400.0,15042.0,57600,NZD,3.0
1299686400.0,15042.0,57600,NZD,2.0
1299686400.0,15042.0,57600,NZD,3.0
1299686400.0,15042.0,57600,NZD,3.0
1299779280.0,15043.0,64080,NZD,1.0
1300038900.0,15046.0,64500,NZD,2.0
1300294800.0,15049.0,61200,NZD,2.0
1300658400.0,15053.0,79200,NZD,1.0
1300815900.0,15055.0,63900,NZD,3.0
1300902300.0,15056.0,63900,NZD,3.0
1300991400.0,15057.0,66600,NZD,3.0
1301334300.0,15061.0,63900,NZD,2.0
1301420700.0,15062.0,63900,NZD,3.0
1301522400.0,15063.0,79200,NZD,3.0
1301593500.0,15064.0,63900,NZD,1.0
1301738400.0,15066.0,36000,NZD,1.0
1301871600.0,15067.0,82800,NZD,1.0
1301940000.0,15068.0,64800,NZD,3.0
1302631200.0,15076.0,64800,NZD,2.0
1302633900.0,15076.0,67500,NZD,1.0
1302634260.0,15076.0,67860,NZD,1.0
1302719640.0,15077.0,66840,NZD,1.0
1303065900.0,15081.0,67500,NZD,3.0
1303340400.0,15084.0,82800,NZD,1.0
1303344060.0,15085.0,60,NZD,1.0
1303603260.0,15088.0,60,NZD,1.0
1303851600.0,15090.0,75600,NZD,3.0
1303923600.0,15091.0,61200,NZD,3.0
1303923600.0,15091.0,61200,NZD,3.0
1304016300.0,15092.0,67500,NZD,2.0
1304283840.0,15095.0,75840,NZD,1.0
1304361900.0,15096.0,67500,NZD,3.0
1304448300.0,15097.0,67500,NZD,3.0
1304448600.0,15097.0,67800,NZD,1.0
1304534700.0,15098.0,67500,NZD,3.0
1304534700.0,15098.0,67500,NZD,3.0
1304550900.0,15098.0,83700,NZD,2.0
1304567100.0,15099.0,13500,NZD,2.0
1305046800.0,15104.0,61200,NZD,3.0
1305050400.0,15104.0,64800,NZD,2.0
1305137760.0,15105.0,65760,NZD,1.0
1305139500.0,15105.0,67500,NZD,1.0
1305657900.0,15111.0,67500,NZD,3.0
1305657900.0,15111.0,67500,NZD,1.0
1305756000.0,15112.0,79200,NZD,3.0
1305830940.0,15113.0,67740,NZD,1.0
1305846000.0,15113.0,82800,NZD,1.0
1306191600.0,15117.0,82800,NZD,3.0
1306694700.0,15123.0,67500,NZD,2.0
1306789200.0,15124.0,75600,NZD,3.0
1306867500.0,15125.0,67500,NZD,1.0
1306875900.0,15125.0,75900,NZD,1.0
1307040300.0,15127.0,67500,NZD,3.0
1307232060.0,15130.0,60,NZD,1.0
1307552400.0,15133.0,61200,NZD,3.0
1307552400.0,15133.0,61200,NZD,2.0
1307552400.0,15133.0,61200,NZD,3.0
1307552400.0,15133.0,61200,NZD,3.0
1307567700.0,15133.0,76500,NZD,3.0
1307649600.0,15134.0,72000,NZD,2.0
1307922060.0,15137.0,85260,NZD,2.0
1307990700.0,15138.0,67500,NZD,1.0
1308077100.0,15139.0,67500,NZD,2.0
1308077400.0,15139.0,67800,NZD,3.0
1308160800.0,15140.0,64800,NZD,2.0
1308162600.0,15140.0,66600,NZD,1.0
1308509100.0,15144.0,67500,NZD,1.0
1308595800.0,15145.0,67800,NZD,1.0
1308681900.0,15146.0,67500,NZD,3.0
1308697200.0,15146.0,82800,NZD,1.0
1309113900.0,15151.0,67500,NZD,2.0
1309373100.0,15154.0,67500,NZD,3.0
1309381200.0,15154.0,75600,NZD,3.0
1309726920.0,15158.0,75720,NZD,1.0
1309802400.0,15159.0,64800,NZD,3.0
1310496300.0,15167.0,67500,NZD,1.0
1310581440.0,15168.0,66240,NZD,1.0
1310582700.0,15168.0,67500,NZD,3.0
1310587200.0,15168.0,72000,NZD,2.0
1310928300.0,15172.0,67500,NZD,3.0
1311187800.0,15175.0,67800,NZD,1.0
1311202800.0,15175.0,82800,NZD,1.0
1311619500.0,15180.0,67500,NZD,2.0
1311714000.0,15181.0,75600,NZD,3.0
1311786000.0,15182.0,61200,NZD,3.0
1311786000.0,15182.0,61200,NZD,3.0
1311878700.0,15183.0,67500,NZD,3.0
1312146300.0,15186.0,75900,NZD,1.0
1312224300.0,15187.0,67500,NZD,3.0
1312397100.0,15189.0,67500,NZD,3.0
1312397100.0,15189.0,67500,NZD,3.0
1313000460.0,15196.0,66060,NZD,1.0
1313001000.0,15196.0,66600,NZD,2.0
1313520300.0,15202.0,67500,NZD,3.0
1313520300.0,15202.0,67500,NZD,1.0
1313693520.0,15204.0,67920,NZD,1.0
1313708940.0,15204.0,83340,NZD,1.0
1314054000.0,15208.0,82800,NZD,3.0
1314125100.0,15209.0,67500,NZD,2.0
1314211500.0,15210.0,67500,NZD,1.0
1314211500.0,15210.0,67500,NZD,2.0
1314211860.0,15210.0,67860,NZD,3.0
1314643500.0,15215.0,67500,NZD,3.0
1314738000.0,15216.0,75600,NZD,3.0
1314816300.0,15217.0,67500,NZD,1.0
1314824400.0,15217.0,75600,NZD,1.0
1315853100.0,15229.0,67500,NZD,1.0
1315853100.0,15229.0,67500,NZD,1.0
1315857600.0,15229.0,72000,NZD,2.0
1316019600.0,15231.0,61200,NZD,3.0
1316019600.0,15231.0,61200,NZD,2.0
1316019600.0,15231.0,61200,NZD,3.0
1316019600.0,15231.0,61200,NZD,3.0
1316023740.0,15231.0,65340,NZD,1.0
1316368800.0,15235.0,64800,NZD,2.0
1316544300.0,15237.0,67500,NZD,3.0
1316544780.0,15237.0,67980,NZD,1.0
1316559600.0,15237.0,82800,NZD,1.0
1316630700.0,15238.0,67500,NZD,3.0
1316858400.0,15241.0,36000,NZD,1.0
1316972700.0,15242.0,63900,NZD,2.0
1317318300.0,15246.0,63900,NZD,3.0
1317326400.0,15246.0,72000,NZD,3.0
1317585600.0,15249.0,72000,NZD,1.0
1317661200.0,15250.0,61200,NZD,3.0
1318356000.0,15258.0,64800,NZD,2.0
1318440180.0,15259.0,62580,NZD,1.0
1318441500.0,15259.0,63900,NZD,1.0
1319133840.0,15267.0,65040,NZD,1.0
1319148000.0,15267.0,79200,NZD,1.0
1319328060.0,15270.0,60,NZD,1.0
1319478300.0,15271.0,63900,NZD,3.0
1319572800.0,15272.0,72000,NZD,3.0
1319644800.0,15273.0,57600,NZD,3.0
1319644800.0,15273.0,57600,NZD,3.0
1319651100.0,15273.0,63900,NZD,2.0
1319996700.0,15277.0,63900,NZD,3.0
1320083100.0,15278.0,63900,NZD,3.0
1320091200.0,15278.0,72000,NZD,1.0
1320255900.0,15280.0,63900,NZD,3.0
1320255900.0,15280.0,63900,NZD,3.0
1320854400.0,15287.0,57600,NZD,3.0
1320859980.0,15287.0,63180,NZD,1.0
1320947100.0,15288.0,63900,NZD,1.0
1320951600.0,15288.0,68400,NZD,2.0
1321206300.0,15291.0,63900,NZD,2.0
1321206540.0,15291.0,64140,NZD,3.0
1321465500.0,15294.0,63900,NZD,3.0
1321465500.0,15294.0,63900,NZD,1.0
1321826400.0,15298.0,79200,NZD,1.0
1321897680.0,15299.0,64080,NZD,1.0
1321912800.0,15299.0,79200,NZD,3.0
1322070300.0,15301.0,63900,NZD,2.0
1322179260.0,15303.0,60,NZD,1.0
1322424000.0,15305.0,72000,NZD,3.0
1322588700.0,15307.0,63900,NZD,3.0
1322675100.0,15308.0,63900,NZD,1.0
1323273600.0,15315.0,57600,NZD,3.0
1323273600.0,15315.0,57600,NZD,2.0
1323273600.0,15315.0,57600,NZD,3.0
1323273600.0,15315.0,57600,NZD,3.0
1323279900.0,15315.0,63900,NZD,1.0
1323370800.0,15316.0,68400,NZD,2.0
1323711900.0,15320.0,63900,NZD,1.0
1323883200.0,15322.0,62400,NZD,1.0
1324227600.0,15326.0,61200,NZD,2.0
1324238400.0,15326.0,72000,NZD,3.0
1324403100.0,15328.0,63900,NZD,3.0
1324403340.0,15328.0,64140,NZD,1.0
1324418400.0,15328.0,79200,NZD,1.0
1324489500.0,15329.0,63900,NZD,3.0
1324771260.0,15333.0,60,NZD,1.0
1324857660.0,15334.0,60,NZD,1.0
1325376060.0,15340.0,60,NZD,1.0
1325462460.0,15341.0,60,NZD,1.0
1326044700.0,15347.0,63900,NZD,2.0
1326131100.0,15348.0,63900,NZD,3.0
1326312000.0,15350.0,72000,NZD,1.0
1326649500.0,15354.0,63900,NZD,1.0
1326733200.0,15355.0,61200,NZD,3.0
1326819600.0,15356.0,61200,NZD,2.0
1326908700.0,15357.0,63900,NZD,3.0
1327442400.0,15363.0,79200,NZD,1.0
1327442520.0,15363.0,79320,NZD,1.0
1327507200.0,15364.0,57600,NZD,3.0
1327507200.0,15364.0,57600,NZD,3.0
1327599900.0,15365.0,63900,NZD,2.0
1327945500.0,15369.0,63900,NZD,3.0
1328126400.0,15371.0,72000,NZD,1.0
1328204940.0,15372.0,64140,NZD,1.0
1328400060.0,15375.0,60,NZD,1.0
1328550300.0,15376.0,63900,NZD,3.0
1328723100.0,15378.0,63900,NZD,3.0
1328723100.0,15378.0,63900,NZD,3.0
1329155220.0,15383.0,64020,NZD,1.0
1329174060.0,15383.0,82860,NZD,2.0
1329241500.0,15384.0,63900,NZD,2.0
1329241620.0,15384.0,64020,NZD,3.0
1329326760.0,15385.0,62760,NZD,1.0
1329418800.0,15386.0,68400,NZD,2.0
1329673500.0,15389.0,63900,NZD,3.0
1329673500.0,15389.0,63900,NZD,1.0
1329775200.0,15390.0,79200,NZD,3.0
1329861600.0,15391.0,79200,NZD,1.0
1330278300.0,15396.0,63900,NZD,2.0
1330451100.0,15398.0,63900,NZD,2.0
1330459200.0,15398.0,72000,NZD,3.0
1330537500.0,15399.0,63900,NZD,1.0
1330883280.0,15403.0,64080,NZD,1.0
1331136000.0,15406.0,57600,NZD,3.0
1331136000.0,15406.0,57600,NZD,2.0
1331136000.0,15406.0,57600,NZD,3.0
1331136000.0,15406.0,57600,NZD,3.0
1331142300.0,15406.0,63900,NZD,1.0
1331571600.0,15411.0,61200,NZD,2.0
1331574300.0,15411.0,63900,NZD,1.0
1331745780.0,15413.0,62580,NZD,1.0
1332090000.0,15417.0,61200,NZD,2.0
1332265500.0,15419.0,63900,NZD,3.0
1332265620.0,15419.0,64020,NZD,1.0
1332280800.0,15419.0,79200,NZD,1.0
1332351900.0,15420.0,63900,NZD,3.0
1332697500.0,15424.0,63900,NZD,2.0
1332964800.0,15427.0,72000,NZD,3.0
1333043100.0,15428.0,63900,NZD,2.0
1333188000.0,15430.0,36000,NZD,1.0
1333486800.0,15433.0,75600,NZD,1.0
1333584060.0,15435.0,60,NZD,1.0
1333843260.0,15438.0,60,NZD,1.0
1334080800.0,15440.0,64800,NZD,3.0
1334168820.0,15441.0,66420,NZD,1.0
1334476800.0,15445.0,28800,NZD,2.0
1334515500.0,15445.0,67500,NZD,1.0
1334774700.0,15448.0,67500,NZD,3.0
1335206820.0,15453.0,67620,NZD,1.0
1335222000.0,15453.0,82800,NZD,1.0
1335225660.0,15454.0,60,NZD,1.0
1335373200.0,15455.0,61200,NZD,3.0
1335373200.0,15455.0,61200,NZD,3.0
1335725100.0,15459.0,67500,NZD,2.0
1335725100.0,15459.0,67500,NZD,2.0
1335733200.0,15459.0,75600,NZD,3.0
1335811500.0,15460.0,67500,NZD,2.0
1335906000.0,15461.0,75600,NZD,1.0
1335984300.0,15462.0,67500,NZD,3.0
1335984300.0,15462.0,67500,NZD,3.0
1336496400.0,15468.0,61200,NZD,3.0
1336570200.0,15469.0,48600,NZD,2.0
1336587480.0,15469.0,65880,NZD,1.0
1336675500.0,15470.0,67500,NZD,1.0
1336934700.0,15473.0,67500,NZD,3.0
1336934700.0,15473.0,67500,NZD,2.0
1337193900.0,15476.0,67500,NZD,3.0
1337193900.0,15476.0,67500,NZD,1.0
1337539620.0,15480.0,67620,NZD,1.0
1337554800.0,15480.0,82800,NZD,1.0
1337641200.0,15481.0,82800,NZD,3.0
1337798700.0,15483.0,67500,NZD,2.0
1337810400.0,15483.0,79200,NZD,3.0
1338317100.0,15489.0,67500,NZD,2.0
1338411600.0,15490.0,75600,NZD,3.0
1338489900.0,15491.0,67500,NZD,1.0
1338498000.0,15491.0,75600,NZD,1.0
1338681660.0,15494.0,60,NZD,1.0
1339353900.0,15501.0,67500,NZD,1.0
1339437600.0,15502.0,64800,NZD,2.0
1339606800.0,15504.0,61200,NZD,3.0
1339606800.0,15504.0,61200,NZD,2.0
1339606800.0,15504.0,61200,NZD,3.0
1339606800.0,15504.0,61200,NZD,3.0
1339613100.0,15504.0,67500,NZD,1.0
1339621800.0,15504.0,76200,NZD,3.0
1339698120.0,15505.0,66120,NZD,1.0
1339956000.0,15508.0,64800,NZD,2.0
1340131500.0,15510.0,67500,NZD,3.0
1340217900.0,15511.0,67500,NZD,3.0
1340304300.0,15512.0,67500,NZD,1.0
1340736300.0,15517.0,67500,NZD,2.0
1340830800.0,15518.0,75600,NZD,3.0
1340909100.0,15519.0,67500,NZD,2.0
1341262800.0,15523.0,75600,NZD,1.0
1341842400.0,15530.0,50400,NZD,2.0
1341856800.0,15530.0,64800,NZD,3.0
1342031280.0,15532.0,66480,NZD,1.0
1342032300.0,15532.0,67500,NZD,1.0
1342464300.0,15537.0,67500,NZD,3.0
1342723500.0,15540.0,67500,NZD,1.0
1342738800.0,15540.0,82800,NZD,1.0
1343155500.0,15545.0,67500,NZD,2.0
1343235600.0,15546.0,61200,NZD,3.0
1343235600.0,15546.0,61200,NZD,3.0
1343587500.0,15550.0,67500,NZD,2.0
1343682000.0,15551.0,75600,NZD,3.0
1343854800.0,15553.0,75600,NZD,1.0
1344278700.0,15558.0,67500,NZD,2.0
1344451500.0,15560.0,67500,NZD,3.0
1344451500.0,15560.0,67500,NZD,3.0
1344470400.0,15561.0,0,NZD,2.0
1344797520.0,15564.0,67920,NZD,1.0
1344883500.0,15565.0,67500,NZD,3.0
1344883500.0,15565.0,67500,NZD,2.0
1345055400.0,15567.0,66600,NZD,1.0
1345142700.0,15568.0,67500,NZD,3.0
1345142700.0,15568.0,67500,NZD,1.0
1345488300.0,15572.0,67500,NZD,1.0
1345503600.0,15572.0,82800,NZD,1.0
1345503600.0,15572.0,82800,NZD,3.0
1345747500.0,15575.0,67500,NZD,1.0
1346265900.0,15581.0,67500,NZD,2.0
1346274000.0,15581.0,75600,NZD,3.0
1346611500.0,15585.0,67500,NZD,1.0
1346706000.0,15586.0,75600,NZD,1.0
1347216300.0,15592.0,67500,NZD,1.0
1347226500.0,15592.0,77700,NZD,2.0
1347469200.0,15595.0,61200,NZD,3.0
1347469200.0,15595.0,61200,NZD,2.0
1347469200.0,15595.0,61200,NZD,3.0
1347469200.0,15595.0,61200,NZD,3.0
1347474240.0,15595.0,66240,NZD,1.0
1347561900.0,15596.0,67500,NZD,1.0
1347818400.0,15599.0,64800,NZD,2.0
1347993900.0,15601.0,67500,NZD,3.0
1348080300.0,15602.0,67500,NZD,3.0
1348166700.0,15603.0,67500,NZD,1.0
1348182000.0,15603.0,82800,NZD,1.0
1348598700.0,15608.0,67500,NZD,1.0
1348693200.0,15609.0,75600,NZD,3.0
1348771500.0,15610.0,67500,NZD,2.0
1348912800.0,15612.0,36000,NZD,1.0
1349121600.0,15614.0,72000,NZD,1.0
1349643600.0,15620.0,75600,NZD,2.0
1349715600.0,15621.0,61200,NZD,3.0
1349890200.0,15623.0,63000,NZD,1.0
1349891100.0,15623.0,63900,NZD,1.0
1350323100.0,15628.0,63900,NZD,3.0
1350582300.0,15631.0,63900,NZD,1.0
1350598140.0,15631.0,79740,NZD,1.0
1350777660.0,15634.0,60,NZD,1.0
1351090800.0,15637.0,54000,NZD,3.0
1351090800.0,15637.0,54000,NZD,3.0
1351183500.0,15638.0,60300,NZD,1.0
1351191600.0,15638.0,68400,NZD,3.0
1351615500.0,15643.0,60300,NZD,1.0
1351796400.0,15645.0,68400,NZD,1.0
1352133900.0,15649.0,60300,NZD,2.0
1352214000.0,15650.0,54000,NZD,3.0
1352306700.0,15651.0,60300,NZD,3.0
1352306700.0,15651.0,60300,NZD,3.0
1352385300.0,15652.0,52500,NZD,2.0
1352738700.0,15656.0,60300,NZD,1.0
1352825100.0,15657.0,60300,NZD,3.0
1352825100.0,15657.0,60300,NZD,2.0
1352910420.0,15658.0,59220,NZD,1.0
1353257100.0,15662.0,60300,NZD,3.0
1353257100.0,15662.0,60300,NZD,1.0
1353445200.0,15664.0,75600,NZD,1.0
1353516420.0,15665.0,60420,NZD,1.0
1353948300.0,15670.0,60300,NZD,1.0
1353963600.0,15670.0,75600,NZD,2.0
1354129200.0,15672.0,68400,NZD,3.0
1354207500.0,15673.0,60300,NZD,1.0
1354466700.0,15676.0,60300,NZD,1.0
1354561200.0,15677.0,68400,NZD,1.0
1354719600.0,15679.0,54000,NZD,3.0
1354719600.0,15679.0,54000,NZD,2.0
1354719600.0,15679.0,54000,NZD,3.0
1354719600.0,15679.0,54000,NZD,3.0
1355071500.0,15683.0,60300,NZD,1.0
1355140800.0,15684.0,43200,NZD,2.0
1355329740.0,15686.0,59340,NZD,1.0
1355330700.0,15686.0,60300,NZD,1.0
1355673600.0,15690.0,57600,NZD,2.0
1355849100.0,15692.0,60300,NZD,3.0
1355935500.0,15693.0,60300,NZD,3.0
1355943600.0,15693.0,68400,NZD,3.0
1356021900.0,15694.0,60300,NZD,1.0
1356037380.0,15694.0,75780,NZD,1.0
1356307260.0,15698.0,60,NZD,1.0
1356393660.0,15699.0,60,NZD,1.0
1356912060.0,15705.0,60,NZD,1.0
1356998460.0,15706.0,60,NZD,1.0
1357663500.0,15713.0,60300,NZD,1.0
1357749900.0,15714.0,60300,NZD,1.0
1357758000.0,15714.0,68400,NZD,1.0
1358177400.0,15719.0,55800,NZD,2.0
1358179200.0,15719.0,57600,NZD,2.0
1358181900.0,15719.0,60300,NZD,1.0
1358441100.0,15722.0,60300,NZD,3.0
1358958600.0,15728.0,59400,NZD,1.0
1358974800.0,15728.0,75600,NZD,1.0
1359391500.0,15733.0,60300,NZD,1.0
1359477900.0,15734.0,60300,NZD,1.0
1359558000.0,15735.0,54000,NZD,3.0
1359558000.0,15735.0,54000,NZD,3.0
1359650700.0,15736.0,60300,NZD,1.0
1359658200.0,15736.0,67800,NZD,2.0
1359918000.0,15739.0,68400,NZD,1.0
1359996300.0,15740.0,60300,NZD,2.0
1360022460.0,15741.0,60,NZD,1.0
1360169100.0,15742.0,60300,NZD,3.0
1360169100.0,15742.0,60300,NZD,3.0
1360596420.0,15747.0,55620,NZD,2.0
1360772640.0,15749.0,59040,NZD,1.0
1360773900.0,15749.0,60300,NZD,1.0
1360860300.0,15750.0,60300,NZD,2.0
1360860300.0,15750.0,60300,NZD,3.0
1361292300.0,15755.0,60300,NZD,2.0
1361292300.0,15755.0,60300,NZD,1.0
1361309400.0,15755.0,77400,NZD,3.0
1361480520.0,15757.0,75720,NZD,1.0
1361826000.0,15761.0,75600,NZD,2.0
1361897100.0,15762.0,60300,NZD,2.0
1361897100.0,15762.0,60300,NZD,1.0
1361983500.0,15763.0,60300,NZD,1.0
1361991600.0,15763.0,68400,NZD,3.0
1362069900.0,15764.0,60300,NZD,1.0
1362337200.0,15767.0,68400,NZD,1.0
1362674700.0,15771.0,60300,NZD,1.0
1363033620.0,15775.0,73620,NZD,2.0
1363110300.0,15776.0,63900,NZD,1.0
1363190400.0,15777.0,57600,NZD,3.0
1363190400.0,15777.0,57600,NZD,2.0
1363190400.0,15777.0,57600,NZD,3.0
1363190400.0,15777.0,57600,NZD,3.0
1363205100.0,15777.0,72300,NZD,3.0
1363282200.0,15778.0,63000,NZD,2.0
1363539600.0,15781.0,61200,NZD,2.0
1363715100.0,15783.0,63900,NZD,2.0
1363801500.0,15784.0,63900,NZD,3.0
1363816800.0,15784.0,79200,NZD,1.0
1363887900.0,15785.0,63900,NZD,1.0
1364233500.0,15789.0,63900,NZD,2.0
1364328000.0,15790.0,72000,NZD,3.0
1364406300.0,15791.0,63900,NZD,2.0
1364428860.0,15792.0,60,NZD,1.0
1364688060.0,15795.0,60,NZD,1.0
1364846400.0,15796.0,72000,NZD,1.0
1365242400.0,15801.0,36000,NZD,1.0
1365444000.0,15803.0,64800,NZD,3.0
1365618840.0,15805.0,66840,NZD,2.0
1365633000.0,15805.0,81000,NZD,2.0
1365705900.0,15806.0,67500,NZD,1.0
1366137900.0,15811.0,67500,NZD,3.0
1366569900.0,15816.0,67500,NZD,1.0
1366585200.0,15816.0,82800,NZD,1.0
1366736400.0,15818.0,61200,NZD,3.0
1366736400.0,15818.0,61200,NZD,3.0
1366761660.0,15819.0,60,NZD,1.0
1366915500.0,15820.0,67500,NZD,3.0
1367261100.0,15824.0,67500,NZD,1.0
1367269200.0,15824.0,75600,NZD,3.0
1367442000.0,15826.0,75600,NZD,1.0
1367865900.0,15831.0,67500,NZD,2.0
1367946000.0,15832.0,61200,NZD,3.0
1368038700.0,15833.0,67500,NZD,3.0
1368038700.0,15833.0,67500,NZD,3.0
1368382440.0,15837.0,65640,NZD,2.0
1368384300.0,15837.0,67500,NZD,1.0
1368470700.0,15838.0,67500,NZD,2.0
1368470700.0,15838.0,67500,NZD,3.0
1368642840.0,15840.0,66840,NZD,2.0
1368655200.0,15840.0,79200,NZD,3.0
1368729900.0,15841.0,67500,NZD,2.0
1368729900.0,15841.0,67500,NZD,1.0
1369075500.0,15845.0,67500,NZD,1.0
1369090800.0,15845.0,82800,NZD,1.0
1369090980.0,15845.0,82980,NZD,2.0
1369334700.0,15848.0,67500,NZD,3.0
1369853100.0,15854.0,67500,NZD,2.0
1369939500.0,15855.0,67500,NZD,2.0
1369947600.0,15855.0,75600,NZD,3.0
1370131260.0,15858.0,60,NZD,1.0
1370379600.0,15860.0,75600,NZD,1.0
1370803500.0,15865.0,67500,NZD,1.0
1370978880.0,15867.0,70080,NZD,2.0
1371056400.0,15868.0,61200,NZD,3.0
1371056400.0,15868.0,61200,NZD,2.0
1371056400.0,15868.0,61200,NZD,3.0
1371056400.0,15868.0,61200,NZD,3.0
1371071400.0,15868.0,76200,NZD,3.0
1371148380.0,15869.0,66780,NZD,2.0
1371149100.0,15869.0,67500,NZD,1.0
1371405600.0,15872.0,64800,NZD,2.0
1371581100.0,15874.0,67500,NZD,2.0
1371667500.0,15875.0,67500,NZD,3.0
1372013100.0,15879.0,67500,NZD,1.0
1372028400.0,15879.0,82800,NZD,1.0
1372272300.0,15882.0,67500,NZD,3.0
1372280400.0,15882.0,75600,NZD,3.0
1372358700.0,15883.0,67500,NZD,2.0
1372712400.0,15887.0,75600,NZD,1.0
1373236500.0,15893.0,81300,NZD,2.0
1373306400.0,15894.0,64800,NZD,3.0
1373481000.0,15896.0,66600,NZD,2.0
1373481900.0,15896.0,67500,NZD,1.0
1373913900.0,15901.0,67500,NZD,3.0
1374173100.0,15904.0,67500,NZD,1.0
1374188580.0,15904.0,82980,NZD,1.0
1374605100.0,15909.0,67500,NZD,3.0
1374685200.0,15910.0,61200,NZD,3.0
1374685200.0,15910.0,61200,NZD,3.0
1375123500.0,15915.0,67500,NZD,2.0
1375218000.0,15916.0,75600,NZD,3.0
1375650000.0,15921.0,75600,NZD,1.0
1375814700.0,15923.0,67500,NZD,3.0
1375814700.0,15923.0,67500,NZD,1.0
1375814700.0,15923.0,67500,NZD,3.0
1376241600.0,15928.0,62400,NZD,2.0
1376246700.0,15928.0,67500,NZD,1.0
1376419500.0,15930.0,67500,NZD,3.0
1376419740.0,15930.0,67740,NZD,2.0
1376505000.0,15931.0,66600,NZD,2.0
1376851500.0,15935.0,67500,NZD,2.0
1376851500.0,15935.0,67500,NZD,1.0
1376949600.0,15936.0,79200,NZD,3.0
1376953380.0,15936.0,82980,NZD,2.0
1377024300.0,15937.0,67500,NZD,1.0
1377039600.0,15937.0,82800,NZD,1.0
1377456300.0,15942.0,67500,NZD,3.0
1377723600.0,15945.0,75600,NZD,3.0
1377801900.0,15946.0,67500,NZD,2.0
1378061100.0,15949.0,67500,NZD,2.0
1378155600.0,15950.0,75600,NZD,1.0
1378665900.0,15956.0,67500,NZD,1.0
1378918800.0,15959.0,61200,NZD,3.0
1378918800.0,15959.0,61200,NZD,2.0
1378918800.0,15959.0,61200,NZD,3.0
1378918800.0,15959.0,61200,NZD,3.0
1378933800.0,15959.0,76200,NZD,3.0
1379010240.0,15960.0,66240,NZD,2.0
1379011500.0,15960.0,67500,NZD,1.0
1379267100.0,15963.0,63900,NZD,1.0
1379268000.0,15963.0,64800,NZD,2.0
1379443500.0,15965.0,67500,NZD,2.0
1379529900.0,15966.0,67500,NZD,3.0
1379616300.0,15967.0,67500,NZD,1.0
1379631600.0,15967.0,82800,NZD,1.0
1380048300.0,15972.0,67500,NZD,3.0
1380362400.0,15976.0,36000,NZD,1.0
1380476700.0,15977.0,63900,NZD,2.0
1380484800.0,15977.0,72000,NZD,3.0
1380657600.0,15979.0,72000,NZD,1.0
1381165200.0,15985.0,61200,NZD,3.0
1381340160.0,15987.0,63360,NZD,2.0
1381427100.0,15988.0,63900,NZD,1.0
1381690800.0,15991.0,68400,NZD,1.0
1381859100.0,15993.0,63900,NZD,3.0
1382287620.0,15998.0,60420,NZD,1.0
1382302800.0,15998.0,75600,NZD,1.0
1382546700.0,16001.0,60300,NZD,3.0
1382832060.0,16005.0,60,NZD,1.0
1383145200.0,16008.0,54000,NZD,3.0
1383145200.0,16008.0,54000,NZD,3.0
1383151500.0,16008.0,60300,NZD,2.0
1383159600.0,16008.0,68400,NZD,3.0
1383505200.0,16012.0,68400,NZD,1.0
1383669900.0,16014.0,60300,NZD,3.0
1383669900.0,16014.0,60300,NZD,1.0
1383669900.0,16014.0,60300,NZD,3.0
1384185600.0,16020.0,57600,NZD,1.0
1384268400.0,16021.0,54000,NZD,3.0
1384274700.0,16021.0,60300,NZD,1.0
1384282800.0,16021.0,68400,NZD,3.0
1384360200.0,16022.0,59400,NZD,2.0
1384361100.0,16022.0,60300,NZD,2.0
1384361100.0,16022.0,60300,NZD,3.0
1384808400.0,16027.0,75600,NZD,2.0
1384879500.0,16028.0,60300,NZD,2.0
1384879500.0,16028.0,60300,NZD,1.0
1384981200.0,16029.0,75600,NZD,1.0
1385052300.0,16030.0,60300,NZD,1.0
1385484300.0,16035.0,60300,NZD,3.0
1385578800.0,16036.0,68400,NZD,3.0
1385657100.0,16037.0,60300,NZD,2.0
1385916300.0,16040.0,60300,NZD,2.0
1386010800.0,16041.0,68400,NZD,1.0
1386521100.0,16047.0,60300,NZD,1.0
1386774000.0,16050.0,54000,NZD,3.0
1386774000.0,16050.0,54000,NZD,2.0
1386774000.0,16050.0,54000,NZD,3.0
1386774000.0,16050.0,54000,NZD,3.0
1386779100.0,16050.0,59100,NZD,1.0
1386780300.0,16050.0,60300,NZD,1.0
1386789000.0,16050.0,69000,NZD,3.0
1386850200.0,16051.0,43800,NZD,2.0
1387123200.0,16054.0,57600,NZD,2.0
1387298700.0,16056.0,60300,NZD,2.0
1387306800.0,16056.0,68400,NZD,3.0
1387385100.0,16057.0,60300,NZD,3.0
1387385100.0,16057.0,60300,NZD,3.0
1387471500.0,16058.0,60300,NZD,1.0
1387486800.0,16058.0,75600,NZD,1.0
1387843260.0,16063.0,60,NZD,1.0
1387929660.0,16064.0,60,NZD,1.0
1388448060.0,16070.0,60,NZD,1.0
1388534460.0,16071.0,60,NZD,1.0
1389199500.0,16078.0,60300,NZD,2.0
1389207600.0,16078.0,68400,NZD,1.0
1389632400.0,16083.0,61200,NZD,3.0
1389721680.0,16084.0,64080,NZD,1.0
1390172580.0,16089.0,82980,NZD,1.0
1390239900.0,16090.0,63900,NZD,3.0
1390411980.0,16092.0,63180,NZD,2.0
1390515000.0,16093.0,79800,NZD,1.0
1391011200.0,16099.0,57600,NZD,3.0
1391011200.0,16099.0,57600,NZD,3.0
1391017500.0,16099.0,63900,NZD,2.0
1391017500.0,16099.0,63900,NZD,1.0
1391103900.0,16100.0,63900,NZD,3.0
1391108400.0,16100.0,68400,NZD,3.0
1391457600.0,16104.0,72000,NZD,1.0
1391535900.0,16105.0,63900,NZD,3.0
1391535900.0,16105.0,63900,NZD,1.0
1391535900.0,16105.0,63900,NZD,3.0
1391558460.0,16106.0,60,NZD,1.0
1392226200.0,16113.0,63000,NZD,2.0
1392310500.0,16114.0,60900,NZD,1.0
1392313500.0,16114.0,63900,NZD,1.0
1392572700.0,16117.0,63900,NZD,2.0
1392572700.0,16117.0,63900,NZD,3.0
1392831900.0,16120.0,63900,NZD,3.0
1392831900.0,16120.0,63900,NZD,1.0
1393192800.0,16124.0,79200,NZD,1.0
1393279200.0,16125.0,79200,NZD,2.0
1393436700.0,16127.0,63900,NZD,3.0
1393436700.0,16127.0,63900,NZD,1.0
1393523100.0,16128.0,63900,NZD,2.0
1393531200.0,16128.0,72000,NZD,3.0
1393782300.0,16131.0,63900,NZD,2.0
1393876800.0,16132.0,72000,NZD,1.0
1394387100.0,16138.0,63900,NZD,1.0
1394467140.0,16139.0,57540,NZD,1.0
1394640000.0,16141.0,57600,NZD,3.0
1394640000.0,16141.0,57600,NZD,3.0
1394640000.0,16141.0,57600,NZD,3.0
1394640000.0,16141.0,57600,NZD,3.0
1394646300.0,16141.0,63900,NZD,1.0
1394658600.0,16141.0,76200,NZD,3.0
1394731800.0,16142.0,63000,NZD,2.0
1394989200.0,16145.0,61200,NZD,2.0
1395164700.0,16147.0,63900,NZD,2.0
1395251100.0,16148.0,63900,NZD,3.0
1395337500.0,16149.0,63900,NZD,1.0
1395352800.0,16149.0,79200,NZD,1.0
1395855900.0,16155.0,63900,NZD,3.0
1396201500.0,16159.0,63900,NZD,2.0
1396209600.0,16159.0,72000,NZD,3.0
1396382400.0,16161.0,72000,NZD,1.0
1396692000.0,16165.0,36000,NZD,1.0
1396893600.0,16167.0,64800,NZD,3.0
1397068200.0,16169.0,66600,NZD,2.0
1397149200.0,16170.0,61200,NZD,1.0
1397155500.0,16170.0,67500,NZD,1.0
1397587500.0,16175.0,67500,NZD,3.0
1397692860.0,16177.0,60,NZD,1.0
