1167523260.0,13513.0,60,AUD,1.0
1167676200.0,13514.0,66600,AUD,1.0
1167701400.0,13515.0,5400,AUD,2.0
1167849000.0,13516.0,66600,AUD,1.0
1168194600.0,13520.0,66600,AUD,1.0
1168201800.0,13520.0,73800,AUD,2.0
1168201800.0,13520.0,73800,AUD,3.0
1168288200.0,13521.0,73800,AUD,3.0
1168371000.0,13522.0,70200,AUD,1.0
1168374600.0,13522.0,73800,AUD,2.0
1168450200.0,13523.0,63000,AUD,1.0
1168461000.0,13523.0,73800,AUD,3.0
1168461000.0,13523.0,73800,AUD,2.0
1168803000.0,13527.0,70200,AUD,1.0
1168806600.0,13527.0,73800,AUD,2.0
1168975800.0,13529.0,70200,AUD,1.0
1169065800.0,13530.0,73800,AUD,1.0
1169152200.0,13531.0,73800,AUD,1.0
1169411400.0,13534.0,73800,AUD,1.0
1169411400.0,13534.0,73800,AUD,3.0
1169578800.0,13536.0,68400,AUD,1.0
1169584200.0,13536.0,73800,AUD,3.0
1169584200.0,13536.0,73800,AUD,2.0
1169683260.0,13538.0,60,AUD,1.0
1170016200.0,13541.0,73800,AUD,2.0
1170102600.0,13542.0,73800,AUD,1.0
1170188400.0,13543.0,73200,AUD,2.0
1170189000.0,13543.0,73800,AUD,2.0
1170268200.0,13544.0,66600,AUD,1.0
1170293400.0,13545.0,5400,AUD,2.0
1170361800.0,13545.0,73800,AUD,2.0
1170613800.0,13548.0,66600,AUD,1.0
1170617400.0,13548.0,70200,AUD,1.0
1170621000.0,13548.0,73800,AUD,2.0
1170621000.0,13548.0,73800,AUD,3.0
1170621000.0,13548.0,73800,AUD,3.0
1170786600.0,13550.0,66600,AUD,1.0
1170786600.0,13550.0,66600,AUD,3.0
1170880200.0,13551.0,73800,AUD,3.0
1170880200.0,13551.0,73800,AUD,2.0
1170966600.0,13552.0,73800,AUD,2.0
1171225800.0,13555.0,73800,AUD,3.0
1171312200.0,13556.0,73800,AUD,1.0
1171395000.0,13557.0,70200,AUD,1.0
1171474200.0,13558.0,63000,AUD,1.0
1171485000.0,13558.0,73800,AUD,1.0
1171485000.0,13558.0,73800,AUD,1.0
1171998000.0,13564.0,68400,AUD,2.0
1171999800.0,13564.0,70200,AUD,1.0
1172003400.0,13564.0,73800,AUD,1.0
1172003400.0,13564.0,73800,AUD,1.0
1172170800.0,13566.0,68400,AUD,1.0
1172523600.0,13570.0,75600,AUD,2.0
1172608200.0,13571.0,73800,AUD,2.0
1172608200.0,13571.0,73800,AUD,2.0
1172687400.0,13572.0,66600,AUD,1.0
1172694600.0,13572.0,73800,AUD,3.0
1172712600.0,13573.0,5400,AUD,2.0
1173033000.0,13576.0,66600,AUD,1.0
1173036600.0,13576.0,70200,AUD,1.0
1173040200.0,13576.0,73800,AUD,1.0
1173126600.0,13577.0,73800,AUD,3.0
1173126600.0,13577.0,73800,AUD,2.0
1173205800.0,13578.0,66600,AUD,1.0
1173205800.0,13578.0,66600,AUD,3.0
1173211800.0,13578.0,72600,AUD,2.0
1173213000.0,13578.0,73800,AUD,3.0
1173645000.0,13583.0,73800,AUD,2.0
1173731400.0,13584.0,73800,AUD,2.0
1173731400.0,13584.0,73800,AUD,1.0
1173814200.0,13585.0,70200,AUD,1.0
1173900600.0,13586.0,70200,AUD,1.0
1173904200.0,13586.0,73800,AUD,3.0
1173904200.0,13586.0,73800,AUD,1.0
1173904200.0,13586.0,73800,AUD,2.0
1173990300.0,13587.0,73500,AUD,2.0
1174336200.0,13591.0,73800,AUD,1.0
1174419000.0,13592.0,70200,AUD,1.0
1174422600.0,13592.0,73800,AUD,1.0
1174590000.0,13594.0,68400,AUD,1.0
1174595400.0,13594.0,73800,AUD,2.0
1174737600.0,13596.0,43200,AUD,1.0
1174946400.0,13598.0,79200,AUD,2.0
1175200200.0,13601.0,73800,AUD,1.0
1175455800.0,13604.0,70200,AUD,1.0
1175459400.0,13604.0,73800,AUD,2.0
1175463000.0,13604.0,77400,AUD,3.0
1175463000.0,13604.0,77400,AUD,3.0
1175481000.0,13605.0,9000,AUD,2.0
1175549400.0,13605.0,77400,AUD,2.0
1175628600.0,13606.0,70200,AUD,1.0
1175628600.0,13606.0,70200,AUD,3.0
1175731260.0,13608.0,60,AUD,1.0
1175990460.0,13611.0,60,AUD,1.0
1176147000.0,13612.0,70200,AUD,1.0
1176154200.0,13612.0,77400,AUD,2.0
1176154200.0,13612.0,77400,AUD,1.0
1176240600.0,13613.0,77400,AUD,2.0
1176327000.0,13614.0,77400,AUD,3.0
1176327000.0,13614.0,77400,AUD,2.0
1176759000.0,13619.0,77400,AUD,2.0
1176841800.0,13620.0,73800,AUD,1.0
1176928200.0,13621.0,73800,AUD,1.0
1176931800.0,13621.0,77400,AUD,1.0
1177012800.0,13622.0,72000,AUD,1.0
1177018200.0,13622.0,77400,AUD,1.0
1177018200.0,13622.0,77400,AUD,1.0
1177277400.0,13625.0,77400,AUD,3.0
1177363800.0,13626.0,77400,AUD,3.0
1177363800.0,13626.0,77400,AUD,2.0
1177372860.0,13627.0,60,AUD,1.0
1177533000.0,13628.0,73800,AUD,1.0
1177534800.0,13628.0,75600,AUD,2.0
1177878600.0,13632.0,73800,AUD,1.0
1177882200.0,13632.0,77400,AUD,2.0
1177961400.0,13633.0,70200,AUD,1.0
1177986600.0,13634.0,9000,AUD,2.0
1178047800.0,13634.0,70200,AUD,3.0
1178134200.0,13635.0,70200,AUD,1.0
1178227800.0,13636.0,77400,AUD,3.0
1178227800.0,13636.0,77400,AUD,2.0
1178280900.0,13637.0,44100,AUD,2.0
1178479800.0,13639.0,70200,AUD,1.0
1178487000.0,13639.0,77400,AUD,2.0
1178487000.0,13639.0,77400,AUD,1.0
1178573400.0,13640.0,77400,AUD,3.0
1178573400.0,13640.0,77400,AUD,3.0
1178602200.0,13641.0,19800,AUD,3.0
1178659800.0,13641.0,77400,AUD,1.0
1178746200.0,13642.0,77400,AUD,3.0
1178746200.0,13642.0,77400,AUD,2.0
1179091800.0,13646.0,77400,AUD,2.0
1179264600.0,13648.0,77400,AUD,1.0
1179264600.0,13648.0,77400,AUD,2.0
1179347400.0,13649.0,73800,AUD,1.0
1179351000.0,13649.0,77400,AUD,1.0
1179783000.0,13654.0,77400,AUD,1.0
1179865800.0,13655.0,73800,AUD,1.0
1180036800.0,13657.0,72000,AUD,1.0
1180474200.0,13662.0,77400,AUD,2.0
1180474200.0,13662.0,77400,AUD,3.0
1180560600.0,13663.0,77400,AUD,3.0
1180560600.0,13663.0,77400,AUD,2.0
1180560600.0,13663.0,77400,AUD,2.0
1180639800.0,13664.0,70200,AUD,1.0
1180665000.0,13665.0,9000,AUD,2.0
1180902600.0,13667.0,73800,AUD,1.0
1180906200.0,13667.0,77400,AUD,2.0
1180906200.0,13667.0,77400,AUD,1.0
1180985400.0,13668.0,70200,AUD,1.0
1180992600.0,13668.0,77400,AUD,3.0
1180992600.0,13668.0,77400,AUD,2.0
1181071800.0,13669.0,70200,AUD,3.0
1181079000.0,13669.0,77400,AUD,3.0
1181158200.0,13670.0,70200,AUD,1.0
1181165400.0,13670.0,77400,AUD,3.0
1181165400.0,13670.0,77400,AUD,2.0
1181251800.0,13671.0,77400,AUD,2.0
1181433660.0,13674.0,60,AUD,1.0
1181597400.0,13675.0,77400,AUD,1.0
1181680200.0,13676.0,73800,AUD,1.0
1181682000.0,13676.0,75600,AUD,2.0
1181766600.0,13677.0,73800,AUD,1.0
1181775300.0,13677.0,82500,AUD,3.0
1182285000.0,13683.0,73800,AUD,1.0
1182288600.0,13683.0,77400,AUD,1.0
1182288600.0,13683.0,77400,AUD,1.0
1182375000.0,13684.0,77400,AUD,1.0
1182800400.0,13689.0,70800,AUD,2.0
1182885300.0,13690.0,69300,AUD,2.0
1182888000.0,13690.0,72000,AUD,1.0
1183066200.0,13692.0,77400,AUD,2.0
1183318200.0,13695.0,70200,AUD,1.0
1183321800.0,13695.0,73800,AUD,1.0
1183343400.0,13696.0,9000,AUD,2.0
1183411800.0,13696.0,77400,AUD,3.0
1183411800.0,13696.0,77400,AUD,3.0
1183491000.0,13697.0,70200,AUD,1.0
1183491000.0,13697.0,70200,AUD,3.0
1183498200.0,13697.0,77400,AUD,2.0
1183663800.0,13699.0,70200,AUD,1.0
1183930200.0,13702.0,77400,AUD,2.0
1184016600.0,13703.0,77400,AUD,2.0
1184016600.0,13703.0,77400,AUD,1.0
1184099400.0,13704.0,73800,AUD,1.0
1184185800.0,13705.0,73800,AUD,1.0
1184189400.0,13705.0,77400,AUD,3.0
1184189400.0,13705.0,77400,AUD,2.0
1184532300.0,13709.0,74700,AUD,2.0
1184704200.0,13711.0,73800,AUD,1.0
1184709900.0,13711.0,79500,AUD,2.0
1184794200.0,13712.0,77400,AUD,1.0
1184880600.0,13713.0,77400,AUD,1.0
1184880600.0,13713.0,77400,AUD,1.0
1185139800.0,13716.0,77400,AUD,3.0
1185307200.0,13718.0,72000,AUD,1.0
1185312600.0,13718.0,77400,AUD,3.0
1185312600.0,13718.0,77400,AUD,2.0
1185744600.0,13723.0,77400,AUD,2.0
1185744600.0,13723.0,77400,AUD,1.0
1185831000.0,13724.0,77400,AUD,3.0
1185831000.0,13724.0,77400,AUD,2.0
1185910200.0,13725.0,70200,AUD,1.0
1185917400.0,13725.0,77400,AUD,3.0
1185917400.0,13725.0,77400,AUD,3.0
1185935400.0,13726.0,9000,AUD,2.0
1186083000.0,13727.0,70200,AUD,1.0
1186086600.0,13727.0,73800,AUD,1.0
1186349400.0,13730.0,77400,AUD,2.0
1186428600.0,13731.0,70200,AUD,1.0
1186515000.0,13732.0,70200,AUD,3.0
1186515000.0,13732.0,70200,AUD,3.0
1186522200.0,13732.0,77400,AUD,2.0
1186522200.0,13732.0,77400,AUD,1.0
1186608600.0,13733.0,77400,AUD,3.0
1186608600.0,13733.0,77400,AUD,2.0
1186954200.0,13737.0,77400,AUD,3.0
1187040600.0,13738.0,77400,AUD,1.0
1187123400.0,13739.0,73800,AUD,1.0
1187127000.0,13739.0,77400,AUD,2.0
1187209800.0,13740.0,73800,AUD,1.0
1187213400.0,13740.0,77400,AUD,1.0
1187294400.0,13741.0,72000,AUD,3.0
1187728200.0,13746.0,73800,AUD,1.0
1187731800.0,13746.0,77400,AUD,1.0
1188244800.0,13752.0,72000,AUD,1.0
1188253800.0,13752.0,81000,AUD,2.0
1188336600.0,13753.0,77400,AUD,2.0
1188339300.0,13753.0,80100,AUD,2.0
1188423000.0,13754.0,77400,AUD,2.0
1188423000.0,13754.0,77400,AUD,3.0
1188509400.0,13755.0,77400,AUD,2.0
1188509400.0,13755.0,77400,AUD,3.0
1188509400.0,13755.0,77400,AUD,3.0
1188761400.0,13758.0,70200,AUD,1.0
1188765000.0,13758.0,73800,AUD,1.0
1188768600.0,13758.0,77400,AUD,2.0
1188768600.0,13758.0,77400,AUD,3.0
1188768600.0,13758.0,77400,AUD,1.0
1188786600.0,13759.0,9000,AUD,2.0
1188855000.0,13759.0,77400,AUD,3.0
1188934200.0,13760.0,70200,AUD,1.0
1188934200.0,13760.0,70200,AUD,3.0
1189027800.0,13761.0,77400,AUD,3.0
1189027800.0,13761.0,77400,AUD,2.0
1189107000.0,13762.0,70200,AUD,1.0
1189373400.0,13765.0,77400,AUD,2.0
1189459800.0,13766.0,77400,AUD,1.0
1189539000.0,13767.0,70200,AUD,1.0
1189542600.0,13767.0,73800,AUD,1.0
1189629000.0,13768.0,73800,AUD,1.0
1189632600.0,13768.0,77400,AUD,1.0
1190070600.0,13773.0,83400,AUD,2.0
1190147400.0,13774.0,73800,AUD,1.0
1190175300.0,13775.0,15300,AUD,2.0
1190237400.0,13775.0,77400,AUD,2.0
1190237400.0,13775.0,77400,AUD,1.0
1190237400.0,13775.0,77400,AUD,2.0
1190323800.0,13776.0,77400,AUD,1.0
1190667600.0,13780.0,75600,AUD,2.0
1190750400.0,13781.0,72000,AUD,1.0
1190892600.0,13783.0,41400,AUD,2.0
1191110460.0,13786.0,60,AUD,1.0
1191267000.0,13787.0,70200,AUD,1.0
1191292200.0,13788.0,9000,AUD,2.0
1191353400.0,13788.0,70200,AUD,3.0
1191360600.0,13788.0,77400,AUD,3.0
1191360600.0,13788.0,77400,AUD,3.0
1191439800.0,13789.0,70200,AUD,1.0
1191447000.0,13789.0,77400,AUD,3.0
1191785400.0,13793.0,70200,AUD,1.0
1191792600.0,13793.0,77400,AUD,2.0
1191879000.0,13794.0,77400,AUD,1.0
1191961800.0,13795.0,73800,AUD,1.0
1191965400.0,13795.0,77400,AUD,2.0
1192050000.0,13796.0,75600,AUD,1.0
1192051800.0,13796.0,77400,AUD,3.0
1192051800.0,13796.0,77400,AUD,2.0
1192566600.0,13802.0,73800,AUD,1.0
1192656600.0,13803.0,77400,AUD,1.0
1192743000.0,13804.0,77400,AUD,1.0
1192743000.0,13804.0,77400,AUD,1.0
1193002200.0,13807.0,77400,AUD,3.0
1193175000.0,13809.0,77400,AUD,3.0
1193175000.0,13809.0,77400,AUD,2.0
1193342400.0,13811.0,72000,AUD,1.0
1193486400.0,13813.0,43200,AUD,1.0
1193603400.0,13814.0,73800,AUD,2.0
1193775000.0,13816.0,72600,AUD,2.0
1193776200.0,13816.0,73800,AUD,3.0
1193776200.0,13816.0,73800,AUD,2.0
1193855400.0,13817.0,66600,AUD,1.0
1193862600.0,13817.0,73800,AUD,3.0
1193862600.0,13817.0,73800,AUD,3.0
1193880600.0,13818.0,5400,AUD,2.0
1194201000.0,13821.0,66600,AUD,1.0
1194204600.0,13821.0,70200,AUD,1.0
1194208200.0,13821.0,73800,AUD,2.0
1194373800.0,13823.0,66600,AUD,1.0
1194373800.0,13823.0,66600,AUD,3.0
1194373800.0,13823.0,66600,AUD,3.0
1194381000.0,13823.0,73800,AUD,2.0
1194381000.0,13823.0,73800,AUD,1.0
1194467400.0,13824.0,73800,AUD,3.0
1194467400.0,13824.0,73800,AUD,2.0
1194813000.0,13828.0,73800,AUD,3.0
1194899400.0,13829.0,73800,AUD,1.0
1194982200.0,13830.0,70200,AUD,1.0
1194985800.0,13830.0,73800,AUD,2.0
1195063200.0,13831.0,64800,AUD,1.0
1195072200.0,13831.0,73800,AUD,1.0
1195585200.0,13837.0,68400,AUD,1.0
1195587000.0,13837.0,70200,AUD,1.0
1195590600.0,13837.0,73800,AUD,1.0
1196195400.0,13844.0,73800,AUD,2.0
1196196000.0,13844.0,74400,AUD,2.0
1196277000.0,13845.0,69000,AUD,2.0
1196281800.0,13845.0,73800,AUD,3.0
1196368200.0,13846.0,73800,AUD,2.0
1196368200.0,13846.0,73800,AUD,2.0
1196620200.0,13849.0,66600,AUD,1.0
1196623800.0,13849.0,70200,AUD,1.0
1196627400.0,13849.0,73800,AUD,1.0
1196627400.0,13849.0,73800,AUD,3.0
1196645400.0,13850.0,5400,AUD,2.0
1196713800.0,13850.0,73800,AUD,3.0
1196713800.0,13850.0,73800,AUD,3.0
1196793000.0,13851.0,66600,AUD,1.0
1196793000.0,13851.0,66600,AUD,3.0
1196793000.0,13851.0,66600,AUD,3.0
1196793000.0,13851.0,66600,AUD,3.0
1196800200.0,13851.0,73800,AUD,3.0
1196965800.0,13853.0,66600,AUD,1.0
1197232200.0,13856.0,73800,AUD,2.0
1197232200.0,13856.0,73800,AUD,2.0
1197318600.0,13857.0,73800,AUD,1.0
1197342000.0,13858.0,10800,AUD,3.0
1197401400.0,13858.0,70200,AUD,1.0
1197405900.0,13858.0,74700,AUD,1.0
1197482400.0,13859.0,64800,AUD,1.0
1197491400.0,13859.0,73800,AUD,3.0
1197491400.0,13859.0,73800,AUD,2.0
1197837000.0,13863.0,73800,AUD,1.0
1197923400.0,13864.0,73800,AUD,3.0
1197927900.0,13864.0,78300,AUD,2.0
1198006200.0,13865.0,70200,AUD,1.0
1198096200.0,13866.0,73800,AUD,1.0
1198177200.0,13867.0,68400,AUD,1.0
1198182600.0,13867.0,73800,AUD,1.0
1198454460.0,13871.0,60,AUD,1.0
1198540860.0,13872.0,60,AUD,1.0
1199046600.0,13877.0,73800,AUD,2.0
1199059260.0,13878.0,60,AUD,1.0
1199212200.0,13879.0,66600,AUD,1.0
1199237400.0,13880.0,5400,AUD,2.0
1199385000.0,13881.0,66600,AUD,1.0
1199730600.0,13885.0,66600,AUD,1.0
1199737800.0,13885.0,73800,AUD,3.0
1199824200.0,13886.0,73800,AUD,3.0
1199910600.0,13887.0,73800,AUD,3.0
1200252600.0,13891.0,70200,AUD,1.0
1200256200.0,13891.0,73800,AUD,2.0
1200425400.0,13893.0,70200,AUD,2.0
1200429000.0,13893.0,73800,AUD,2.0
1200504600.0,13894.0,63000,AUD,1.0
1200515400.0,13894.0,73800,AUD,3.0
1200515400.0,13894.0,73800,AUD,2.0
1200601800.0,13895.0,73800,AUD,1.0
1200601800.0,13895.0,73800,AUD,1.0
1200648000.0,13896.0,33600,AUD,3.0
1200861000.0,13898.0,73800,AUD,3.0
1200947400.0,13899.0,73800,AUD,1.0
1201030200.0,13900.0,70200,AUD,1.0
1201033800.0,13900.0,73800,AUD,3.0
1201033800.0,13900.0,73800,AUD,2.0
1201201200.0,13902.0,68400,AUD,1.0
1201392060.0,13905.0,60,AUD,1.0
1201552200.0,13906.0,73800,AUD,1.0
1201724400.0,13908.0,73200,AUD,2.0
1201725000.0,13908.0,73800,AUD,2.0
1201804200.0,13909.0,66600,AUD,1.0
1201829400.0,13910.0,5400,AUD,2.0
1202067000.0,13912.0,70200,AUD,1.0
1202070600.0,13912.0,73800,AUD,2.0
1202070600.0,13912.0,73800,AUD,3.0
1202149800.0,13913.0,66600,AUD,1.0
1202157000.0,13913.0,73800,AUD,3.0
1202157000.0,13913.0,73800,AUD,2.0
1202157000.0,13913.0,73800,AUD,3.0
1202167800.0,13913.0,84600,AUD,3.0
1202167800.0,13913.0,84600,AUD,3.0
1202322600.0,13915.0,66600,AUD,1.0
1202675400.0,13919.0,73800,AUD,2.0
1202675400.0,13919.0,73800,AUD,3.0
1202675400.0,13919.0,73800,AUD,3.0
1202761800.0,13920.0,73800,AUD,1.0
1202844600.0,13921.0,70200,AUD,2.0
1202932800.0,13922.0,72000,AUD,1.0
1202934600.0,13922.0,73800,AUD,3.0
1202934600.0,13922.0,73800,AUD,2.0
1203359400.0,13927.0,66600,AUD,1.0
1203366600.0,13927.0,73800,AUD,3.0
1203449400.0,13928.0,70200,AUD,1.0
1203453000.0,13928.0,73800,AUD,2.0
1203539400.0,13929.0,73800,AUD,1.0
1203539400.0,13929.0,73800,AUD,1.0
1204057800.0,13935.0,73800,AUD,2.0
1204138800.0,13936.0,68400,AUD,1.0
1204144200.0,13936.0,73800,AUD,3.0
1204230600.0,13937.0,73800,AUD,2.0
1204482600.0,13940.0,66600,AUD,1.0
1204486200.0,13940.0,70200,AUD,1.0
1204489800.0,13940.0,73800,AUD,1.0
1204507800.0,13941.0,5400,AUD,2.0
1204576200.0,13941.0,73800,AUD,2.0
1204576200.0,13941.0,73800,AUD,3.0
1204587000.0,13941.0,84600,AUD,3.0
1204587000.0,13941.0,84600,AUD,3.0
1204653600.0,13942.0,64800,AUD,2.0
1204655400.0,13942.0,66600,AUD,1.0
1204662600.0,13942.0,73800,AUD,3.0
1204671600.0,13942.0,82800,AUD,2.0
1204749000.0,13943.0,73800,AUD,3.0
1204749000.0,13943.0,73800,AUD,3.0
1204828200.0,13944.0,66600,AUD,1.0
1204838400.0,13944.0,76800,AUD,2.0
1205179200.0,13948.0,72000,AUD,1.0
1205181000.0,13948.0,73800,AUD,2.0
1205181000.0,13948.0,73800,AUD,3.0
1205181000.0,13948.0,73800,AUD,1.0
1205263800.0,13949.0,70200,AUD,2.0
1205353800.0,13950.0,73800,AUD,3.0
1205353800.0,13950.0,73800,AUD,2.0
1205456400.0,13952.0,3600,AUD,3.0
1205785800.0,13955.0,73800,AUD,3.0
1205868600.0,13956.0,70200,AUD,1.0
1205872200.0,13956.0,73800,AUD,1.0
1205958600.0,13957.0,73800,AUD,1.0
1205958600.0,13957.0,73800,AUD,1.0
1205971260.0,13958.0,60,AUD,1.0
1206230460.0,13961.0,60,AUD,1.0
1206390600.0,13962.0,73800,AUD,2.0
1206558000.0,13964.0,68400,AUD,1.0
1206558600.0,13964.0,69000,AUD,3.0
1206905400.0,13968.0,70200,AUD,1.0
1206909000.0,13968.0,73800,AUD,2.0
1206912600.0,13968.0,77400,AUD,2.0
1206988200.0,13969.0,66600,AUD,1.0
1207006200.0,13969.0,84600,AUD,3.0
1207006200.0,13969.0,84600,AUD,3.0
1207017000.0,13970.0,9000,AUD,2.0
1207161000.0,13971.0,66600,AUD,1.0
1207245600.0,13972.0,64800,AUD,3.0
1207254600.0,13972.0,73800,AUD,3.0
1207396800.0,13974.0,43200,AUD,1.0
1207517400.0,13975.0,77400,AUD,2.0
1207517400.0,13975.0,77400,AUD,3.0
1207517400.0,13975.0,77400,AUD,3.0
1207603800.0,13976.0,77400,AUD,1.0
1207686600.0,13977.0,73800,AUD,2.0
1207769400.0,13978.0,70200,AUD,1.0
1207774800.0,13978.0,75600,AUD,1.0
1207776600.0,13978.0,77400,AUD,3.0
1207776600.0,13978.0,77400,AUD,2.0
1208122200.0,13982.0,77400,AUD,3.0
1208208600.0,13983.0,77400,AUD,3.0
1208212800.0,13983.0,81600,AUD,2.0
1208291400.0,13984.0,73800,AUD,1.0
1208467800.0,13986.0,77400,AUD,1.0
1208467800.0,13986.0,77400,AUD,1.0
1208727000.0,13989.0,77400,AUD,1.0
1208727000.0,13989.0,77400,AUD,3.0
1208899800.0,13991.0,77400,AUD,3.0
1208899800.0,13991.0,77400,AUD,2.0
1208995260.0,13993.0,60,AUD,1.0
1209412800.0,13997.0,72000,AUD,1.0
1209418200.0,13997.0,77400,AUD,2.0
1209504600.0,13998.0,77400,AUD,2.0
1209507000.0,13998.0,79800,AUD,2.0
1209609000.0,14000.0,9000,AUD,2.0
1209677400.0,14000.0,77400,AUD,3.0
1209929400.0,14003.0,70200,AUD,1.0
1209933000.0,14003.0,73800,AUD,1.0
1209936600.0,14003.0,77400,AUD,2.0
1209936600.0,14003.0,77400,AUD,2.0
1210023000.0,14004.0,77400,AUD,3.0
1210033800.0,14005.0,1800,AUD,3.0
1210033800.0,14005.0,1800,AUD,3.0
1210102200.0,14005.0,70200,AUD,1.0
1210195800.0,14006.0,77400,AUD,3.0
1210195800.0,14006.0,77400,AUD,2.0
1210282200.0,14007.0,77400,AUD,3.0
1210541400.0,14010.0,77400,AUD,3.0
1210541400.0,14010.0,77400,AUD,1.0
1210656600.0,14012.0,19800,AUD,3.0
1210714200.0,14012.0,77400,AUD,2.0
1210800600.0,14013.0,77400,AUD,1.0
1210833000.0,14014.0,23400,AUD,2.0
1210902000.0,14015.0,6000,AUD,2.0
1211232600.0,14018.0,77400,AUD,3.0
1211315400.0,14019.0,73800,AUD,2.0
1211319000.0,14019.0,77400,AUD,1.0
1211403600.0,14020.0,75600,AUD,1.0
1211920200.0,14026.0,73800,AUD,1.0
1211923800.0,14026.0,77400,AUD,2.0
1212004800.0,14027.0,72000,AUD,1.0
1212010200.0,14027.0,77400,AUD,3.0
1212096600.0,14028.0,77400,AUD,1.0
1212348600.0,14031.0,70200,AUD,1.0
1212352200.0,14031.0,73800,AUD,1.0
1212355800.0,14031.0,77400,AUD,1.0
1212355800.0,14031.0,77400,AUD,3.0
1212357300.0,14031.0,78900,AUD,2.0
1212373800.0,14032.0,9000,AUD,2.0
1212442200.0,14032.0,77400,AUD,3.0
1212442200.0,14032.0,77400,AUD,2.0
1212453000.0,14033.0,1800,AUD,3.0
1212453000.0,14033.0,1800,AUD,3.0
1212521400.0,14033.0,70200,AUD,1.0
1212528600.0,14033.0,77400,AUD,3.0
1212528600.0,14033.0,77400,AUD,2.0
1212615000.0,14034.0,77400,AUD,3.0
1212694200.0,14035.0,70200,AUD,1.0
1212883260.0,14038.0,60,AUD,1.0
1213047000.0,14039.0,77400,AUD,2.0
1213047000.0,14039.0,77400,AUD,3.0
1213047000.0,14039.0,77400,AUD,1.0
1213129800.0,14040.0,73800,AUD,2.0
1213218000.0,14041.0,75600,AUD,1.0
1213219800.0,14041.0,77400,AUD,3.0
1213219800.0,14041.0,77400,AUD,3.0
1213312200.0,14042.0,83400,AUD,3.0
1213651800.0,14046.0,77400,AUD,1.0
1213651800.0,14046.0,77400,AUD,3.0
1213734600.0,14047.0,73800,AUD,1.0
1213824600.0,14048.0,77400,AUD,1.0
1214170200.0,14052.0,77400,AUD,1.0
1214424000.0,14055.0,72000,AUD,1.0
1214526600.0,14057.0,1800,AUD,2.0
1214771400.0,14059.0,73800,AUD,1.0
1214775000.0,14059.0,77400,AUD,2.0
1214854200.0,14060.0,70200,AUD,1.0
1214854200.0,14060.0,70200,AUD,2.0
1214872200.0,14061.0,1800,AUD,3.0
1214872200.0,14061.0,1800,AUD,3.0
1214879400.0,14061.0,9000,AUD,2.0
1214947800.0,14061.0,77400,AUD,3.0
1214947800.0,14061.0,77400,AUD,3.0
1215027000.0,14062.0,70200,AUD,1.0
1215034200.0,14062.0,77400,AUD,3.0
1215372600.0,14066.0,70200,AUD,1.0
1215379800.0,14066.0,77400,AUD,2.0
1215466200.0,14067.0,77400,AUD,1.0
1215549000.0,14068.0,73800,AUD,2.0
1215552600.0,14068.0,77400,AUD,3.0
1215637200.0,14069.0,75600,AUD,1.0
1215639000.0,14069.0,77400,AUD,3.0
1215639000.0,14069.0,77400,AUD,3.0
1216071000.0,14074.0,77400,AUD,3.0
1216153800.0,14075.0,73800,AUD,1.0
1216163100.0,14075.0,83100,AUD,3.0
1216243800.0,14076.0,77400,AUD,1.0
1216330200.0,14077.0,77400,AUD,1.0
1216589400.0,14080.0,77400,AUD,1.0
1216589400.0,14080.0,77400,AUD,3.0
1216762200.0,14082.0,77400,AUD,3.0
1216762200.0,14082.0,77400,AUD,2.0
1217187900.0,14087.0,71100,AUD,2.0
1217188800.0,14087.0,72000,AUD,2.0
1217194200.0,14087.0,77400,AUD,2.0
1217275200.0,14088.0,72000,AUD,1.0
1217367000.0,14089.0,77400,AUD,3.0
1217453400.0,14090.0,77400,AUD,2.0
1217453400.0,14090.0,77400,AUD,3.0
1217453400.0,14090.0,77400,AUD,3.0
1217532600.0,14091.0,70200,AUD,1.0
1217536200.0,14091.0,73800,AUD,1.0
1217557800.0,14092.0,9000,AUD,2.0
1217799000.0,14094.0,77400,AUD,2.0
1217799000.0,14094.0,77400,AUD,2.0
1217878200.0,14095.0,70200,AUD,1.0
1217896200.0,14096.0,1800,AUD,3.0
1217896200.0,14096.0,1800,AUD,3.0
1217971800.0,14096.0,77400,AUD,3.0
1218051000.0,14097.0,70200,AUD,1.0
1218058200.0,14097.0,77400,AUD,3.0
1218058200.0,14097.0,77400,AUD,3.0
1218403800.0,14101.0,77400,AUD,3.0
1218490200.0,14102.0,77400,AUD,1.0
1218568500.0,14103.0,69300,AUD,2.0
1218573000.0,14103.0,73800,AUD,2.0
1218576600.0,14103.0,77400,AUD,2.0
1218658800.0,14104.0,73200,AUD,2.0
1218661200.0,14104.0,75600,AUD,1.0
1219095000.0,14109.0,77400,AUD,3.0
1219177800.0,14110.0,73800,AUD,1.0
1219267800.0,14111.0,77400,AUD,1.0
1219267800.0,14111.0,77400,AUD,1.0
1219786200.0,14117.0,77400,AUD,2.0
1219867200.0,14118.0,72000,AUD,1.0
1219872600.0,14118.0,77400,AUD,3.0
1219955400.0,14119.0,73800,AUD,2.0
1219959000.0,14119.0,77400,AUD,2.0
1220211000.0,14122.0,70200,AUD,1.0
1220214600.0,14122.0,73800,AUD,1.0
1220218200.0,14122.0,77400,AUD,1.0
1220218200.0,14122.0,77400,AUD,2.0
1220236200.0,14123.0,9000,AUD,2.0
1220304600.0,14123.0,77400,AUD,3.0
1220315400.0,14124.0,1800,AUD,3.0
1220315400.0,14124.0,1800,AUD,3.0
1220383800.0,14124.0,70200,AUD,1.0
1220391000.0,14124.0,77400,AUD,3.0
1220477400.0,14125.0,77400,AUD,3.0
1220556600.0,14126.0,70200,AUD,1.0
1220814000.0,14129.0,68400,AUD,3.0
1220823000.0,14129.0,77400,AUD,2.0
1220909400.0,14130.0,77400,AUD,3.0
1220909400.0,14130.0,77400,AUD,1.0
1220909400.0,14130.0,77400,AUD,3.0
1220992200.0,14131.0,73800,AUD,2.0
1221080400.0,14132.0,75600,AUD,1.0
1221082200.0,14132.0,77400,AUD,3.0
1221082200.0,14132.0,77400,AUD,3.0
1221427800.0,14136.0,77400,AUD,1.0
1221514200.0,14137.0,77400,AUD,3.0
1221593400.0,14138.0,70200,AUD,1.0
1221597000.0,14138.0,73800,AUD,1.0
1221607200.0,14138.0,84000,AUD,2.0
1221687000.0,14139.0,77400,AUD,1.0
1222032600.0,14143.0,77400,AUD,1.0
1222286400.0,14146.0,72000,AUD,1.0
1222291800.0,14146.0,77400,AUD,2.0
1222293600.0,14146.0,79200,AUD,2.0
1222723800.0,14151.0,77400,AUD,3.0
1222723800.0,14151.0,77400,AUD,2.0
1222723800.0,14151.0,77400,AUD,3.0
1222803000.0,14152.0,70200,AUD,1.0
1222828200.0,14153.0,9000,AUD,2.0
1222896600.0,14153.0,77400,AUD,3.0
1222975920.0,14154.0,70320,AUD,1.0
1222979400.0,14154.0,73800,AUD,1.0
1223121600.0,14156.0,43200,AUD,1.0
1223164860.0,14157.0,60,AUD,1.0
1223317800.0,14158.0,66600,AUD,1.0
1223335800.0,14158.0,84600,AUD,3.0
1223335800.0,14158.0,84600,AUD,3.0
1223407800.0,14159.0,70200,AUD,2.0
1223411400.0,14159.0,73800,AUD,3.0
1223496000.0,14160.0,72000,AUD,1.0
1223497800.0,14160.0,73800,AUD,3.0
1223497800.0,14160.0,73800,AUD,3.0
1223843400.0,14164.0,73800,AUD,2.0
1223929800.0,14165.0,73800,AUD,1.0
1224012600.0,14166.0,70200,AUD,1.0
1224016200.0,14166.0,73800,AUD,1.0
1224189000.0,14168.0,73800,AUD,1.0
1224448200.0,14171.0,73800,AUD,3.0
1224534600.0,14172.0,73800,AUD,3.0
1224534600.0,14172.0,73800,AUD,1.0
1224540600.0,14172.0,79800,AUD,3.0
1224621000.0,14173.0,73800,AUD,3.0
1224621000.0,14173.0,73800,AUD,2.0
1225139400.0,14179.0,73800,AUD,2.0
1225305000.0,14181.0,66600,AUD,1.0
1225305000.0,14181.0,66600,AUD,2.0
1225398600.0,14182.0,73800,AUD,2.0
1225398600.0,14182.0,73800,AUD,2.0
1225400400.0,14182.0,75600,AUD,2.0
1225650600.0,14185.0,66600,AUD,1.0
1225654200.0,14185.0,70200,AUD,1.0
1225657800.0,14185.0,73800,AUD,2.0
1225657800.0,14185.0,73800,AUD,2.0
1225657800.0,14185.0,73800,AUD,3.0
1225675800.0,14186.0,5400,AUD,2.0
1225755000.0,14186.0,84600,AUD,3.0
1225755000.0,14186.0,84600,AUD,3.0
1225823400.0,14187.0,66600,AUD,1.0
1225830600.0,14187.0,73800,AUD,3.0
1225830600.0,14187.0,73800,AUD,3.0
1225917000.0,14188.0,73800,AUD,3.0
1225917000.0,14188.0,73800,AUD,3.0
1225996200.0,14189.0,66600,AUD,1.0
1226262600.0,14192.0,73800,AUD,3.0
1226262600.0,14192.0,73800,AUD,3.0
1226349000.0,14193.0,73800,AUD,1.0
1226431800.0,14194.0,70200,AUD,2.0
1226435400.0,14194.0,73800,AUD,2.0
1226520000.0,14195.0,72000,AUD,1.0
1226867400.0,14199.0,73800,AUD,2.0
1226953800.0,14200.0,73800,AUD,3.0
1227036600.0,14201.0,70200,AUD,1.0
1227040200.0,14201.0,73800,AUD,1.0
1227052200.0,14201.0,85800,AUD,2.0
1227072600.0,14202.0,19800,AUD,3.0
1227126600.0,14202.0,73800,AUD,1.0
1227553200.0,14207.0,68400,AUD,1.0
1227645000.0,14208.0,73800,AUD,2.0
1227731400.0,14209.0,73800,AUD,3.0
1227733200.0,14209.0,75600,AUD,2.0
1227817800.0,14210.0,73800,AUD,2.0
1228069800.0,14213.0,66600,AUD,1.0
1228073400.0,14213.0,70200,AUD,1.0
1228077000.0,14213.0,73800,AUD,1.0
1228095000.0,14214.0,5400,AUD,2.0
1228163400.0,14214.0,73800,AUD,2.0
1228163400.0,14214.0,73800,AUD,3.0
1228174200.0,14214.0,84600,AUD,3.0
1228174200.0,14214.0,84600,AUD,3.0
1228242600.0,14215.0,66600,AUD,1.0
1228249800.0,14215.0,73800,AUD,3.0
1228336200.0,14216.0,73800,AUD,3.0
1228336200.0,14216.0,73800,AUD,3.0
1228415400.0,14217.0,66600,AUD,1.0
1228681800.0,14220.0,73800,AUD,2.0
1228768200.0,14221.0,73800,AUD,1.0
1228798800.0,14222.0,18000,AUD,3.0
1228851000.0,14222.0,70200,AUD,2.0
1228854600.0,14222.0,73800,AUD,3.0
1228939200.0,14223.0,72000,AUD,1.0
1228941000.0,14223.0,73800,AUD,3.0
1228941000.0,14223.0,73800,AUD,3.0
1229373000.0,14228.0,73800,AUD,1.0
1229373000.0,14228.0,73800,AUD,3.0
1229455800.0,14229.0,70200,AUD,1.0
1229545800.0,14230.0,73800,AUD,1.0
1229891400.0,14234.0,73800,AUD,1.0
1229972400.0,14235.0,68400,AUD,2.0
1230076860.0,14237.0,60,AUD,1.0
1230163260.0,14238.0,60,AUD,1.0
1230669000.0,14243.0,73800,AUD,2.0
1230681660.0,14244.0,60,AUD,1.0
1230834600.0,14245.0,66600,AUD,1.0
1230859800.0,14246.0,5400,AUD,2.0
1231180200.0,14249.0,66600,AUD,1.0
1231272360.0,14250.0,72360,AUD,2.0
1231273800.0,14250.0,73800,AUD,3.0
1231353000.0,14251.0,66600,AUD,1.0
1231360200.0,14251.0,73800,AUD,3.0
1231360200.0,14251.0,73800,AUD,3.0
1231705800.0,14255.0,73800,AUD,2.0
1231878600.0,14257.0,73800,AUD,3.0
1231965000.0,14258.0,73800,AUD,3.0
1231965000.0,14258.0,73800,AUD,1.0
1231965000.0,14258.0,73800,AUD,3.0
1232307000.0,14262.0,70200,AUD,1.0
1232479800.0,14264.0,70200,AUD,2.0
1232568000.0,14265.0,72000,AUD,1.0
1232569800.0,14265.0,73800,AUD,1.0
1232656200.0,14266.0,73800,AUD,1.0
1232841660.0,14269.0,60,AUD,1.0
1233001800.0,14270.0,73800,AUD,1.0
1233001800.0,14270.0,73800,AUD,3.0
1233084600.0,14271.0,70200,AUD,1.0
1233088200.0,14271.0,73800,AUD,3.0
1233088200.0,14271.0,73800,AUD,2.0
1233255600.0,14273.0,68400,AUD,2.0
1233513000.0,14276.0,66600,AUD,1.0
1233516600.0,14276.0,70200,AUD,1.0
1233520200.0,14276.0,73800,AUD,2.0
1233522300.0,14276.0,75900,AUD,2.0
1233538200.0,14277.0,5400,AUD,2.0
1233606600.0,14277.0,73800,AUD,3.0
1233617400.0,14277.0,84600,AUD,3.0
1233617400.0,14277.0,84600,AUD,3.0
1233685800.0,14278.0,66600,AUD,1.0
1233693000.0,14278.0,73800,AUD,3.0
1233693000.0,14278.0,73800,AUD,3.0
1233858600.0,14280.0,66600,AUD,1.0
1233865800.0,14280.0,73800,AUD,3.0
1234125000.0,14283.0,73800,AUD,2.0
1234211400.0,14284.0,73800,AUD,1.0
1234241100.0,14285.0,17100,AUD,3.0
1234294200.0,14285.0,70200,AUD,2.0
1234297800.0,14285.0,73800,AUD,3.0
1234382400.0,14286.0,72000,AUD,1.0
1234384200.0,14286.0,73800,AUD,3.0
1234384200.0,14286.0,73800,AUD,2.0
1234384200.0,14286.0,73800,AUD,3.0
1234816200.0,14291.0,73800,AUD,3.0
1234894800.0,14292.0,66000,AUD,2.0
1234899000.0,14292.0,70200,AUD,1.0
1234902600.0,14292.0,73800,AUD,2.0
1234989000.0,14293.0,73800,AUD,1.0
1234989000.0,14293.0,73800,AUD,1.0
1235066400.0,14294.0,64800,AUD,3.0
1235507400.0,14299.0,73800,AUD,2.0
1235507400.0,14299.0,73800,AUD,2.0
1235588400.0,14300.0,68400,AUD,2.0
1235593800.0,14300.0,73800,AUD,3.0
1235932200.0,14304.0,66600,AUD,1.0
1235935800.0,14304.0,70200,AUD,1.0
1235937780.0,14304.0,72180,AUD,2.0
1235939400.0,14304.0,73800,AUD,1.0
1235957400.0,14305.0,5400,AUD,2.0
1236025800.0,14305.0,73800,AUD,2.0
1236025800.0,14305.0,73800,AUD,3.0
1236036600.0,14305.0,84600,AUD,3.0
1236036600.0,14305.0,84600,AUD,3.0
1236105000.0,14306.0,66600,AUD,1.0
1236109200.0,14306.0,70800,AUD,2.0
1236112200.0,14306.0,73800,AUD,3.0
1236198600.0,14307.0,73800,AUD,3.0
1236198600.0,14307.0,73800,AUD,3.0
1236277800.0,14308.0,66600,AUD,1.0
1236630600.0,14312.0,73800,AUD,2.0
1236630600.0,14312.0,73800,AUD,2.0
1236713400.0,14313.0,70200,AUD,2.0
1236717000.0,14313.0,73800,AUD,3.0
1236801600.0,14314.0,72000,AUD,1.0
1236803400.0,14314.0,73800,AUD,3.0
1236803400.0,14314.0,73800,AUD,3.0
1237235400.0,14319.0,73800,AUD,3.0
1237318200.0,14320.0,70200,AUD,1.0
1237395000.0,14321.0,60600,AUD,2.0
1237408200.0,14321.0,73800,AUD,1.0
1237408200.0,14321.0,73800,AUD,1.0
1237408200.0,14321.0,73800,AUD,1.0
1237833000.0,14326.0,66600,AUD,2.0
1237951800.0,14328.0,12600,AUD,3.0
1238007600.0,14328.0,68400,AUD,2.0
1238013000.0,14328.0,73800,AUD,2.0
1238350860.0,14332.0,66060,AUD,2.0
1238443200.0,14333.0,72000,AUD,2.0
1238445000.0,14333.0,73800,AUD,2.0
1238451600.0,14333.0,80400,AUD,2.0
1238524200.0,14334.0,66600,AUD,1.0
1238531400.0,14334.0,73800,AUD,3.0
1238531400.0,14334.0,73800,AUD,3.0
1238549400.0,14335.0,5400,AUD,2.0
1238617800.0,14335.0,73800,AUD,3.0
1238697000.0,14336.0,66600,AUD,1.0
1238846400.0,14338.0,43200,AUD,1.0
1238963400.0,14339.0,73800,AUD,1.0
1238967000.0,14339.0,77400,AUD,2.0
1239046200.0,14340.0,70200,AUD,1.0
1239064200.0,14341.0,1800,AUD,3.0
1239064200.0,14341.0,1800,AUD,3.0
1239136200.0,14341.0,73800,AUD,2.0
1239139800.0,14341.0,77400,AUD,3.0
1239224400.0,14342.0,75600,AUD,2.0
1239226200.0,14342.0,77400,AUD,3.0
1239226200.0,14342.0,77400,AUD,3.0
1239235260.0,14343.0,60,AUD,1.0
1239494460.0,14346.0,60,AUD,1.0
1239658200.0,14347.0,77400,AUD,2.0
1239741000.0,14348.0,73800,AUD,1.0
1239831000.0,14349.0,77400,AUD,1.0
1239917400.0,14350.0,77400,AUD,1.0
1240176600.0,14353.0,77400,AUD,3.0
1240263000.0,14354.0,77400,AUD,3.0
1240270200.0,14354.0,84600,AUD,3.0
1240349400.0,14355.0,77400,AUD,3.0
1240349400.0,14355.0,77400,AUD,2.0
1240435800.0,14356.0,77400,AUD,1.0
1240704060.0,14360.0,60,AUD,1.0
1240953900.0,14362.0,77100,AUD,2.0
1241035200.0,14363.0,72000,AUD,2.0
1241040600.0,14363.0,77400,AUD,2.0
1241040600.0,14363.0,77400,AUD,2.0
1241119800.0,14364.0,70200,AUD,1.0
1241145000.0,14365.0,9000,AUD,2.0
1241382600.0,14367.0,73800,AUD,1.0
1241386200.0,14367.0,77400,AUD,2.0
1241386200.0,14367.0,77400,AUD,2.0
1241465400.0,14368.0,70200,AUD,1.0
1241472600.0,14368.0,77400,AUD,3.0
1241483400.0,14369.0,1800,AUD,3.0
1241483400.0,14369.0,1800,AUD,3.0
1241559000.0,14369.0,77400,AUD,3.0
1241559000.0,14369.0,77400,AUD,3.0
1241638200.0,14370.0,70200,AUD,1.0
1241645400.0,14370.0,77400,AUD,3.0
1241645400.0,14370.0,77400,AUD,3.0
1241731800.0,14371.0,77400,AUD,3.0
1241991000.0,14374.0,77400,AUD,2.0
1242077400.0,14375.0,77400,AUD,3.0
1242106200.0,14376.0,19800,AUD,3.0
1242670200.0,14382.0,65400,AUD,3.0
1242682200.0,14382.0,77400,AUD,3.0
1242765000.0,14383.0,73800,AUD,2.0
1242768600.0,14383.0,77400,AUD,2.0
1242853200.0,14384.0,75600,AUD,2.0
1242855000.0,14384.0,77400,AUD,1.0
1242855000.0,14384.0,77400,AUD,1.0
1243369800.0,14390.0,73800,AUD,2.0
1243373400.0,14390.0,77400,AUD,2.0
1243454400.0,14391.0,72000,AUD,2.0
1243458600.0,14391.0,76200,AUD,2.0
1243459800.0,14391.0,77400,AUD,3.0
1243546200.0,14392.0,77400,AUD,2.0
1243798200.0,14395.0,70200,AUD,1.0
1243801800.0,14395.0,73800,AUD,1.0
1243803720.0,14395.0,75720,AUD,2.0
1243805400.0,14395.0,77400,AUD,1.0
1243805400.0,14395.0,77400,AUD,3.0
1243823400.0,14396.0,9000,AUD,2.0
1243891800.0,14396.0,77400,AUD,3.0
1243891800.0,14396.0,77400,AUD,2.0
1243902600.0,14397.0,1800,AUD,3.0
1243902600.0,14397.0,1800,AUD,3.0
1243971000.0,14397.0,70200,AUD,1.0
1243978200.0,14397.0,77400,AUD,3.0
1244064600.0,14398.0,77400,AUD,3.0
1244068200.0,14398.0,81000,AUD,2.0
1244143800.0,14399.0,70200,AUD,1.0
1244332860.0,14402.0,60,AUD,1.0
1244496600.0,14403.0,77400,AUD,2.0
1244496600.0,14403.0,77400,AUD,2.0
1244581200.0,14404.0,75600,AUD,2.0
1244583000.0,14404.0,77400,AUD,3.0
1244667600.0,14405.0,75600,AUD,2.0
1245101400.0,14410.0,77400,AUD,3.0
1245186000.0,14411.0,75600,AUD,2.0
1245187800.0,14411.0,77400,AUD,1.0
1245274200.0,14412.0,77400,AUD,1.0
1245619920.0,14416.0,77520,AUD,1.0
1245873600.0,14419.0,72000,AUD,2.0
1246309260.0,14424.0,75660,AUD,2.0
1246311000.0,14424.0,77400,AUD,2.0
1246390200.0,14425.0,70200,AUD,1.0
1246397400.0,14425.0,77400,AUD,3.0
1246397400.0,14425.0,77400,AUD,3.0
1246415400.0,14426.0,9000,AUD,2.0
1246483800.0,14426.0,77400,AUD,3.0
1246563000.0,14427.0,70200,AUD,1.0
1246825800.0,14430.0,73800,AUD,1.0
1246829400.0,14430.0,77400,AUD,2.0
1246908600.0,14431.0,70200,AUD,1.0
1246926600.0,14432.0,1800,AUD,3.0
1246926600.0,14432.0,1800,AUD,3.0
1247000400.0,14432.0,75600,AUD,2.0
1247002200.0,14432.0,77400,AUD,3.0
1247086800.0,14433.0,75600,AUD,2.0
1247088600.0,14433.0,77400,AUD,3.0
1247088600.0,14433.0,77400,AUD,3.0
1247520600.0,14438.0,77400,AUD,2.0
1247605200.0,14439.0,75600,AUD,2.0
1247693400.0,14440.0,77400,AUD,1.0
1247779800.0,14441.0,77400,AUD,2.0
1248039000.0,14444.0,77400,AUD,3.0
1248125400.0,14445.0,77400,AUD,3.0
1248125400.0,14445.0,77400,AUD,1.0
1248211800.0,14446.0,77400,AUD,3.0
1248211800.0,14446.0,77400,AUD,2.0
1248213600.0,14446.0,79200,AUD,2.0
1248318000.0,14448.0,10800,AUD,2.0
1248724800.0,14452.0,72000,AUD,2.0
1248730200.0,14452.0,77400,AUD,2.0
1248735600.0,14452.0,82800,AUD,3.0
1248815160.0,14453.0,75960,AUD,2.0
1248903000.0,14454.0,77400,AUD,3.0
1248985800.0,14455.0,73800,AUD,1.0
1248989400.0,14455.0,77400,AUD,2.0
1249241400.0,14458.0,70200,AUD,1.0
1249248600.0,14458.0,77400,AUD,2.0
1249335000.0,14459.0,77400,AUD,2.0
1249335000.0,14459.0,77400,AUD,3.0
1249345800.0,14460.0,1800,AUD,3.0
1249345800.0,14460.0,1800,AUD,3.0
1249353000.0,14460.0,9000,AUD,2.0
1249414200.0,14460.0,70200,AUD,1.0
1249421400.0,14460.0,77400,AUD,3.0
1249507800.0,14461.0,77400,AUD,3.0
1249507800.0,14461.0,77400,AUD,3.0
1249587000.0,14462.0,70200,AUD,1.0
1249594200.0,14462.0,77400,AUD,3.0
1249853400.0,14465.0,77400,AUD,3.0
1249939800.0,14466.0,77400,AUD,2.0
1250024400.0,14467.0,75600,AUD,2.0
1250026200.0,14467.0,77400,AUD,2.0
1250110800.0,14468.0,75600,AUD,2.0
1250191800.0,14469.0,70200,AUD,3.0
1250544600.0,14473.0,77400,AUD,3.0
1250623200.0,14474.0,69600,AUD,2.0
1250629200.0,14474.0,75600,AUD,2.0
1250717400.0,14475.0,77400,AUD,1.0
1251063000.0,14479.0,77400,AUD,1.0
1251235800.0,14481.0,77400,AUD,2.0
1251316800.0,14482.0,72000,AUD,2.0
1251322200.0,14482.0,77400,AUD,3.0
1251664200.0,14486.0,73800,AUD,1.0
1251666840.0,14486.0,76440,AUD,2.0
1251667800.0,14486.0,77400,AUD,1.0
1251667800.0,14486.0,77400,AUD,2.0
1251747000.0,14487.0,70200,AUD,1.0
1251754200.0,14487.0,77400,AUD,3.0
1251754200.0,14487.0,77400,AUD,2.0
1251765000.0,14488.0,1800,AUD,3.0
1251765000.0,14488.0,1800,AUD,3.0
1251772200.0,14488.0,9000,AUD,2.0
1251840600.0,14488.0,77400,AUD,3.0
1251919800.0,14489.0,70200,AUD,1.0
1251927000.0,14489.0,77400,AUD,3.0
1252265400.0,14493.0,70200,AUD,1.0
1252272600.0,14493.0,77400,AUD,2.0
1252359000.0,14494.0,77400,AUD,2.0
1252443600.0,14495.0,75600,AUD,2.0
1252445400.0,14495.0,77400,AUD,3.0
1252445400.0,14495.0,77400,AUD,3.0
1252530000.0,14496.0,75600,AUD,2.0
1252531800.0,14496.0,77400,AUD,3.0
1252531800.0,14496.0,77400,AUD,3.0
1252963800.0,14501.0,77400,AUD,2.0
1252963800.0,14501.0,77400,AUD,3.0
1253048400.0,14502.0,75600,AUD,2.0
1253136600.0,14503.0,77400,AUD,1.0
1253153400.0,14504.0,7800,AUD,1.0
1253482200.0,14507.0,77400,AUD,1.0
1253739780.0,14510.0,75780,AUD,2.0
1253741400.0,14510.0,77400,AUD,2.0
1254078900.0,14514.0,69300,AUD,3.0
1254254400.0,14516.0,72000,AUD,2.0
1254259800.0,14516.0,77400,AUD,3.0
1254259800.0,14516.0,77400,AUD,2.0
1254259800.0,14516.0,77400,AUD,3.0
1254339000.0,14517.0,70200,AUD,1.0
1254364200.0,14518.0,9000,AUD,2.0
1254571200.0,14520.0,43200,AUD,1.0
1254614460.0,14521.0,60,AUD,1.0
1254681000.0,14521.0,66600,AUD,1.0
1254688200.0,14521.0,73800,AUD,2.0
1254774600.0,14522.0,73800,AUD,3.0
1254785400.0,14522.0,84600,AUD,3.0
1254785400.0,14522.0,84600,AUD,3.0
1254853800.0,14523.0,66600,AUD,1.0
1254861000.0,14523.0,73800,AUD,3.0
1254947400.0,14524.0,73800,AUD,3.0
1254947400.0,14524.0,73800,AUD,3.0
1255379400.0,14529.0,73800,AUD,2.0
1255462200.0,14530.0,70200,AUD,2.0
1255550400.0,14531.0,72000,AUD,3.0
1255550580.0,14531.0,72180,AUD,2.0
1255552200.0,14531.0,73800,AUD,1.0
1255903200.0,14535.0,79200,AUD,2.0
1255984200.0,14536.0,73800,AUD,3.0
1256067000.0,14537.0,70200,AUD,2.0
1256070600.0,14537.0,73800,AUD,1.0
1256243400.0,14539.0,73800,AUD,2.0
1256502600.0,14542.0,73800,AUD,3.0
1256589000.0,14543.0,73800,AUD,2.0
1256675400.0,14544.0,73800,AUD,3.0
1256675400.0,14544.0,73800,AUD,2.0
1256677200.0,14544.0,75600,AUD,2.0
1256756400.0,14545.0,68400,AUD,2.0
1256760000.0,14545.0,72000,AUD,2.0
1256848200.0,14546.0,73800,AUD,2.0
1257100200.0,14549.0,66600,AUD,1.0
1257103800.0,14549.0,70200,AUD,1.0
1257107400.0,14549.0,73800,AUD,2.0
1257125400.0,14550.0,5400,AUD,2.0
1257204600.0,14550.0,84600,AUD,3.0
1257204600.0,14550.0,84600,AUD,3.0
1257273000.0,14551.0,66600,AUD,1.0
1257280200.0,14551.0,73800,AUD,3.0
1257280200.0,14551.0,73800,AUD,3.0
1257366600.0,14552.0,73800,AUD,3.0
1257396900.0,14553.0,17700,AUD,3.0
1257445800.0,14553.0,66600,AUD,1.0
1257453000.0,14553.0,73800,AUD,3.0
1257474000.0,14554.0,8400,AUD,2.0
1257712200.0,14556.0,73800,AUD,2.0
1257712200.0,14556.0,73800,AUD,3.0
1257722400.0,14556.0,84000,AUD,2.0
1257798600.0,14557.0,73800,AUD,2.0
1257881400.0,14558.0,70200,AUD,2.0
1257969600.0,14559.0,72000,AUD,2.0
1257971400.0,14559.0,73800,AUD,3.0
1257971400.0,14559.0,73800,AUD,3.0
1258403400.0,14564.0,73800,AUD,3.0
1258481100.0,14565.0,65100,AUD,2.0
1258486200.0,14565.0,70200,AUD,2.0
1258489800.0,14565.0,73800,AUD,2.0
1258576200.0,14566.0,73800,AUD,1.0
1258578000.0,14566.0,75600,AUD,2.0
1258921800.0,14570.0,73800,AUD,1.0
1259002800.0,14571.0,68400,AUD,2.0
1259086800.0,14572.0,66000,AUD,2.0
1259094600.0,14572.0,73800,AUD,2.0
1259181000.0,14573.0,73800,AUD,3.0
1259523000.0,14577.0,70200,AUD,1.0
1259524920.0,14577.0,72120,AUD,2.0
1259526600.0,14577.0,73800,AUD,1.0
1259526600.0,14577.0,73800,AUD,2.0
1259605800.0,14578.0,66600,AUD,1.0
1259613000.0,14578.0,73800,AUD,3.0
1259623800.0,14578.0,84600,AUD,3.0
1259623800.0,14578.0,84600,AUD,3.0
1259631000.0,14579.0,5400,AUD,2.0
1259778600.0,14580.0,66600,AUD,1.0
1259785800.0,14580.0,73800,AUD,3.0
1260124200.0,14584.0,66600,AUD,1.0
1260131400.0,14584.0,73800,AUD,2.0
1260217800.0,14585.0,73800,AUD,2.0
1260217800.0,14585.0,73800,AUD,2.0
1260249900.0,14586.0,19500,AUD,3.0
1260300600.0,14586.0,70200,AUD,2.0
1260304200.0,14586.0,73800,AUD,3.0
1260304200.0,14586.0,73800,AUD,3.0
1260388800.0,14587.0,72000,AUD,2.0
1260390600.0,14587.0,73800,AUD,3.0
1260390600.0,14587.0,73800,AUD,3.0
1260395100.0,14587.0,78300,AUD,2.0
1260822600.0,14592.0,73800,AUD,1.0
1260822600.0,14592.0,73800,AUD,3.0
1260905400.0,14593.0,70200,AUD,2.0
1260909000.0,14593.0,73800,AUD,3.0
1260910800.0,14593.0,75600,AUD,2.0
1260995400.0,14594.0,73800,AUD,1.0
1261341000.0,14598.0,73800,AUD,1.0
1261422000.0,14599.0,68400,AUD,2.0
1261612860.0,14602.0,60,AUD,1.0
1261872060.0,14605.0,60,AUD,1.0
1262205000.0,14608.0,73800,AUD,2.0
1262217660.0,14609.0,60,AUD,1.0
1262543400.0,14612.0,66600,AUD,1.0
1262568600.0,14613.0,5400,AUD,2.0
1262635260.0,14613.0,72060,AUD,2.0
1262716200.0,14614.0,66600,AUD,2.0
1262723400.0,14614.0,73800,AUD,3.0
1262809800.0,14615.0,73800,AUD,3.0
1262809800.0,14615.0,73800,AUD,3.0
1262889000.0,14616.0,66600,AUD,1.0
1263155400.0,14619.0,73800,AUD,2.0
1263241800.0,14620.0,73800,AUD,3.0
1263414600.0,14622.0,73800,AUD,3.0
1263414600.0,14622.0,73800,AUD,3.0
1263756600.0,14626.0,70200,AUD,1.0
1263929400.0,14628.0,70200,AUD,2.0
1264017600.0,14629.0,72000,AUD,2.0
1264019400.0,14629.0,73800,AUD,2.0
1264365000.0,14633.0,73800,AUD,3.0
1264377660.0,14634.0,60,AUD,1.0
1264534200.0,14635.0,70200,AUD,2.0
1264537800.0,14635.0,73800,AUD,3.0
1264537800.0,14635.0,73800,AUD,2.0
1264705200.0,14637.0,68400,AUD,2.0
1264710600.0,14637.0,73800,AUD,2.0
1264962600.0,14640.0,66600,AUD,1.0
1264966200.0,14640.0,70200,AUD,1.0
1264969560.0,14640.0,73560,AUD,2.0
1264969800.0,14640.0,73800,AUD,2.0
1264969800.0,14640.0,73800,AUD,2.0
1264988100.0,14641.0,5700,AUD,2.0
1265056200.0,14641.0,73800,AUD,2.0
1265067000.0,14641.0,84600,AUD,3.0
1265067000.0,14641.0,84600,AUD,3.0
1265135400.0,14642.0,66600,AUD,2.0
1265142600.0,14642.0,73800,AUD,3.0
1265229000.0,14643.0,73800,AUD,3.0
1265229000.0,14643.0,73800,AUD,3.0
1265308200.0,14644.0,66600,AUD,1.0
1265315400.0,14644.0,73800,AUD,3.0
1265743800.0,14649.0,70200,AUD,2.0
1265747400.0,14649.0,73800,AUD,3.0
1265832000.0,14650.0,72000,AUD,2.0
1265833800.0,14650.0,73800,AUD,3.0
1265833800.0,14650.0,73800,AUD,3.0
1266265800.0,14655.0,73800,AUD,3.0
1266265800.0,14655.0,73800,AUD,2.0
1266270300.0,14655.0,78300,AUD,2.0
1266348600.0,14656.0,70200,AUD,2.0
1266430800.0,14657.0,66000,AUD,2.0
1266438600.0,14657.0,73800,AUD,2.0
1266517800.0,14658.0,66600,AUD,3.0
1266784200.0,14661.0,73800,AUD,2.0
1266894000.0,14663.0,10800,AUD,2.0
1266957000.0,14663.0,73800,AUD,2.0
1266957000.0,14663.0,73800,AUD,2.0
1267038000.0,14664.0,68400,AUD,2.0
1267043400.0,14664.0,73800,AUD,3.0
1267381800.0,14668.0,66600,AUD,1.0
1267382700.0,14668.0,67500,AUD,3.0
1267385400.0,14668.0,70200,AUD,1.0
1267387440.0,14668.0,72240,AUD,2.0
1267389000.0,14668.0,73800,AUD,1.0
1267389000.0,14668.0,73800,AUD,2.0
1267407000.0,14669.0,5400,AUD,2.0
1267475400.0,14669.0,73800,AUD,3.0
1267475400.0,14669.0,73800,AUD,3.0
1267486200.0,14669.0,84600,AUD,3.0
1267554600.0,14670.0,66600,AUD,2.0
1267561800.0,14670.0,73800,AUD,3.0
1267648200.0,14671.0,73800,AUD,3.0
1267727400.0,14672.0,66600,AUD,1.0
1268080200.0,14676.0,73800,AUD,2.0
1268080200.0,14676.0,73800,AUD,2.0
1268157600.0,14677.0,64800,AUD,2.0
1268163000.0,14677.0,70200,AUD,2.0
1268166600.0,14677.0,73800,AUD,3.0
1268251200.0,14678.0,72000,AUD,2.0
1268253000.0,14678.0,73800,AUD,3.0
1268253000.0,14678.0,73800,AUD,1.0
1268253000.0,14678.0,73800,AUD,3.0
1268589600.0,14682.0,64800,AUD,2.0
1268685000.0,14683.0,73800,AUD,3.0
1268767800.0,14684.0,70200,AUD,2.0
1268771400.0,14684.0,73800,AUD,1.0
1268773200.0,14684.0,75600,AUD,2.0
1269203400.0,14689.0,73800,AUD,2.0
1269459600.0,14692.0,70800,AUD,2.0
1269462600.0,14692.0,73800,AUD,2.0
1269540900.0,14693.0,65700,AUD,2.0
1269543600.0,14693.0,68400,AUD,2.0
1269808440.0,14696.0,74040,AUD,2.0
1269886200.0,14697.0,65400,AUD,2.0
1269981000.0,14698.0,73800,AUD,3.0
1269981000.0,14698.0,73800,AUD,2.0
1269981000.0,14698.0,73800,AUD,3.0
1270060200.0,14699.0,66600,AUD,1.0
1270063800.0,14699.0,70200,AUD,1.0
1270067400.0,14699.0,73800,AUD,3.0
1270080060.0,14700.0,60,AUD,1.0
1270085400.0,14700.0,5400,AUD,2.0
1270296000.0,14702.0,43200,AUD,1.0
1270339260.0,14703.0,60,AUD,1.0
1270503000.0,14704.0,77400,AUD,3.0
1270513800.0,14705.0,1800,AUD,3.0
1270513800.0,14705.0,1800,AUD,3.0
1270582200.0,14705.0,70200,AUD,2.0
1270675800.0,14706.0,77400,AUD,3.0
1270675800.0,14706.0,77400,AUD,3.0
1270755000.0,14707.0,70200,AUD,1.0
1271021400.0,14710.0,77400,AUD,3.0
1271107800.0,14711.0,77400,AUD,2.0
1271190600.0,14712.0,73800,AUD,2.0
1271278800.0,14713.0,75600,AUD,2.0
1271712600.0,14718.0,77400,AUD,3.0
1271795400.0,14719.0,73800,AUD,2.0
1271885400.0,14720.0,77400,AUD,2.0
1272153660.0,14724.0,60,AUD,1.0
1272317400.0,14725.0,77400,AUD,2.0
1272317400.0,14725.0,77400,AUD,3.0
1272393000.0,14726.0,66600,AUD,2.0
1272403800.0,14726.0,77400,AUD,3.0
1272403800.0,14726.0,77400,AUD,2.0
1272484800.0,14727.0,72000,AUD,2.0
1272575820.0,14728.0,76620,AUD,2.0
1272576600.0,14728.0,77400,AUD,2.0
1272828600.0,14731.0,70200,AUD,1.0
1272832200.0,14731.0,73800,AUD,1.0
1272835800.0,14731.0,77400,AUD,2.0
1272853800.0,14732.0,9000,AUD,2.0
1272933000.0,14733.0,1800,AUD,3.0
1272933000.0,14733.0,1800,AUD,3.0
1273001400.0,14733.0,70200,AUD,2.0
1273008600.0,14733.0,77400,AUD,3.0
1273095000.0,14734.0,77400,AUD,3.0
1273095000.0,14734.0,77400,AUD,3.0
1273174200.0,14735.0,70200,AUD,1.0
1273181400.0,14735.0,77400,AUD,3.0
1273440600.0,14738.0,77400,AUD,3.0
1273440600.0,14738.0,77400,AUD,2.0
1273555800.0,14740.0,19800,AUD,3.0
1273613400.0,14740.0,77400,AUD,3.0
1274131800.0,14746.0,77400,AUD,3.0
1274214600.0,14747.0,73800,AUD,2.0
1274214600.0,14747.0,73800,AUD,2.0
1274218200.0,14747.0,77400,AUD,2.0
1274302800.0,14748.0,75600,AUD,2.0
1274650200.0,14752.0,77400,AUD,2.0
1274819400.0,14754.0,73800,AUD,1.0
1274823000.0,14754.0,77400,AUD,2.0
1274904000.0,14755.0,72000,AUD,2.0
1274909400.0,14755.0,77400,AUD,3.0
1275251400.0,14759.0,73800,AUD,1.0
1275254340.0,14759.0,76740,AUD,2.0
1275255000.0,14759.0,77400,AUD,1.0
1275255000.0,14759.0,77400,AUD,2.0
1275255000.0,14759.0,77400,AUD,2.0
1275334200.0,14760.0,70200,AUD,1.0
1275341400.0,14760.0,77400,AUD,3.0
1275341400.0,14760.0,77400,AUD,3.0
1275352200.0,14761.0,1800,AUD,3.0
1275352200.0,14761.0,1800,AUD,3.0
1275359400.0,14761.0,9000,AUD,2.0
1275427800.0,14761.0,77400,AUD,3.0
1275507000.0,14762.0,70200,AUD,2.0
1275514200.0,14762.0,77400,AUD,3.0
1275852600.0,14766.0,70200,AUD,1.0
1275859800.0,14766.0,77400,AUD,3.0
1275946200.0,14767.0,77400,AUD,2.0
1276029000.0,14768.0,73800,AUD,2.0
1276032600.0,14768.0,77400,AUD,3.0
1276117200.0,14769.0,75600,AUD,2.0
1276119000.0,14769.0,77400,AUD,3.0
1276119000.0,14769.0,77400,AUD,1.0
1276119000.0,14769.0,77400,AUD,3.0
1276387260.0,14773.0,60,AUD,1.0
1276551000.0,14774.0,77400,AUD,3.0
1276557600.0,14774.0,84000,AUD,2.0
1276633800.0,14775.0,73800,AUD,2.0
1276637400.0,14775.0,77400,AUD,1.0
1277069400.0,14780.0,77400,AUD,2.0
1277323200.0,14783.0,72000,AUD,2.0
1277846040.0,14789.0,76440,AUD,2.0
1277847000.0,14789.0,77400,AUD,2.0
1277926080.0,14790.0,70080,AUD,1.0
1277933400.0,14790.0,77400,AUD,3.0
1277933400.0,14790.0,77400,AUD,3.0
1277951400.0,14791.0,9000,AUD,2.0
1278271800.0,14794.0,70200,AUD,2.0
1278275400.0,14794.0,73800,AUD,1.0
1278279000.0,14794.0,77400,AUD,3.0
1278365400.0,14795.0,77400,AUD,3.0
1278376200.0,14796.0,1800,AUD,3.0
1278376200.0,14796.0,1800,AUD,3.0
1278444480.0,14796.0,70080,AUD,1.0
1278538200.0,14797.0,77400,AUD,3.0
1278538200.0,14797.0,77400,AUD,3.0
1278883800.0,14801.0,77400,AUD,3.0
1278970200.0,14802.0,77400,AUD,2.0
1279053000.0,14803.0,73800,AUD,2.0
1279141200.0,14804.0,75600,AUD,2.0
1279143000.0,14804.0,77400,AUD,2.0
1279575000.0,14809.0,77400,AUD,3.0
1279580700.0,14809.0,83100,AUD,3.0
1279657800.0,14810.0,73800,AUD,2.0
1279747800.0,14811.0,77400,AUD,2.0
1279834200.0,14812.0,77400,AUD,2.0
1280093400.0,14815.0,77400,AUD,3.0
1280174400.0,14816.0,72000,AUD,2.0
1280266200.0,14817.0,77400,AUD,3.0
1280266200.0,14817.0,77400,AUD,2.0
1280439000.0,14819.0,77400,AUD,2.0
1280690880.0,14822.0,70080,AUD,1.0
1280694600.0,14822.0,73800,AUD,1.0
1280696400.0,14822.0,75600,AUD,2.0
1280784600.0,14823.0,77400,AUD,3.0
1280784600.0,14823.0,77400,AUD,3.0
1280795400.0,14824.0,1800,AUD,3.0
1280795400.0,14824.0,1800,AUD,3.0
1280802600.0,14824.0,9000,AUD,2.0
1280863620.0,14824.0,70020,AUD,2.0
1280871000.0,14824.0,77400,AUD,2.0
1280871000.0,14824.0,77400,AUD,3.0
1281036600.0,14826.0,70200,AUD,1.0
1281043800.0,14826.0,77400,AUD,3.0
1281303000.0,14829.0,77400,AUD,3.0
1281303000.0,14829.0,77400,AUD,3.0
1281389400.0,14830.0,77400,AUD,2.0
1281472200.0,14831.0,73800,AUD,2.0
1281560400.0,14832.0,75600,AUD,2.0
1281562200.0,14832.0,77400,AUD,3.0
1281562200.0,14832.0,77400,AUD,3.0
1281907800.0,14836.0,77400,AUD,2.0
1281994200.0,14837.0,77400,AUD,3.0
1282024800.0,14838.0,21600,AUD,3.0
1282077000.0,14838.0,73800,AUD,2.0
1282080600.0,14838.0,77400,AUD,2.0
1282254300.0,14840.0,78300,AUD,2.0
1282262460.0,14841.0,60,AUD,1.0
1282685400.0,14845.0,77400,AUD,2.0
1282766400.0,14846.0,72000,AUD,2.0
1282771800.0,14846.0,77400,AUD,3.0
1283115600.0,14850.0,75600,AUD,2.0
1283117400.0,14850.0,77400,AUD,1.0
1283194800.0,14851.0,68400,AUD,2.0
1283203800.0,14851.0,77400,AUD,3.0
1283203800.0,14851.0,77400,AUD,2.0
1283203800.0,14851.0,77400,AUD,2.0
1283203800.0,14851.0,77400,AUD,3.0
1283282880.0,14852.0,70080,AUD,1.0
1283290200.0,14852.0,77400,AUD,3.0
1283308200.0,14853.0,9000,AUD,2.0
1283376600.0,14853.0,77400,AUD,3.0
1283455740.0,14854.0,70140,AUD,2.0
1283718600.0,14857.0,73800,AUD,1.0
1283722200.0,14857.0,77400,AUD,3.0
1283801280.0,14858.0,70080,AUD,1.0
1283819400.0,14859.0,1800,AUD,3.0
1283819400.0,14859.0,1800,AUD,3.0
1283895000.0,14859.0,77400,AUD,3.0
1283981400.0,14860.0,77400,AUD,3.0
1283981400.0,14860.0,77400,AUD,3.0
1283986800.0,14860.0,82800,AUD,2.0
1284413400.0,14865.0,77400,AUD,2.0
1284496200.0,14866.0,73800,AUD,2.0
1284499800.0,14866.0,77400,AUD,1.0
1284500820.0,14866.0,78420,AUD,2.0
1284584400.0,14867.0,75600,AUD,2.0
1284586200.0,14867.0,77400,AUD,1.0
1284594300.0,14867.0,85500,AUD,2.0
1284939000.0,14871.0,84600,AUD,3.0
1285018200.0,14872.0,77400,AUD,3.0
1285101000.0,14873.0,73800,AUD,2.0
1285704000.0,14880.0,72000,AUD,2.0
1285706520.0,14880.0,74520,AUD,2.0
1285795800.0,14881.0,77400,AUD,3.0
1285795800.0,14881.0,77400,AUD,2.0
1285795800.0,14881.0,77400,AUD,2.0
1285875000.0,14882.0,70200,AUD,1.0
1285900200.0,14883.0,9000,AUD,2.0
1286020800.0,14884.0,43200,AUD,1.0
1286064060.0,14885.0,60,AUD,1.0
1286134200.0,14885.0,70200,AUD,1.0
1286216880.0,14886.0,66480,AUD,2.0
1286224200.0,14886.0,73800,AUD,2.0
1286224200.0,14886.0,73800,AUD,3.0
1286224200.0,14886.0,73800,AUD,3.0
1286235000.0,14886.0,84600,AUD,3.0
1286235000.0,14886.0,84600,AUD,3.0
1286389800.0,14888.0,66600,AUD,1.0
1286397000.0,14888.0,73800,AUD,3.0
1286397000.0,14888.0,73800,AUD,3.0
1286490600.0,14889.0,81000,AUD,2.0
1286742600.0,14892.0,73800,AUD,3.0
1286829000.0,14893.0,73800,AUD,2.0
1286911800.0,14894.0,70200,AUD,2.0
1287000000.0,14895.0,72000,AUD,2.0
1287347400.0,14899.0,73800,AUD,2.0
1287433800.0,14900.0,73800,AUD,3.0
1287516600.0,14901.0,70200,AUD,2.0
1287693000.0,14903.0,73800,AUD,2.0
1287951900.0,14906.0,73500,AUD,3.0
1287952200.0,14906.0,73800,AUD,3.0
1288038600.0,14907.0,73800,AUD,2.0
1288125000.0,14908.0,73800,AUD,3.0
1288125000.0,14908.0,73800,AUD,2.0
1288206000.0,14909.0,68400,AUD,2.0
1288233000.0,14910.0,9000,AUD,1.0
1288296000.0,14910.0,72000,AUD,2.0
1288297800.0,14910.0,73800,AUD,2.0
1288549680.0,14913.0,66480,AUD,1.0
1288553400.0,14913.0,70200,AUD,1.0
1288557000.0,14913.0,73800,AUD,2.0
1288575000.0,14914.0,5400,AUD,2.0
1288654200.0,14914.0,84600,AUD,3.0
1288654200.0,14914.0,84600,AUD,3.0
1288722600.0,14915.0,66600,AUD,2.0
1288729800.0,14915.0,73800,AUD,3.0
1288816200.0,14916.0,73800,AUD,3.0
1288816200.0,14916.0,73800,AUD,3.0
1288895160.0,14917.0,66360,AUD,1.0
1288902600.0,14917.0,73800,AUD,3.0
1289161800.0,14920.0,73800,AUD,2.0
1289248200.0,14921.0,73800,AUD,2.0
1289331000.0,14922.0,70200,AUD,2.0
1289334600.0,14922.0,73800,AUD,3.0
1289419200.0,14923.0,72000,AUD,2.0
1289421000.0,14923.0,73800,AUD,3.0
1289421000.0,14923.0,73800,AUD,3.0
1289766600.0,14927.0,73800,AUD,2.0
1289853000.0,14928.0,73800,AUD,3.0
1289935800.0,14929.0,70200,AUD,2.0
1289939400.0,14929.0,73800,AUD,2.0
1290042300.0,14931.0,3900,AUD,2.0
1290538800.0,14936.0,68400,AUD,2.0
1290544200.0,14936.0,73800,AUD,2.0
1290709800.0,14938.0,66600,AUD,3.0
1290972900.0,14941.0,70500,AUD,2.0
1290976200.0,14941.0,73800,AUD,1.0
1291001400.0,14942.0,12600,AUD,2.0
1291061700.0,14942.0,72900,AUD,2.0
1291062600.0,14942.0,73800,AUD,3.0
1291062600.0,14942.0,73800,AUD,2.0
1291062600.0,14942.0,73800,AUD,2.0
1291141800.0,14943.0,66600,AUD,1.0
1291149000.0,14943.0,73800,AUD,3.0
1291167000.0,14944.0,5400,AUD,2.0
1291235400.0,14944.0,73800,AUD,3.0
1291235400.0,14944.0,73800,AUD,3.0
1291314600.0,14945.0,66600,AUD,2.0
1291577400.0,14948.0,70200,AUD,1.0
1291581000.0,14948.0,73800,AUD,3.0
1291660140.0,14949.0,66540,AUD,1.0
1291678200.0,14949.0,84600,AUD,3.0
1291678200.0,14949.0,84600,AUD,3.0
1291753800.0,14950.0,73800,AUD,3.0
1291785600.0,14951.0,19200,AUD,2.0
1291840200.0,14951.0,73800,AUD,3.0
1291840200.0,14951.0,73800,AUD,3.0
1292175900.0,14955.0,63900,AUD,3.0
1292272200.0,14956.0,73800,AUD,1.0
1292272200.0,14956.0,73800,AUD,2.0
1292355000.0,14957.0,70200,AUD,2.0
1292356800.0,14957.0,72000,AUD,2.0
1292443200.0,14958.0,72000,AUD,2.0
1292445000.0,14958.0,73800,AUD,1.0
1292871600.0,14963.0,68400,AUD,2.0
1292877000.0,14963.0,73800,AUD,3.0
1292959800.0,14964.0,70200,AUD,2.0
1293321660.0,14969.0,60,AUD,1.0
1293408060.0,14970.0,60,AUD,1.0
1293741000.0,14973.0,73800,AUD,2.0
1293926460.0,14976.0,60,AUD,1.0
1294079400.0,14977.0,66600,AUD,1.0
1294104780.0,14978.0,5580,AUD,2.0
1294174680.0,14978.0,75480,AUD,2.0
1294251960.0,14979.0,66360,AUD,2.0
1294259400.0,14979.0,73800,AUD,3.0
1294597800.0,14983.0,66600,AUD,1.0
1294605000.0,14983.0,73800,AUD,3.0
1294691400.0,14984.0,73800,AUD,3.0
1294691400.0,14984.0,73800,AUD,3.0
1294777800.0,14985.0,73800,AUD,3.0
1294864200.0,14986.0,73800,AUD,3.0
1294864200.0,14986.0,73800,AUD,3.0
1295206200.0,14990.0,70200,AUD,1.0
1295209800.0,14990.0,73800,AUD,2.0
1295379000.0,14992.0,70200,AUD,2.0
1295467200.0,14993.0,72000,AUD,2.0
1295555400.0,14994.0,73800,AUD,2.0
1295814600.0,14997.0,73800,AUD,3.0
1295895600.0,14998.0,68400,AUD,2.0
1295901000.0,14998.0,73800,AUD,3.0
1295901000.0,14998.0,73800,AUD,2.0
1295913660.0,14999.0,60,AUD,1.0
1296070200.0,15000.0,70200,AUD,2.0
1296415800.0,15004.0,70200,AUD,1.0
1296419400.0,15004.0,73800,AUD,2.0
1296498300.0,15005.0,66300,AUD,1.0
1296505800.0,15005.0,73800,AUD,2.0
1296505800.0,15005.0,73800,AUD,2.0
1296516600.0,15005.0,84600,AUD,3.0
1296516600.0,15005.0,84600,AUD,3.0
1296523800.0,15006.0,5400,AUD,2.0
1296590400.0,15006.0,72000,AUD,2.0
1296671280.0,15007.0,66480,AUD,2.0
1296678600.0,15007.0,73800,AUD,3.0
1296678600.0,15007.0,73800,AUD,3.0
1296765000.0,15008.0,73800,AUD,3.0
1297017000.0,15011.0,66600,AUD,1.0
1297024200.0,15011.0,73800,AUD,3.0
1297024200.0,15011.0,73800,AUD,3.0
1297110600.0,15012.0,73800,AUD,2.0
1297193400.0,15013.0,70200,AUD,2.0
1297281600.0,15014.0,72000,AUD,2.0
1297283400.0,15014.0,73800,AUD,3.0
1297283400.0,15014.0,73800,AUD,3.0
1297362600.0,15015.0,66600,AUD,3.0
1297629000.0,15018.0,73800,AUD,3.0
1297715400.0,15019.0,73800,AUD,3.0
1297879800.0,15021.0,65400,AUD,2.0
1298320200.0,15026.0,73800,AUD,2.0
1298397600.0,15027.0,64800,AUD,3.0
1298406600.0,15027.0,73800,AUD,2.0
1298406600.0,15027.0,73800,AUD,2.0
1298487600.0,15028.0,68400,AUD,2.0
1298493000.0,15028.0,73800,AUD,3.0
1298835000.0,15032.0,70200,AUD,1.0
1298838600.0,15032.0,73800,AUD,1.0
1298838600.0,15032.0,73800,AUD,2.0
1298917500.0,15033.0,66300,AUD,1.0
1298925000.0,15033.0,73800,AUD,2.0
1298925000.0,15033.0,73800,AUD,3.0
1298935800.0,15033.0,84600,AUD,3.0
1298935800.0,15033.0,84600,AUD,3.0
1298943000.0,15034.0,5400,AUD,2.0
1299009600.0,15034.0,72000,AUD,2.0
1299090540.0,15035.0,66540,AUD,2.0
1299097800.0,15035.0,73800,AUD,3.0
1299097800.0,15035.0,73800,AUD,3.0
1299436200.0,15039.0,66600,AUD,1.0
1299443400.0,15039.0,73800,AUD,3.0
1299529800.0,15040.0,73800,AUD,2.0
1299610800.0,15041.0,68400,AUD,2.0
1299612600.0,15041.0,70200,AUD,2.0
1299616200.0,15041.0,73800,AUD,3.0
1299663900.0,15042.0,35100,AUD,3.0
1299700800.0,15042.0,72000,AUD,2.0
1299702600.0,15042.0,73800,AUD,3.0
1299702600.0,15042.0,73800,AUD,3.0
1299797100.0,15043.0,81900,AUD,2.0
1300125900.0,15047.0,65100,AUD,2.0
1300134600.0,15047.0,73800,AUD,3.0
1300134600.0,15047.0,73800,AUD,2.0
1300217400.0,15048.0,70200,AUD,2.0
1300221000.0,15048.0,73800,AUD,1.0
1300307400.0,15049.0,73800,AUD,1.0
1300906800.0,15056.0,68400,AUD,2.0
1300912200.0,15056.0,73800,AUD,2.0
1300918500.0,15056.0,80100,AUD,2.0
1301335200.0,15061.0,64800,AUD,2.0
1301342400.0,15061.0,72000,AUD,2.0
1301517000.0,15063.0,73800,AUD,3.0
1301517000.0,15063.0,73800,AUD,2.0
1301517000.0,15063.0,73800,AUD,3.0
1301595600.0,15064.0,66000,AUD,1.0
1301621400.0,15065.0,5400,AUD,2.0
1301745600.0,15066.0,43200,AUD,1.0
1301862600.0,15067.0,73800,AUD,1.0
1301866200.0,15067.0,77400,AUD,3.0
1301945220.0,15068.0,70020,AUD,2.0
1301952600.0,15068.0,77400,AUD,3.0
1301963400.0,15069.0,1800,AUD,3.0
1301963400.0,15069.0,1800,AUD,3.0
1302039000.0,15069.0,77400,AUD,3.0
1302118140.0,15070.0,70140,AUD,1.0
1302125400.0,15070.0,77400,AUD,3.0
1302125400.0,15070.0,77400,AUD,3.0
1302557400.0,15075.0,77400,AUD,2.0
1302640200.0,15076.0,73800,AUD,2.0
1302699600.0,15077.0,46800,AUD,3.0
1302728400.0,15077.0,75600,AUD,2.0
1302730200.0,15077.0,77400,AUD,2.0
1303162200.0,15082.0,77400,AUD,3.0
1303245000.0,15083.0,73800,AUD,2.0
1303248600.0,15083.0,77400,AUD,2.0
1303335000.0,15084.0,77400,AUD,2.0
1303335000.0,15084.0,77400,AUD,3.0
1303344060.0,15085.0,60,AUD,1.0
1303603260.0,15088.0,60,AUD,1.0
1303689660.0,15089.0,60,AUD,1.0
1303761600.0,15089.0,72000,AUD,2.0
1303853400.0,15090.0,77400,AUD,3.0
1303853400.0,15090.0,77400,AUD,2.0
1304026200.0,15092.0,77400,AUD,2.0
1304278200.0,15095.0,70200,AUD,1.0
1304281800.0,15095.0,73800,AUD,1.0
1304285400.0,15095.0,77400,AUD,2.0
1304303400.0,15096.0,9000,AUD,2.0
1304382600.0,15097.0,1800,AUD,3.0
1304382600.0,15097.0,1800,AUD,3.0
1304451000.0,15097.0,70200,AUD,2.0
1304456400.0,15097.0,75600,AUD,2.0
1304544600.0,15098.0,77400,AUD,3.0
1304544600.0,15098.0,77400,AUD,3.0
1304623800.0,15099.0,70200,AUD,1.0
1304631000.0,15099.0,77400,AUD,3.0
1304890200.0,15102.0,77400,AUD,3.0
1304890200.0,15102.0,77400,AUD,2.0
1304976600.0,15103.0,77400,AUD,3.0
1305005400.0,15104.0,19800,AUD,3.0
1305149400.0,15105.0,77400,AUD,3.0
1305149400.0,15105.0,77400,AUD,3.0
1305495000.0,15109.0,77400,AUD,3.0
1305495000.0,15109.0,77400,AUD,2.0
1305581400.0,15110.0,77400,AUD,3.0
1305664200.0,15111.0,73800,AUD,2.0
1305667800.0,15111.0,77400,AUD,2.0
1305752400.0,15112.0,75600,AUD,2.0
1306267200.0,15118.0,72000,AUD,2.0
1306269000.0,15118.0,73800,AUD,2.0
1306272600.0,15118.0,77400,AUD,2.0
1306350900.0,15119.0,69300,AUD,2.0
1306359000.0,15119.0,77400,AUD,3.0
1306702800.0,15123.0,75600,AUD,2.0
1306704600.0,15123.0,77400,AUD,2.0
1306791000.0,15124.0,77400,AUD,3.0
1306791000.0,15124.0,77400,AUD,2.0
1306791000.0,15124.0,77400,AUD,2.0
1306870200.0,15125.0,70200,AUD,1.0
1306877400.0,15125.0,77400,AUD,3.0
1306895400.0,15126.0,9000,AUD,2.0
1306963800.0,15126.0,77400,AUD,3.0
1306963800.0,15126.0,77400,AUD,3.0
1307043000.0,15127.0,70200,AUD,2.0
1307305800.0,15130.0,73800,AUD,1.0
1307309400.0,15130.0,77400,AUD,3.0
1307388240.0,15131.0,69840,AUD,1.0
1307406600.0,15132.0,1800,AUD,3.0
1307406600.0,15132.0,1800,AUD,3.0
1307482200.0,15132.0,77400,AUD,3.0
1307568600.0,15133.0,77400,AUD,3.0
1307568600.0,15133.0,77400,AUD,3.0
1307836860.0,15137.0,60,AUD,1.0
1308000600.0,15138.0,77400,AUD,2.0
1308083400.0,15139.0,73800,AUD,2.0
1308087000.0,15139.0,77400,AUD,1.0
1308092400.0,15139.0,82800,AUD,3.0
1308171600.0,15140.0,75600,AUD,2.0
1308173400.0,15140.0,77400,AUD,2.0
1308173400.0,15140.0,77400,AUD,1.0
1308605400.0,15145.0,77400,AUD,3.0
1308688200.0,15146.0,73800,AUD,2.0
1308772800.0,15147.0,72000,AUD,2.0
1308871800.0,15148.0,84600,AUD,2.0
1309208400.0,15152.0,75600,AUD,2.0
1309383000.0,15154.0,77400,AUD,2.0
1309462080.0,15155.0,70080,AUD,1.0
1309467600.0,15155.0,75600,AUD,2.0
1309487400.0,15156.0,9000,AUD,2.0
1309725000.0,15158.0,73800,AUD,1.0
1309728600.0,15158.0,77400,AUD,3.0
1309728600.0,15158.0,77400,AUD,3.0
1309728600.0,15158.0,77400,AUD,3.0
1309807800.0,15159.0,70200,AUD,2.0
1309815000.0,15159.0,77400,AUD,3.0
1309825800.0,15160.0,1800,AUD,3.0
1309825800.0,15160.0,1800,AUD,3.0
1309980300.0,15161.0,69900,AUD,1.0
1309987800.0,15161.0,77400,AUD,3.0
1309987800.0,15161.0,77400,AUD,3.0
1310080500.0,15162.0,83700,AUD,2.0
1310333400.0,15165.0,77400,AUD,3.0
1310419800.0,15166.0,77400,AUD,2.0
1310502600.0,15167.0,73800,AUD,2.0
1310590800.0,15168.0,75600,AUD,2.0
1310938200.0,15172.0,77400,AUD,2.0
1311024600.0,15173.0,77400,AUD,3.0
1311107400.0,15174.0,73800,AUD,2.0
1311197400.0,15175.0,77400,AUD,2.0
1311283800.0,15176.0,77400,AUD,2.0
1311543000.0,15179.0,77400,AUD,3.0
1311553800.0,15180.0,1800,AUD,2.0
1311624000.0,15180.0,72000,AUD,2.0
1311635100.0,15180.0,83100,AUD,3.0
1311715800.0,15181.0,77400,AUD,3.0
1311715800.0,15181.0,77400,AUD,2.0
1311888600.0,15183.0,77400,AUD,2.0
1312070460.0,15186.0,60,AUD,1.0
1312140600.0,15186.0,70200,AUD,1.0
1312144200.0,15186.0,73800,AUD,1.0
1312146000.0,15186.0,75600,AUD,2.0
1312234200.0,15187.0,77400,AUD,3.0
1312234200.0,15187.0,77400,AUD,2.0
1312245000.0,15188.0,1800,AUD,3.0
1312245000.0,15188.0,1800,AUD,3.0
1312252200.0,15188.0,9000,AUD,2.0
1312313400.0,15188.0,70200,AUD,2.0
1312320600.0,15188.0,77400,AUD,3.0
1312320600.0,15188.0,77400,AUD,3.0
1312485780.0,15190.0,69780,AUD,1.0
1312493400.0,15190.0,77400,AUD,3.0
1312752600.0,15193.0,77400,AUD,3.0
1312839000.0,15194.0,77400,AUD,3.0
1312839000.0,15194.0,77400,AUD,2.0
1312921800.0,15195.0,73800,AUD,2.0
1313010000.0,15196.0,75600,AUD,2.0
1313011800.0,15196.0,77400,AUD,3.0
1313011800.0,15196.0,77400,AUD,3.0
1313357400.0,15200.0,77400,AUD,2.0
1313443800.0,15201.0,77400,AUD,3.0
1313526600.0,15202.0,73800,AUD,2.0
1313530200.0,15202.0,77400,AUD,2.0
1314057600.0,15209.0,0,AUD,2.0
1314129600.0,15209.0,72000,AUD,2.0
1314135000.0,15209.0,77400,AUD,2.0
1314300600.0,15211.0,70200,AUD,3.0
1314565200.0,15214.0,75600,AUD,2.0
1314653400.0,15215.0,77400,AUD,3.0
1314739800.0,15216.0,77400,AUD,2.0
1314818580.0,15217.0,69780,AUD,1.0
1314826200.0,15217.0,77400,AUD,3.0
1314826200.0,15217.0,77400,AUD,3.0
1314844200.0,15218.0,9000,AUD,2.0
1315164300.0,15221.0,69900,AUD,2.0
1315168200.0,15221.0,73800,AUD,1.0
1315171800.0,15221.0,77400,AUD,2.0
1315171800.0,15221.0,77400,AUD,2.0
1315258200.0,15222.0,77400,AUD,2.0
1315258200.0,15222.0,77400,AUD,3.0
1315269000.0,15223.0,1800,AUD,3.0
1315269000.0,15223.0,1800,AUD,3.0
1315336920.0,15223.0,69720,AUD,1.0
1315337400.0,15223.0,70200,AUD,3.0
1315344600.0,15223.0,77400,AUD,3.0
1315431000.0,15224.0,77400,AUD,3.0
1315431000.0,15224.0,77400,AUD,3.0
1315776600.0,15228.0,77400,AUD,3.0
1315863000.0,15229.0,77400,AUD,2.0
1315945800.0,15230.0,73800,AUD,2.0
1315949400.0,15230.0,77400,AUD,1.0
1316034000.0,15231.0,75600,AUD,2.0
1316035800.0,15231.0,77400,AUD,2.0
1316035800.0,15231.0,77400,AUD,1.0
1316467800.0,15236.0,77400,AUD,3.0
1316550600.0,15237.0,73800,AUD,2.0
1316596800.0,15238.0,33600,AUD,2.0
1316629800.0,15238.0,66600,AUD,2.0
1316655000.0,15239.0,5400,AUD,1.0
1316721600.0,15239.0,72000,AUD,2.0
1316727000.0,15239.0,77400,AUD,2.0
1317156780.0,15244.0,75180,AUD,2.0
1317470400.0,15248.0,43200,AUD,1.0
1317513660.0,15249.0,60,AUD,1.0
1317579900.0,15249.0,66300,AUD,1.0
1317583800.0,15249.0,70200,AUD,1.0
1317673800.0,15250.0,73800,AUD,3.0
1317673800.0,15250.0,73800,AUD,3.0
1317684600.0,15250.0,84600,AUD,3.0
1317684600.0,15250.0,84600,AUD,3.0
1317691800.0,15251.0,5400,AUD,2.0
1317752520.0,15251.0,66120,AUD,2.0
1317760200.0,15251.0,73800,AUD,3.0
1317925380.0,15253.0,66180,AUD,1.0
1318192200.0,15256.0,73800,AUD,3.0
1318278600.0,15257.0,73800,AUD,2.0
1318361400.0,15258.0,70200,AUD,2.0
1318365000.0,15258.0,73800,AUD,3.0
1318377600.0,15259.0,0,AUD,2.0
1318447800.0,15259.0,70200,AUD,2.0
1318451400.0,15259.0,73800,AUD,3.0
1318451400.0,15259.0,73800,AUD,3.0
1318797000.0,15263.0,73800,AUD,2.0
1318883400.0,15264.0,73800,AUD,3.0
1318962300.0,15265.0,66300,AUD,2.0
1318966200.0,15265.0,70200,AUD,2.0
1319049000.0,15266.0,66600,AUD,2.0
1319056200.0,15266.0,73800,AUD,2.0
1319142600.0,15267.0,73800,AUD,2.0
1319401800.0,15270.0,73800,AUD,3.0
1319482800.0,15271.0,68400,AUD,2.0
1319482800.0,15271.0,68400,AUD,2.0
1319574600.0,15272.0,73800,AUD,3.0
1319574600.0,15272.0,73800,AUD,2.0
1320003000.0,15277.0,70200,AUD,1.0
1320006600.0,15277.0,73800,AUD,2.0
1320085380.0,15278.0,66180,AUD,1.0
1320091200.0,15278.0,72000,AUD,2.0
1320093000.0,15278.0,73800,AUD,2.0
1320103800.0,15278.0,84600,AUD,3.0
1320111900.0,15279.0,6300,AUD,2.0
1320179400.0,15279.0,73800,AUD,3.0
1320258600.0,15280.0,66600,AUD,2.0
1320265800.0,15280.0,73800,AUD,3.0
1320352200.0,15281.0,73800,AUD,3.0
1320603780.0,15284.0,66180,AUD,1.0
1320611400.0,15284.0,73800,AUD,3.0
1320697800.0,15285.0,73800,AUD,2.0
1320697800.0,15285.0,73800,AUD,3.0
1320780600.0,15286.0,70200,AUD,2.0
1320784200.0,15286.0,73800,AUD,3.0
1320863400.0,15287.0,66600,AUD,2.0
1320868800.0,15287.0,72000,AUD,2.0
1320870600.0,15287.0,73800,AUD,3.0
1320870600.0,15287.0,73800,AUD,3.0
1321302600.0,15292.0,73800,AUD,3.0
1321302600.0,15292.0,73800,AUD,2.0
1321385400.0,15293.0,70200,AUD,2.0
1321389000.0,15293.0,73800,AUD,2.0
1321464600.0,15294.0,63000,AUD,3.0
1321830600.0,15298.0,83400,AUD,2.0
1321988400.0,15300.0,68400,AUD,2.0
1321989600.0,15300.0,69600,AUD,2.0
1321993800.0,15300.0,73800,AUD,2.0
1322112300.0,15302.0,19500,AUD,3.0
1322596800.0,15307.0,72000,AUD,2.0
1322598600.0,15307.0,73800,AUD,3.0
1322598600.0,15307.0,73800,AUD,2.0
1322703000.0,15309.0,5400,AUD,2.0
1323022920.0,15312.0,66120,AUD,2.0
1323027000.0,15312.0,70200,AUD,1.0
1323030600.0,15312.0,73800,AUD,3.0
1323030600.0,15312.0,73800,AUD,2.0
1323117000.0,15313.0,73800,AUD,2.0
1323127800.0,15313.0,84600,AUD,3.0
1323127800.0,15313.0,84600,AUD,3.0
1323195660.0,15314.0,66060,AUD,1.0
1323203400.0,15314.0,73800,AUD,3.0
1323289800.0,15315.0,73800,AUD,3.0
1323289800.0,15315.0,73800,AUD,3.0
1323314400.0,15316.0,12000,AUD,2.0
1323635400.0,15319.0,73800,AUD,3.0
1323635400.0,15319.0,73800,AUD,3.0
1323721800.0,15320.0,73800,AUD,1.0
1323721800.0,15320.0,73800,AUD,2.0
1323804600.0,15321.0,70200,AUD,2.0
1323811800.0,15321.0,77400,AUD,2.0
1323892680.0,15322.0,71880,AUD,2.0
1323894600.0,15322.0,73800,AUD,2.0
1323894600.0,15322.0,73800,AUD,1.0
1324321200.0,15327.0,68400,AUD,2.0
1324326600.0,15327.0,73800,AUD,3.0
1324409400.0,15328.0,70200,AUD,2.0
1324771260.0,15333.0,60,AUD,1.0
1324857660.0,15334.0,60,AUD,1.0
1325190600.0,15337.0,73800,AUD,2.0
1325376060.0,15340.0,60,AUD,1.0
1325529000.0,15341.0,66600,AUD,1.0
1325554200.0,15342.0,5400,AUD,2.0
1325701800.0,15343.0,66600,AUD,2.0
1325709000.0,15343.0,73800,AUD,3.0
1326046920.0,15347.0,66120,AUD,1.0
1326051720.0,15347.0,70920,AUD,2.0
1326054600.0,15347.0,73800,AUD,3.0
1326141000.0,15348.0,73800,AUD,3.0
1326655800.0,15354.0,70200,AUD,1.0
1326659400.0,15354.0,73800,AUD,3.0
1326659400.0,15354.0,73800,AUD,3.0
1326828600.0,15356.0,70200,AUD,2.0
1326832200.0,15356.0,73800,AUD,2.0
1326916800.0,15357.0,72000,AUD,2.0
1326918600.0,15357.0,73800,AUD,3.0
1326918600.0,15357.0,73800,AUD,3.0
1327005000.0,15358.0,73800,AUD,2.0
1327264200.0,15361.0,73800,AUD,3.0
1327345200.0,15362.0,68400,AUD,2.0
1327433400.0,15363.0,70200,AUD,2.0
1327437000.0,15363.0,73800,AUD,3.0
1327437000.0,15363.0,73800,AUD,2.0
1327449660.0,15364.0,60,AUD,1.0
1327955400.0,15369.0,73800,AUD,2.0
1327955400.0,15369.0,73800,AUD,2.0
1328034120.0,15370.0,66120,AUD,1.0
1328040000.0,15370.0,72000,AUD,2.0
1328041800.0,15370.0,73800,AUD,2.0
1328059800.0,15371.0,5400,AUD,2.0
1328128200.0,15371.0,73800,AUD,3.0
1328128200.0,15371.0,73800,AUD,3.0
1328206800.0,15372.0,66000,AUD,2.0
1328470200.0,15375.0,70200,AUD,1.0
1328473800.0,15375.0,73800,AUD,2.0
1328473800.0,15375.0,73800,AUD,3.0
1328552520.0,15376.0,66120,AUD,1.0
1328571000.0,15376.0,84600,AUD,3.0
1328571000.0,15376.0,84600,AUD,3.0
1328733000.0,15378.0,73800,AUD,2.0
1328819400.0,15379.0,73800,AUD,3.0
1329078600.0,15382.0,73800,AUD,3.0
1329155100.0,15383.0,63900,AUD,2.0
1329165000.0,15383.0,73800,AUD,2.0
1329247800.0,15384.0,70200,AUD,2.0
1329251400.0,15384.0,73800,AUD,2.0
1329329400.0,15385.0,65400,AUD,2.0
1329335880.0,15385.0,71880,AUD,2.0
1329337800.0,15385.0,73800,AUD,3.0
1329337800.0,15385.0,73800,AUD,3.0
1329769800.0,15390.0,73800,AUD,3.0
1329777000.0,15390.0,81000,AUD,3.0
1329850800.0,15391.0,68400,AUD,2.0
1329852600.0,15391.0,70200,AUD,2.0
1329856200.0,15391.0,73800,AUD,2.0
1330021800.0,15393.0,66600,AUD,3.0
1330459200.0,15398.0,72000,AUD,2.0
1330461000.0,15398.0,73800,AUD,2.0
1330461000.0,15398.0,73800,AUD,2.0
1330461000.0,15398.0,73800,AUD,3.0
1330539720.0,15399.0,66120,AUD,1.0
1330547400.0,15399.0,73800,AUD,3.0
1330547400.0,15399.0,73800,AUD,3.0
1330565400.0,15400.0,5400,AUD,1.0
1330885320.0,15403.0,66120,AUD,2.0
1330889400.0,15403.0,70200,AUD,1.0
1330893000.0,15403.0,73800,AUD,3.0
1330893000.0,15403.0,73800,AUD,2.0
1330979400.0,15404.0,73800,AUD,2.0
1330990200.0,15404.0,84600,AUD,3.0
1330990200.0,15404.0,84600,AUD,3.0
1331055000.0,15405.0,63000,AUD,2.0
1331058120.0,15405.0,66120,AUD,1.0
1331065800.0,15405.0,73800,AUD,3.0
1331152200.0,15406.0,73800,AUD,3.0
1331152200.0,15406.0,73800,AUD,3.0
1331238600.0,15407.0,73800,AUD,3.0
1331584200.0,15411.0,73800,AUD,3.0
1331584200.0,15411.0,73800,AUD,2.0
1331667000.0,15412.0,70200,AUD,2.0
1331670600.0,15412.0,73800,AUD,1.0
1331755200.0,15413.0,72000,AUD,2.0
1331757000.0,15413.0,73800,AUD,2.0
1331757000.0,15413.0,73800,AUD,1.0
1332104400.0,15417.0,75600,AUD,3.0
1332183600.0,15418.0,68400,AUD,2.0
1332189000.0,15418.0,73800,AUD,3.0
1332199800.0,15418.0,84600,AUD,2.0
1332271800.0,15419.0,70200,AUD,2.0
1332353400.0,15420.0,65400,AUD,2.0
1332785700.0,15425.0,65700,AUD,2.0
1332880200.0,15426.0,73800,AUD,2.0
1333065600.0,15429.0,0,AUD,2.0
1333195200.0,15430.0,43200,AUD,1.0
1333308060.0,15431.0,69660,AUD,1.0
1333312200.0,15431.0,73800,AUD,1.0
1333315800.0,15431.0,77400,AUD,3.0
1333333800.0,15432.0,9000,AUD,1.0
1333402200.0,15432.0,77400,AUD,3.0
1333413000.0,15433.0,1800,AUD,3.0
1333413000.0,15433.0,1800,AUD,3.0
1333480920.0,15433.0,69720,AUD,2.0
1333488600.0,15433.0,77400,AUD,3.0
1333584060.0,15435.0,60,AUD,1.0
1333843260.0,15438.0,60,AUD,1.0
1333999260.0,15439.0,69660,AUD,1.0
1334007000.0,15439.0,77400,AUD,2.0
1334007000.0,15439.0,77400,AUD,2.0
1334089800.0,15440.0,73800,AUD,2.0
1334093400.0,15440.0,77400,AUD,2.0
1334177940.0,15441.0,75540,AUD,2.0
1334179800.0,15441.0,77400,AUD,3.0
1334179800.0,15441.0,77400,AUD,3.0
1334611800.0,15446.0,77400,AUD,3.0
1334611800.0,15446.0,77400,AUD,2.0
1334694600.0,15447.0,73800,AUD,2.0
1334784600.0,15448.0,77400,AUD,2.0
1334871000.0,15449.0,77400,AUD,2.0
1335130200.0,15452.0,77400,AUD,3.0
1335216600.0,15453.0,77400,AUD,3.0
1335216600.0,15453.0,77400,AUD,2.0
1335225660.0,15454.0,60,AUD,1.0
1335384000.0,15455.0,72000,AUD,2.0
1335731400.0,15459.0,73800,AUD,1.0
1335733200.0,15459.0,75600,AUD,2.0
1335735000.0,15459.0,77400,AUD,2.0
1335813600.0,15460.0,69600,AUD,1.0
1335821400.0,15460.0,77400,AUD,2.0
1335832200.0,15461.0,1800,AUD,3.0
1335832200.0,15461.0,1800,AUD,3.0
1335839400.0,15461.0,9000,AUD,1.0
1335986340.0,15462.0,69540,AUD,2.0
1336080600.0,15463.0,77400,AUD,3.0
1336332000.0,15466.0,69600,AUD,1.0
1336339800.0,15466.0,77400,AUD,2.0
1336339800.0,15466.0,77400,AUD,3.0
1336339800.0,15466.0,77400,AUD,2.0
1336339800.0,15466.0,77400,AUD,3.0
1336426200.0,15467.0,77400,AUD,3.0
1336455000.0,15468.0,19800,AUD,3.0
1336599000.0,15469.0,77400,AUD,3.0
1336599000.0,15469.0,77400,AUD,3.0
1336944600.0,15473.0,77400,AUD,2.0
1336947900.0,15473.0,80700,AUD,2.0
1337031000.0,15474.0,77400,AUD,3.0
1337031000.0,15474.0,77400,AUD,2.0
1337113800.0,15475.0,73800,AUD,2.0
1337117400.0,15475.0,77400,AUD,2.0
1337201940.0,15476.0,75540,AUD,2.0
1337716800.0,15482.0,72000,AUD,2.0
1337718600.0,15482.0,73800,AUD,2.0
1338145800.0,15487.0,69000,AUD,3.0
1338238800.0,15488.0,75600,AUD,2.0
1338327000.0,15489.0,77400,AUD,2.0
1338327000.0,15489.0,77400,AUD,3.0
1338413400.0,15490.0,77400,AUD,3.0
1338413400.0,15490.0,77400,AUD,3.0
1338413400.0,15490.0,77400,AUD,2.0
1338492000.0,15491.0,69600,AUD,1.0
1338517800.0,15492.0,9000,AUD,1.0
1338755400.0,15494.0,73800,AUD,1.0
1338759000.0,15494.0,77400,AUD,2.0
1338759000.0,15494.0,77400,AUD,2.0
1338837600.0,15495.0,69600,AUD,2.0
1338845400.0,15495.0,77400,AUD,2.0
1338856200.0,15496.0,1800,AUD,3.0
1338856200.0,15496.0,1800,AUD,3.0
1338931800.0,15496.0,77400,AUD,3.0
1339010340.0,15497.0,69540,AUD,1.0
1339018200.0,15497.0,77400,AUD,3.0
1339018200.0,15497.0,77400,AUD,3.0
1339104600.0,15498.0,77400,AUD,2.0
1339104600.0,15498.0,77400,AUD,3.0
1339111800.0,15498.0,84600,AUD,3.0
1339286460.0,15501.0,60,AUD,1.0
1339450200.0,15502.0,77400,AUD,2.0
1339528200.0,15503.0,69000,AUD,3.0
1339533000.0,15503.0,73800,AUD,2.0
1339622460.0,15504.0,76860,AUD,2.0
1339968600.0,15508.0,77400,AUD,2.0
1340055000.0,15509.0,77400,AUD,3.0
1340136000.0,15510.0,72000,AUD,2.0
1340137800.0,15510.0,73800,AUD,2.0
1340141400.0,15510.0,77400,AUD,1.0
1340227800.0,15511.0,77400,AUD,1.0
1340668200.0,15516.0,85800,AUD,2.0
1340830800.0,15518.0,75600,AUD,2.0
1340919000.0,15519.0,77400,AUD,2.0
1341170340.0,15522.0,69540,AUD,1.0
1341174600.0,15522.0,73800,AUD,1.0
1341196200.0,15523.0,9000,AUD,1.0
1341264600.0,15523.0,77400,AUD,3.0
1341275400.0,15524.0,1800,AUD,3.0
1341275400.0,15524.0,1800,AUD,3.0
1341343500.0,15524.0,69900,AUD,2.0
1341351000.0,15524.0,77400,AUD,3.0
1341437400.0,15525.0,77400,AUD,3.0
1341516000.0,15526.0,69600,AUD,1.0
1341783000.0,15529.0,77400,AUD,2.0
1341869400.0,15530.0,77400,AUD,2.0
1341946800.0,15531.0,68400,AUD,2.0
1341952200.0,15531.0,73800,AUD,2.0
1341955800.0,15531.0,77400,AUD,2.0
1342036800.0,15532.0,72000,AUD,2.0
1342040400.0,15532.0,75600,AUD,2.0
1342042200.0,15532.0,77400,AUD,3.0
1342042200.0,15532.0,77400,AUD,3.0
1342474200.0,15537.0,77400,AUD,3.0
1342474200.0,15537.0,77400,AUD,2.0
1342557000.0,15538.0,73800,AUD,2.0
1342647000.0,15539.0,77400,AUD,2.0
1342725300.0,15540.0,69300,AUD,2.0
1342733400.0,15540.0,77400,AUD,2.0
1342992600.0,15543.0,77400,AUD,3.0
1343084700.0,15544.0,83100,AUD,3.0
1343160000.0,15545.0,72000,AUD,2.0
1343165400.0,15545.0,77400,AUD,3.0
1343165400.0,15545.0,77400,AUD,2.0
1343595600.0,15550.0,75600,AUD,2.0
1343683800.0,15551.0,77400,AUD,3.0
1343683800.0,15551.0,77400,AUD,2.0
1343762460.0,15552.0,69660,AUD,1.0
1343770200.0,15552.0,77400,AUD,2.0
1343788200.0,15553.0,9000,AUD,1.0
1343856600.0,15553.0,77400,AUD,3.0
1343856600.0,15553.0,77400,AUD,3.0
1343935740.0,15554.0,70140,AUD,2.0
1344124860.0,15557.0,60,AUD,1.0
1344198600.0,15557.0,73800,AUD,1.0
1344202200.0,15557.0,77400,AUD,2.0
1344281400.0,15558.0,70200,AUD,1.0
1344299400.0,15559.0,1800,AUD,3.0
1344299400.0,15559.0,1800,AUD,3.0
1344375000.0,15559.0,77400,AUD,2.0
1344461400.0,15560.0,77400,AUD,3.0
1344461400.0,15560.0,77400,AUD,3.0
1344547800.0,15561.0,77400,AUD,3.0
1344893400.0,15565.0,77400,AUD,2.0
1344893400.0,15565.0,77400,AUD,2.0
1344976200.0,15566.0,73800,AUD,2.0
1344979800.0,15566.0,77400,AUD,2.0
1345064340.0,15567.0,75540,AUD,2.0
1345081500.0,15568.0,6300,AUD,2.0
1345498200.0,15572.0,77400,AUD,3.0
1345581000.0,15573.0,73800,AUD,2.0
1345750200.0,15575.0,70200,AUD,3.0
1345752000.0,15575.0,72000,AUD,2.0
1346100900.0,15579.0,75300,AUD,2.0
1346189400.0,15580.0,77400,AUD,2.0
1346275800.0,15581.0,77400,AUD,3.0
1346275800.0,15581.0,77400,AUD,3.0
1346362200.0,15582.0,77400,AUD,2.0
1346614200.0,15585.0,70200,AUD,1.0
1346617800.0,15585.0,73800,AUD,1.0
1346621400.0,15585.0,77400,AUD,2.0
1346621400.0,15585.0,77400,AUD,2.0
1346621400.0,15585.0,77400,AUD,3.0
1346639400.0,15586.0,9000,AUD,1.0
1346707800.0,15586.0,77400,AUD,2.0
1346718600.0,15587.0,1800,AUD,3.0
1346718600.0,15587.0,1800,AUD,3.0
1346786940.0,15587.0,70140,AUD,2.0
1346794200.0,15587.0,77400,AUD,3.0
1346880600.0,15588.0,77400,AUD,3.0
1346880600.0,15588.0,77400,AUD,3.0
1346959800.0,15589.0,70200,AUD,1.0
1346967000.0,15589.0,77400,AUD,3.0
1347226200.0,15592.0,77400,AUD,2.0
1347312600.0,15593.0,77400,AUD,2.0
1347395400.0,15594.0,73800,AUD,2.0
1347399000.0,15594.0,77400,AUD,1.0
1347483540.0,15595.0,75540,AUD,2.0
1347485400.0,15595.0,77400,AUD,1.0
1347831000.0,15599.0,77400,AUD,2.0
1347917400.0,15600.0,77400,AUD,3.0
1347922800.0,15600.0,82800,AUD,2.0
1348000200.0,15601.0,73800,AUD,2.0
1348001400.0,15601.0,75000,AUD,2.0
1348104660.0,15603.0,5460,AUD,1.0
1348171200.0,15603.0,72000,AUD,2.0
1348522200.0,15607.0,77400,AUD,2.0
1348547400.0,15608.0,16200,AUD,2.0
1348781400.0,15610.0,77400,AUD,2.0
1348963260.0,15613.0,60,AUD,1.0
1349033280.0,15613.0,70080,AUD,1.0
1349037000.0,15613.0,73800,AUD,1.0
1349137800.0,15615.0,1800,AUD,3.0
1349137800.0,15615.0,1800,AUD,3.0
1349145000.0,15615.0,9000,AUD,1.0
1349206080.0,15615.0,70080,AUD,2.0
1349211600.0,15615.0,75600,AUD,2.0
1349213400.0,15615.0,77400,AUD,3.0
1349299800.0,15616.0,77400,AUD,3.0
1349299800.0,15616.0,77400,AUD,3.0
1349378940.0,15617.0,70140,AUD,1.0
1349524800.0,15619.0,43200,AUD,1.0
1349636400.0,15620.0,68400,AUD,3.0
1349641800.0,15620.0,73800,AUD,2.0
1349728200.0,15621.0,73800,AUD,2.0
1349730000.0,15621.0,75600,AUD,2.0
1349811000.0,15622.0,70200,AUD,2.0
1349899200.0,15623.0,72000,AUD,2.0
1349901000.0,15623.0,73800,AUD,3.0
1349901000.0,15623.0,73800,AUD,3.0
1350246600.0,15627.0,73800,AUD,2.0
1350246600.0,15627.0,73800,AUD,2.0
1350333000.0,15628.0,73800,AUD,3.0
1350415800.0,15629.0,70200,AUD,2.0
1350505800.0,15630.0,73800,AUD,2.0
1350859800.0,15634.0,82200,AUD,2.0
1350928800.0,15635.0,64800,AUD,2.0
1351020600.0,15636.0,70200,AUD,3.0
1351020600.0,15636.0,70200,AUD,2.0
1351537200.0,15642.0,68400,AUD,2.0
1351569300.0,15643.0,14100,AUD,2.0
1351625400.0,15643.0,70200,AUD,3.0
1351625400.0,15643.0,70200,AUD,2.0
1351703760.0,15644.0,62160,AUD,1.0
1351711800.0,15644.0,70200,AUD,2.0
1351729800.0,15645.0,1800,AUD,1.0
1351798200.0,15645.0,70200,AUD,3.0
1352050200.0,15648.0,63000,AUD,2.0
1352053800.0,15648.0,66600,AUD,1.0
1352057400.0,15648.0,70200,AUD,2.0
1352057400.0,15648.0,70200,AUD,3.0
1352057400.0,15648.0,70200,AUD,3.0
1352143800.0,15649.0,70200,AUD,2.0
1352154600.0,15649.0,81000,AUD,3.0
1352154600.0,15649.0,81000,AUD,3.0
1352222520.0,15650.0,62520,AUD,1.0
1352316600.0,15651.0,70200,AUD,3.0
1352316600.0,15651.0,70200,AUD,3.0
1352403000.0,15652.0,70200,AUD,3.0
1352662200.0,15655.0,70200,AUD,2.0
1352748600.0,15656.0,70200,AUD,2.0
1352831400.0,15657.0,66600,AUD,2.0
1352835000.0,15657.0,70200,AUD,2.0
1352919600.0,15658.0,68400,AUD,2.0
1352921400.0,15658.0,70200,AUD,2.0
1353348000.0,15663.0,64800,AUD,2.0
1353353400.0,15663.0,70200,AUD,3.0
1353376800.0,15664.0,7200,AUD,3.0
1353436200.0,15664.0,66600,AUD,2.0
1354044600.0,15671.0,70200,AUD,2.0
1354129200.0,15672.0,68400,AUD,2.0
1354131000.0,15672.0,70200,AUD,3.0
1354217400.0,15673.0,70200,AUD,2.0
1354468680.0,15676.0,62280,AUD,1.0
1354473000.0,15676.0,66600,AUD,2.0
1354476600.0,15676.0,70200,AUD,2.0
1354476600.0,15676.0,70200,AUD,2.0
1354476600.0,15676.0,70200,AUD,3.0
1354494600.0,15677.0,1800,AUD,1.0
1354563000.0,15677.0,70200,AUD,3.0
1354563000.0,15677.0,70200,AUD,2.0
1354573800.0,15677.0,81000,AUD,3.0
1354573800.0,15677.0,81000,AUD,3.0
1354641840.0,15678.0,62640,AUD,2.0
1354649400.0,15678.0,70200,AUD,3.0
1354681200.0,15679.0,15600,AUD,2.0
1354730400.0,15679.0,64800,AUD,2.0
1354735800.0,15679.0,70200,AUD,3.0
1354735800.0,15679.0,70200,AUD,3.0
1354815000.0,15680.0,63000,AUD,1.0
1354822200.0,15680.0,70200,AUD,3.0
1355081400.0,15683.0,70200,AUD,2.0
1355167800.0,15684.0,70200,AUD,2.0
1355250600.0,15685.0,66600,AUD,2.0
1355268600.0,15685.0,84600,AUD,3.0
1355338800.0,15686.0,68400,AUD,2.0
1355340600.0,15686.0,70200,AUD,2.0
1355684400.0,15690.0,68400,AUD,2.0
1355767200.0,15691.0,64800,AUD,2.0
1355772600.0,15691.0,70200,AUD,3.0
1355855400.0,15692.0,66600,AUD,1.0
1355945400.0,15693.0,70200,AUD,1.0
1356307260.0,15698.0,60,AUD,1.0
1356393660.0,15699.0,60,AUD,1.0
1356895800.0,15704.0,70200,AUD,2.0
1356912060.0,15705.0,60,AUD,1.0
1357061400.0,15706.0,63000,AUD,1.0
1357086600.0,15707.0,1800,AUD,1.0
1357234200.0,15708.0,63000,AUD,2.0
1357579800.0,15712.0,63000,AUD,1.0
1357587000.0,15712.0,70200,AUD,3.0
1357672140.0,15713.0,68940,AUD,2.0
1357673400.0,15713.0,70200,AUD,3.0
1357759800.0,15714.0,70200,AUD,3.0
1358101800.0,15718.0,66600,AUD,1.0
1358105400.0,15718.0,70200,AUD,2.0
1358105400.0,15718.0,70200,AUD,1.0
1358274600.0,15720.0,66600,AUD,2.0
1358278200.0,15720.0,70200,AUD,2.0
1358362740.0,15721.0,68340,AUD,2.0
1358364600.0,15721.0,70200,AUD,3.0
1358364600.0,15721.0,70200,AUD,3.0
1358879400.0,15727.0,66600,AUD,1.0
1358883000.0,15727.0,70200,AUD,3.0
1358883000.0,15727.0,70200,AUD,2.0
1359244860.0,15732.0,60,AUD,1.0
1359396000.0,15733.0,64800,AUD,2.0
1359401400.0,15733.0,70200,AUD,2.0
1359572400.0,15735.0,68400,AUD,2.0
1359574200.0,15735.0,70200,AUD,2.0
1359574200.0,15735.0,70200,AUD,2.0
1359653400.0,15736.0,63000,AUD,1.0
1359660600.0,15736.0,70200,AUD,3.0
1359678600.0,15737.0,1800,AUD,1.0
1359916200.0,15739.0,66600,AUD,1.0
1359919800.0,15739.0,70200,AUD,2.0
1359919800.0,15739.0,70200,AUD,3.0
1359999000.0,15740.0,63000,AUD,1.0
1360006200.0,15740.0,70200,AUD,2.0
1360006200.0,15740.0,70200,AUD,3.0
1360017000.0,15740.0,81000,AUD,3.0
1360017000.0,15740.0,81000,AUD,3.0
1360092600.0,15741.0,70200,AUD,3.0
1360171800.0,15742.0,63000,AUD,1.0
1360179000.0,15742.0,70200,AUD,3.0
1360179000.0,15742.0,70200,AUD,2.0
1360179000.0,15742.0,70200,AUD,3.0
1360265400.0,15743.0,70200,AUD,3.0
1360524600.0,15746.0,70200,AUD,1.0
1360611000.0,15747.0,70200,AUD,2.0
1360693800.0,15748.0,66600,AUD,2.0
1360782000.0,15749.0,68400,AUD,2.0
1361129400.0,15753.0,70200,AUD,2.0
1361215800.0,15754.0,70200,AUD,3.0
1361296800.0,15755.0,64800,AUD,2.0
1361298600.0,15755.0,66600,AUD,1.0
1361302200.0,15755.0,70200,AUD,2.0
1361467800.0,15757.0,63000,AUD,3.0
1361808900.0,15761.0,58500,AUD,2.0
1361907000.0,15762.0,70200,AUD,2.0
1361991600.0,15763.0,68400,AUD,2.0
1361993400.0,15763.0,70200,AUD,3.0
1361993400.0,15763.0,70200,AUD,2.0
1362072240.0,15764.0,62640,AUD,1.0
1362097800.0,15765.0,1800,AUD,1.0
1362335400.0,15767.0,66600,AUD,1.0
1362339000.0,15767.0,70200,AUD,2.0
1362339000.0,15767.0,70200,AUD,3.0
1362339000.0,15767.0,70200,AUD,2.0
1362417900.0,15768.0,62700,AUD,1.0
1362425400.0,15768.0,70200,AUD,2.0
1362425400.0,15768.0,70200,AUD,3.0
1362436200.0,15768.0,81000,AUD,3.0
1362436200.0,15768.0,81000,AUD,3.0
1362511800.0,15769.0,70200,AUD,3.0
1362590760.0,15770.0,62760,AUD,1.0
1362598200.0,15770.0,70200,AUD,3.0
1363033800.0,15775.0,73800,AUD,2.0
1363116600.0,15776.0,70200,AUD,2.0
1363120200.0,15776.0,73800,AUD,2.0
1363204800.0,15777.0,72000,AUD,2.0
1363206600.0,15777.0,73800,AUD,3.0
1363206600.0,15777.0,73800,AUD,3.0
1363230000.0,15778.0,10800,AUD,2.0
1363552500.0,15781.0,74100,AUD,2.0
1363630500.0,15782.0,65700,AUD,2.0
1363632600.0,15782.0,67800,AUD,2.0
1363638600.0,15782.0,73800,AUD,3.0
1363721400.0,15783.0,70200,AUD,1.0
1363811400.0,15784.0,73800,AUD,1.0
1363892400.0,15785.0,68400,AUD,2.0
1363902300.0,15785.0,78300,AUD,2.0
1364258700.0,15790.0,2700,AUD,3.0
1364329800.0,15790.0,73800,AUD,2.0
1364412600.0,15791.0,70200,AUD,1.0
1364416200.0,15791.0,73800,AUD,2.0
1364428860.0,15792.0,60,AUD,1.0
1364688060.0,15795.0,60,AUD,1.0
1364841000.0,15796.0,66600,AUD,1.0
1364859000.0,15796.0,84600,AUD,3.0
1364859000.0,15796.0,84600,AUD,3.0
1364866200.0,15797.0,5400,AUD,1.0
1364932800.0,15797.0,72000,AUD,2.0
1364934600.0,15797.0,73800,AUD,3.0
1365013800.0,15798.0,66600,AUD,1.0
1365021000.0,15798.0,73800,AUD,3.0
1365021000.0,15798.0,73800,AUD,3.0
1365249600.0,15801.0,43200,AUD,1.0
1365363000.0,15802.0,70200,AUD,1.0
1365370200.0,15802.0,77400,AUD,2.0
1365456600.0,15803.0,77400,AUD,2.0
1365539400.0,15804.0,73800,AUD,2.0
1365627600.0,15805.0,75600,AUD,2.0
1365629400.0,15805.0,77400,AUD,3.0
1365629400.0,15805.0,77400,AUD,3.0
1365975000.0,15809.0,77400,AUD,2.0
1366061400.0,15810.0,77400,AUD,3.0
1366061400.0,15810.0,77400,AUD,2.0
1366066500.0,15810.0,82500,AUD,2.0
1366144200.0,15811.0,73800,AUD,1.0
1366234200.0,15812.0,77400,AUD,2.0
1366660800.0,15817.0,72000,AUD,2.0
1366752600.0,15818.0,77400,AUD,3.0
1366752600.0,15818.0,77400,AUD,2.0
1366759800.0,15818.0,84600,AUD,2.0
1366761660.0,15819.0,60,AUD,1.0
1367271000.0,15824.0,77400,AUD,2.0
1367350200.0,15825.0,70200,AUD,1.0
1367355600.0,15825.0,75600,AUD,2.0
1367364300.0,15825.0,84300,AUD,2.0
1367375400.0,15826.0,9000,AUD,1.0
1367443800.0,15826.0,77400,AUD,3.0
1367443800.0,15826.0,77400,AUD,2.0
1367523000.0,15827.0,70200,AUD,1.0
1367530200.0,15827.0,77400,AUD,3.0
1367785800.0,15830.0,73800,AUD,1.0
1367789400.0,15830.0,77400,AUD,2.0
1367789400.0,15830.0,77400,AUD,3.0
1367868480.0,15831.0,70080,AUD,1.0
1367875800.0,15831.0,77400,AUD,2.0
1367875800.0,15831.0,77400,AUD,3.0
1367886600.0,15832.0,1800,AUD,3.0
1367886600.0,15832.0,1800,AUD,3.0
1368048600.0,15833.0,77400,AUD,3.0
1368048600.0,15833.0,77400,AUD,3.0
1368135000.0,15834.0,77400,AUD,3.0
1368394200.0,15837.0,77400,AUD,2.0
1368394200.0,15837.0,77400,AUD,2.0
1368509400.0,15839.0,19800,AUD,3.0
1368567000.0,15839.0,77400,AUD,2.0
1368567000.0,15839.0,77400,AUD,2.0
1369080000.0,15845.0,72000,AUD,2.0
1369085400.0,15845.0,77400,AUD,3.0
1369168200.0,15846.0,73800,AUD,2.0
1369256400.0,15847.0,75600,AUD,2.0
1369773000.0,15853.0,73800,AUD,1.0
1369775280.0,15853.0,76080,AUD,2.0
1369776600.0,15853.0,77400,AUD,2.0
1369863000.0,15854.0,77400,AUD,3.0
1369863000.0,15854.0,77400,AUD,3.0
1369949400.0,15855.0,77400,AUD,2.0
1370201400.0,15858.0,70200,AUD,1.0
1370205000.0,15858.0,73800,AUD,1.0
1370208600.0,15858.0,77400,AUD,2.0
1370208600.0,15858.0,77400,AUD,2.0
1370208600.0,15858.0,77400,AUD,3.0
1370226600.0,15859.0,9000,AUD,1.0
1370295000.0,15859.0,77400,AUD,2.0
1370305800.0,15860.0,1800,AUD,3.0
1370305800.0,15860.0,1800,AUD,3.0
1370374200.0,15860.0,70200,AUD,1.0
1370381400.0,15860.0,77400,AUD,3.0
1370467800.0,15861.0,77400,AUD,3.0
1370547000.0,15862.0,70200,AUD,1.0
1370736060.0,15865.0,60,AUD,1.0
1370899800.0,15866.0,77400,AUD,2.0
1370899800.0,15866.0,77400,AUD,2.0
1370982600.0,15867.0,73800,AUD,2.0
1371070800.0,15868.0,75600,AUD,2.0
1371072600.0,15868.0,77400,AUD,3.0
1371072600.0,15868.0,77400,AUD,3.0
1371418200.0,15872.0,77400,AUD,2.0
1371504600.0,15873.0,77400,AUD,3.0
1371585600.0,15874.0,72000,AUD,2.0
1371587400.0,15874.0,73800,AUD,1.0
1371677400.0,15875.0,77400,AUD,1.0
1372368600.0,15883.0,77400,AUD,2.0
1372620600.0,15886.0,70200,AUD,1.0
1372624200.0,15886.0,73800,AUD,1.0
1372645800.0,15887.0,9000,AUD,1.0
1372725000.0,15888.0,1800,AUD,3.0
1372725000.0,15888.0,1800,AUD,3.0
1372793400.0,15888.0,70200,AUD,1.0
1372798800.0,15888.0,75600,AUD,2.0
1372800600.0,15888.0,77400,AUD,3.0
1372800600.0,15888.0,77400,AUD,3.0
1372805700.0,15888.0,82500,AUD,3.0
1372887000.0,15889.0,77400,AUD,3.0
1372890600.0,15889.0,81000,AUD,2.0
1372966200.0,15890.0,70200,AUD,1.0
1373232600.0,15893.0,77400,AUD,2.0
1373319000.0,15894.0,77400,AUD,2.0
1373401800.0,15895.0,73800,AUD,3.0
1373427600.0,15896.0,13200,AUD,2.0
1373490000.0,15896.0,75600,AUD,2.0
1373491800.0,15896.0,77400,AUD,3.0
1373491800.0,15896.0,77400,AUD,3.0
1373578200.0,15897.0,77400,AUD,3.0
1373837400.0,15900.0,77400,AUD,2.0
1373923800.0,15901.0,77400,AUD,3.0
1374006600.0,15902.0,73800,AUD,1.0
1374091200.0,15903.0,72000,AUD,2.0
1374096600.0,15903.0,77400,AUD,2.0
1374615000.0,15909.0,77400,AUD,3.0
1374615000.0,15909.0,77400,AUD,2.0
1375133400.0,15915.0,77400,AUD,3.0
1375139100.0,15915.0,83100,AUD,3.0
1375219800.0,15916.0,77400,AUD,2.0
1375299000.0,15917.0,70200,AUD,1.0
1375304400.0,15917.0,75600,AUD,2.0
1375306200.0,15917.0,77400,AUD,2.0
1375324200.0,15918.0,9000,AUD,1.0
1375392600.0,15918.0,77400,AUD,3.0
1375574460.0,15921.0,60,AUD,1.0
1375644600.0,15921.0,70200,AUD,1.0
1375648200.0,15921.0,73800,AUD,1.0
1375651800.0,15921.0,77400,AUD,3.0
1375738200.0,15922.0,77400,AUD,2.0
1375738200.0,15922.0,77400,AUD,2.0
1375738200.0,15922.0,77400,AUD,3.0
1375749000.0,15923.0,1800,AUD,3.0
1375749000.0,15923.0,1800,AUD,3.0
1375817400.0,15923.0,70200,AUD,1.0
1375824600.0,15923.0,77400,AUD,2.0
1375824600.0,15923.0,77400,AUD,2.0
1375911000.0,15924.0,77400,AUD,3.0
1375911000.0,15924.0,77400,AUD,3.0
1375997400.0,15925.0,77400,AUD,3.0
1376343000.0,15929.0,77400,AUD,2.0
1376425800.0,15930.0,73800,AUD,2.0
1376429400.0,15930.0,77400,AUD,2.0
1376514000.0,15931.0,75600,AUD,2.0
1376602200.0,15932.0,77400,AUD,2.0
1376861400.0,15935.0,77400,AUD,2.0
1376947800.0,15936.0,77400,AUD,3.0
1377034200.0,15937.0,77400,AUD,1.0
1377115200.0,15938.0,72000,AUD,2.0
1377639000.0,15944.0,77400,AUD,2.0
1377723600.0,15945.0,75600,AUD,1.0
1377725400.0,15945.0,77400,AUD,3.0
1377811800.0,15946.0,77400,AUD,2.0
1378063500.0,15949.0,69900,AUD,1.0
1378067400.0,15949.0,73800,AUD,1.0
1378071000.0,15949.0,77400,AUD,3.0
1378071000.0,15949.0,77400,AUD,2.0
1378089000.0,15950.0,9000,AUD,1.0
1378157400.0,15950.0,77400,AUD,2.0
1378157400.0,15950.0,77400,AUD,3.0
1378168200.0,15951.0,1800,AUD,3.0
1378168200.0,15951.0,1800,AUD,3.0
1378236480.0,15951.0,70080,AUD,1.0
1378243800.0,15951.0,77400,AUD,3.0
1378330200.0,15952.0,77400,AUD,3.0
1378409400.0,15953.0,70200,AUD,1.0
1378425660.0,15954.0,60,AUD,2.0
1378675800.0,15956.0,77400,AUD,2.0
1378675800.0,15956.0,77400,AUD,2.0
1378762200.0,15957.0,77400,AUD,2.0
1378845000.0,15958.0,73800,AUD,2.0
1378933200.0,15959.0,75600,AUD,2.0
1378935000.0,15959.0,77400,AUD,3.0
1378935000.0,15959.0,77400,AUD,3.0
1379367000.0,15964.0,77400,AUD,3.0
1379367000.0,15964.0,77400,AUD,2.0
1379448000.0,15965.0,72000,AUD,2.0
1379449800.0,15965.0,73800,AUD,1.0
1379453400.0,15965.0,77400,AUD,2.0
1379539800.0,15966.0,77400,AUD,1.0
1380058200.0,15972.0,77400,AUD,2.0
1380486600.0,15977.0,73800,AUD,1.0
1380490200.0,15977.0,77400,AUD,2.0
1380569400.0,15978.0,70200,AUD,1.0
1380574800.0,15978.0,75600,AUD,2.0
1380576600.0,15978.0,77400,AUD,3.0
1380587400.0,15979.0,1800,AUD,3.0
1380587400.0,15979.0,1800,AUD,3.0
1380594600.0,15979.0,9000,AUD,1.0
1380663000.0,15979.0,77400,AUD,3.0
1380663000.0,15979.0,77400,AUD,3.0
1380742200.0,15980.0,70200,AUD,1.0
1380974400.0,15983.0,43200,AUD,1.0
1381017660.0,15984.0,60,AUD,1.0
1381084200.0,15984.0,66600,AUD,1.0
1381177800.0,15985.0,73800,AUD,2.0
1381177800.0,15985.0,73800,AUD,2.0
1381260600.0,15986.0,70200,AUD,3.0
1381348800.0,15987.0,72000,AUD,2.0
1381350600.0,15987.0,73800,AUD,3.0
1381350600.0,15987.0,73800,AUD,3.0
1381696200.0,15991.0,73800,AUD,2.0
1381782600.0,15992.0,73800,AUD,3.0
1381782600.0,15992.0,73800,AUD,2.0
1381865400.0,15993.0,70200,AUD,1.0
1381955400.0,15994.0,73800,AUD,2.0
1382043600.0,15995.0,75600,AUD,3.0
1382464800.0,16000.0,64800,AUD,2.0
1382470200.0,16000.0,70200,AUD,3.0
1382470200.0,16000.0,70200,AUD,2.0
1382565600.0,16001.0,79200,AUD,2.0
1382572800.0,16002.0,0,AUD,1.0
1382981400.0,16006.0,63000,AUD,3.0
1383071700.0,16007.0,66900,AUD,2.0
1383161400.0,16008.0,70200,AUD,3.0
1383161400.0,16008.0,70200,AUD,2.0
1383161400.0,16008.0,70200,AUD,2.0
1383240420.0,16009.0,62820,AUD,1.0
1383247800.0,16009.0,70200,AUD,3.0
1383265800.0,16010.0,1800,AUD,1.0
1383503400.0,16012.0,66600,AUD,1.0
1383507000.0,16012.0,70200,AUD,2.0
1383507000.0,16012.0,70200,AUD,2.0
1383507000.0,16012.0,70200,AUD,3.0
1383586200.0,16013.0,63000,AUD,1.0
1383604200.0,16013.0,81000,AUD,3.0
1383604200.0,16013.0,81000,AUD,3.0
1383679800.0,16014.0,70200,AUD,3.0
1383758760.0,16015.0,62760,AUD,1.0
1383766200.0,16015.0,70200,AUD,3.0
1383766200.0,16015.0,70200,AUD,3.0
1383852600.0,16016.0,70200,AUD,3.0
1384111800.0,16019.0,70200,AUD,2.0
1384198200.0,16020.0,70200,AUD,3.0
1384281000.0,16021.0,66600,AUD,2.0
1384284600.0,16021.0,70200,AUD,2.0
1384284600.0,16021.0,70200,AUD,2.0
1384369200.0,16022.0,68400,AUD,2.0
1384797600.0,16027.0,64800,AUD,2.0
1384803000.0,16027.0,70200,AUD,3.0
1384885800.0,16028.0,66600,AUD,1.0
1384889400.0,16028.0,70200,AUD,2.0
1385006700.0,16030.0,14700,AUD,3.0
1385399700.0,16034.0,62100,AUD,2.0
1385494200.0,16035.0,70200,AUD,2.0
1385578800.0,16036.0,68400,AUD,2.0
1385580600.0,16036.0,70200,AUD,3.0
1385667000.0,16037.0,70200,AUD,2.0
1385919000.0,16040.0,63000,AUD,1.0
1385922600.0,16040.0,66600,AUD,1.0
1385926200.0,16040.0,70200,AUD,3.0
1385926200.0,16040.0,70200,AUD,2.0
1385944200.0,16041.0,1800,AUD,1.0
1386012600.0,16041.0,70200,AUD,2.0
1386012600.0,16041.0,70200,AUD,3.0
1386023400.0,16041.0,81000,AUD,3.0
1386023400.0,16041.0,81000,AUD,3.0
1386090600.0,16042.0,61800,AUD,1.0
1386099000.0,16042.0,70200,AUD,3.0
1386185400.0,16043.0,70200,AUD,3.0
1386263100.0,16044.0,61500,AUD,1.0
1386531000.0,16047.0,70200,AUD,2.0
1386617400.0,16048.0,70200,AUD,2.0
1386617400.0,16048.0,70200,AUD,3.0
1386700200.0,16049.0,66600,AUD,2.0
1386788400.0,16050.0,68400,AUD,2.0
1386790200.0,16050.0,70200,AUD,3.0
1386790200.0,16050.0,70200,AUD,3.0
1387216800.0,16055.0,64800,AUD,2.0
1387221300.0,16055.0,69300,AUD,2.0
1387222200.0,16055.0,70200,AUD,3.0
1387222200.0,16055.0,70200,AUD,2.0
1387225800.0,16055.0,73800,AUD,3.0
1387301400.0,16056.0,63000,AUD,3.0
1387305000.0,16056.0,66600,AUD,1.0
1387395000.0,16057.0,70200,AUD,1.0
1387843260.0,16063.0,60,AUD,1.0
1387929660.0,16064.0,60,AUD,1.0
1388431800.0,16069.0,70200,AUD,2.0
1388448060.0,16070.0,60,AUD,1.0
1388596200.0,16071.0,61800,AUD,1.0
1388622600.0,16072.0,1800,AUD,1.0
1388942160.0,16075.0,62160,AUD,1.0
1389036600.0,16076.0,70200,AUD,3.0
1389115020.0,16077.0,62220,AUD,1.0
1389209400.0,16078.0,70200,AUD,3.0
1389209400.0,16078.0,70200,AUD,3.0
1389294000.0,16079.0,68400,AUD,2.0
1389558600.0,16082.0,73800,AUD,2.0
1389558600.0,16082.0,73800,AUD,2.0
1389731400.0,16084.0,73800,AUD,2.0
1389817800.0,16085.0,73800,AUD,3.0
1389817800.0,16085.0,73800,AUD,3.0
1390159800.0,16089.0,70200,AUD,1.0
1390332600.0,16091.0,70200,AUD,2.0
1390336200.0,16091.0,73800,AUD,3.0
1390336200.0,16091.0,73800,AUD,2.0
1390420800.0,16092.0,72000,AUD,2.0
1390694460.0,16096.0,60,AUD,1.0
1390849200.0,16097.0,68400,AUD,2.0
1390854600.0,16097.0,73800,AUD,3.0
1390937400.0,16098.0,70200,AUD,1.0
1391025600.0,16099.0,72000,AUD,2.0
1391027400.0,16099.0,73800,AUD,2.0
1391113800.0,16100.0,73800,AUD,3.0
1391113800.0,16100.0,73800,AUD,2.0
1391365380.0,16103.0,66180,AUD,1.0
1391369400.0,16103.0,70200,AUD,1.0
1391373000.0,16103.0,73800,AUD,2.0
1391373000.0,16103.0,73800,AUD,3.0
1391391000.0,16104.0,5400,AUD,1.0
1391470200.0,16104.0,84600,AUD,3.0
1391470200.0,16104.0,84600,AUD,3.0
1391536860.0,16105.0,64860,AUD,1.0
1391632200.0,16106.0,73800,AUD,2.0
1391632200.0,16106.0,73800,AUD,3.0
1391632200.0,16106.0,73800,AUD,3.0
1391710440.0,16107.0,65640,AUD,1.0
1391718600.0,16107.0,73800,AUD,3.0
1392064200.0,16111.0,73800,AUD,2.0
1392064200.0,16111.0,73800,AUD,2.0
1392064200.0,16111.0,73800,AUD,3.0
1392147000.0,16112.0,70200,AUD,2.0
1392235200.0,16113.0,72000,AUD,2.0
1392237000.0,16113.0,73800,AUD,3.0
1392237000.0,16113.0,73800,AUD,3.0
1392240300.0,16113.0,77100,AUD,2.0
1392314700.0,16114.0,65100,AUD,2.0
1392582600.0,16117.0,73800,AUD,2.0
1392669000.0,16118.0,73800,AUD,3.0
1392750000.0,16119.0,68400,AUD,2.0
1392751800.0,16119.0,70200,AUD,1.0
1392755400.0,16119.0,73800,AUD,2.0
1393360200.0,16126.0,73800,AUD,2.0
1393446600.0,16127.0,73800,AUD,3.0
1393533000.0,16128.0,73800,AUD,2.0
1393784100.0,16131.0,65700,AUD,1.0
1393788600.0,16131.0,70200,AUD,1.0
1393790340.0,16131.0,71940,AUD,2.0
1393792200.0,16131.0,73800,AUD,2.0
1393792200.0,16131.0,73800,AUD,2.0
1393810200.0,16132.0,5400,AUD,1.0
1393878600.0,16132.0,73800,AUD,3.0
1393878600.0,16132.0,73800,AUD,2.0
1393889400.0,16132.0,84600,AUD,3.0
1393889400.0,16132.0,84600,AUD,3.0
1393956900.0,16133.0,65700,AUD,1.0
1393965000.0,16133.0,73800,AUD,3.0
1394051400.0,16134.0,73800,AUD,3.0
1394051400.0,16134.0,73800,AUD,3.0
1394129820.0,16135.0,65820,AUD,1.0
1394130600.0,16135.0,66600,AUD,3.0
1394483400.0,16139.0,73800,AUD,3.0
1394566200.0,16140.0,70200,AUD,2.0
1394569800.0,16140.0,73800,AUD,2.0
1394654400.0,16141.0,72000,AUD,2.0
1394656200.0,16141.0,73800,AUD,3.0
1394656200.0,16141.0,73800,AUD,3.0
1395001800.0,16145.0,73800,AUD,2.0
1395088200.0,16146.0,73800,AUD,3.0
1395171000.0,16147.0,70200,AUD,1.0
1395261000.0,16148.0,73800,AUD,1.0
1395342000.0,16149.0,68400,AUD,2.0
1395708300.0,16154.0,2700,AUD,2.0
1395772200.0,16154.0,66600,AUD,2.0
1395779400.0,16154.0,73800,AUD,2.0
1395790200.0,16154.0,84600,AUD,3.0
1396207800.0,16159.0,70200,AUD,1.0
1396209600.0,16159.0,72000,AUD,2.0
1396211400.0,16159.0,73800,AUD,2.0
1396290240.0,16160.0,66240,AUD,1.0
1396308600.0,16160.0,84600,AUD,3.0
1396308600.0,16160.0,84600,AUD,3.0
1396315800.0,16161.0,5400,AUD,1.0
1396384200.0,16161.0,73800,AUD,3.0
1396462320.0,16162.0,65520,AUD,1.0
1396470600.0,16162.0,73800,AUD,3.0
1396470600.0,16162.0,73800,AUD,3.0
1396479000.0,16162.0,82200,AUD,3.0
1396699200.0,16165.0,43200,AUD,1.0
1396812600.0,16166.0,70200,AUD,1.0
1396819800.0,16166.0,77400,AUD,2.0
1396906200.0,16167.0,77400,AUD,3.0
1396989000.0,16168.0,73800,AUD,2.0
1396992600.0,16168.0,77400,AUD,2.0
1397077200.0,16169.0,75600,AUD,2.0
1397079000.0,16169.0,77400,AUD,3.0
1397079000.0,16169.0,77400,AUD,3.0
1397511000.0,16174.0,77400,AUD,3.0
1397593800.0,16175.0,73800,AUD,1.0
1397683800.0,16176.0,77400,AUD,2.0
1397683800.0,16176.0,77400,AUD,2.0
1397692860.0,16177.0,60,AUD,1.0
