1167523260.0,13513.0,60,CNY,1.0
1167598800.0,13513.0,75600,CNY,3.0
1167681600.0,13514.0,72000,CNY,1.0
1167690600.0,13514.0,81000,CNY,2.0
1168464900.0,13523.0,77700,CNY,3.0
1168812000.0,13527.0,79200,CNY,1.0
1168812000.0,13527.0,79200,CNY,2.0
1168838100.0,13528.0,18900,CNY,1.0
1169676000.0,13537.0,79200,CNY,2.0
1169676000.0,13537.0,79200,CNY,2.0
1169676000.0,13537.0,79200,CNY,3.0
1169676000.0,13537.0,79200,CNY,3.0
1169676000.0,13537.0,79200,CNY,2.0
1169676000.0,13537.0,79200,CNY,2.0
1169676000.0,13537.0,79200,CNY,1.0
1170277200.0,13544.0,75600,CNY,3.0
1170282600.0,13544.0,81000,CNY,2.0
1170450000.0,13546.0,75600,CNY,1.0
1171235400.0,13555.0,83400,CNY,3.0
1171317600.0,13556.0,79200,CNY,2.0
1171404000.0,13557.0,79200,CNY,2.0
1171404000.0,13557.0,79200,CNY,1.0
1171404000.0,13557.0,79200,CNY,2.0
1171419900.0,13558.0,8700,CNY,1.0
1171828800.0,13562.0,72000,CNY,1.0
1171843260.0,13563.0,60,CNY,1.0
1171929660.0,13564.0,60,CNY,1.0
1172016060.0,13565.0,60,CNY,1.0
1172102460.0,13566.0,60,CNY,1.0
1172701800.0,13572.0,81000,CNY,2.0
1172869200.0,13574.0,75600,CNY,1.0
1173650400.0,13583.0,79200,CNY,1.0
1173650400.0,13583.0,79200,CNY,2.0
1173650400.0,13583.0,79200,CNY,2.0
1173667800.0,13584.0,10200,CNY,3.0
1173736800.0,13584.0,79200,CNY,2.0
1173738600.0,13584.0,81000,CNY,1.0
1173823200.0,13585.0,79200,CNY,1.0
1173996000.0,13587.0,79200,CNY,2.0
1174860000.0,13597.0,79200,CNY,3.0
1175461200.0,13604.0,75600,CNY,3.0
1175466600.0,13604.0,81000,CNY,2.0
1175547600.0,13605.0,75600,CNY,1.0
1176166800.0,13613.0,3600,CNY,3.0
1176328800.0,13614.0,79200,CNY,1.0
1176328800.0,13614.0,79200,CNY,2.0
1176331500.0,13614.0,81900,CNY,1.0
1176933600.0,13621.0,79200,CNY,2.0
1176951600.0,13622.0,10800,CNY,2.0
1176951600.0,13622.0,10800,CNY,3.0
1176951600.0,13622.0,10800,CNY,2.0
1177020000.0,13622.0,79200,CNY,2.0
1177020000.0,13622.0,79200,CNY,3.0
1177020000.0,13622.0,79200,CNY,1.0
1177891260.0,13633.0,60,CNY,1.0
1177966800.0,13633.0,75600,CNY,3.0
1177977660.0,13634.0,60,CNY,1.0
1178058600.0,13634.0,81000,CNY,2.0
1178064060.0,13635.0,60,CNY,1.0
1178139600.0,13635.0,75600,CNY,1.0
1178150460.0,13636.0,60,CNY,1.0
1178409660.0,13639.0,60,CNY,1.0
1178834400.0,13643.0,79200,CNY,2.0
1178859300.0,13644.0,17700,CNY,3.0
1179007200.0,13645.0,79200,CNY,1.0
1179007200.0,13645.0,79200,CNY,2.0
1179093600.0,13646.0,79200,CNY,2.0
1179180000.0,13647.0,79200,CNY,1.0
1179266400.0,13648.0,79200,CNY,1.0
1179266400.0,13648.0,79200,CNY,3.0
1179352800.0,13649.0,79200,CNY,2.0
1179705660.0,13654.0,60,CNY,1.0
1180645200.0,13664.0,75600,CNY,3.0
1180650600.0,13664.0,81000,CNY,2.0
1180818000.0,13666.0,75600,CNY,1.0
1181512800.0,13674.0,79200,CNY,2.0
1181537700.0,13675.0,17700,CNY,3.0
1181599200.0,13675.0,79200,CNY,2.0
1181599200.0,13675.0,79200,CNY,1.0
1181599200.0,13675.0,79200,CNY,2.0
1181685000.0,13676.0,78600,CNY,1.0
1181685600.0,13676.0,79200,CNY,1.0
1181772000.0,13677.0,79200,CNY,3.0
1182117600.0,13681.0,79200,CNY,2.0
1183323600.0,13695.0,75600,CNY,3.0
1183329000.0,13695.0,81000,CNY,2.0
1183410000.0,13696.0,75600,CNY,1.0
1184021400.0,13703.0,82200,CNY,3.0
1184191200.0,13705.0,79200,CNY,1.0
1184191200.0,13705.0,79200,CNY,2.0
1184193000.0,13705.0,81000,CNY,1.0
1184796000.0,13712.0,79200,CNY,2.0
1184796000.0,13712.0,79200,CNY,2.0
1184796000.0,13712.0,79200,CNY,3.0
1184796000.0,13712.0,79200,CNY,3.0
1184796000.0,13712.0,79200,CNY,2.0
1184796000.0,13712.0,79200,CNY,2.0
1184796000.0,13712.0,79200,CNY,1.0
1185915600.0,13725.0,75600,CNY,3.0
1185921000.0,13725.0,81000,CNY,2.0
1186088400.0,13727.0,75600,CNY,1.0
1186696800.0,13734.0,79200,CNY,1.0
1186696800.0,13734.0,79200,CNY,2.0
1186696800.0,13734.0,79200,CNY,2.0
1186705200.0,13735.0,1200,CNY,3.0
1186956000.0,13737.0,79200,CNY,2.0
1186957200.0,13737.0,80400,CNY,1.0
1187042400.0,13738.0,79200,CNY,1.0
1187128800.0,13739.0,79200,CNY,3.0
1187215200.0,13740.0,79200,CNY,2.0
1188594000.0,13756.0,75600,CNY,3.0
1188766800.0,13758.0,75600,CNY,1.0
1188772200.0,13758.0,81000,CNY,2.0
1189375200.0,13765.0,79200,CNY,2.0
1189461600.0,13766.0,79200,CNY,2.0
1189468800.0,13767.0,0,CNY,3.0
1189548000.0,13767.0,79200,CNY,1.0
1189548000.0,13767.0,79200,CNY,2.0
1189548000.0,13767.0,79200,CNY,1.0
1189634400.0,13768.0,79200,CNY,3.0
1189635600.0,13768.0,80400,CNY,1.0
1189720800.0,13769.0,79200,CNY,2.0
1190592060.0,13780.0,60,CNY,1.0
1191110460.0,13786.0,60,CNY,1.0
1191186000.0,13786.0,75600,CNY,3.0
1191196860.0,13787.0,60,CNY,1.0
1191277800.0,13787.0,81000,CNY,2.0
1191283260.0,13788.0,60,CNY,1.0
1191358800.0,13788.0,75600,CNY,1.0
1191369660.0,13789.0,60,CNY,1.0
1191456060.0,13790.0,60,CNY,1.0
1192140000.0,13797.0,79200,CNY,1.0
1192140000.0,13797.0,79200,CNY,2.0
1192145400.0,13797.0,84600,CNY,3.0
1192164300.0,13798.0,17100,CNY,1.0
1193263200.0,13810.0,79200,CNY,2.0
1193263200.0,13810.0,79200,CNY,2.0
1193263200.0,13810.0,79200,CNY,3.0
1193263200.0,13810.0,79200,CNY,3.0
1193263200.0,13810.0,79200,CNY,2.0
1193263200.0,13810.0,79200,CNY,2.0
1193263200.0,13810.0,79200,CNY,1.0
1194037200.0,13819.0,75600,CNY,1.0
1194817500.0,13828.0,78300,CNY,3.0
1194818400.0,13828.0,79200,CNY,1.0
1194818400.0,13828.0,79200,CNY,2.0
1194818400.0,13828.0,79200,CNY,2.0
1194837000.0,13829.0,11400,CNY,1.0
1194904800.0,13829.0,79200,CNY,2.0
1194991200.0,13830.0,79200,CNY,1.0
1195164000.0,13832.0,79200,CNY,2.0
1196456400.0,13847.0,75600,CNY,3.0
1196629200.0,13849.0,75600,CNY,1.0
1196634600.0,13849.0,81000,CNY,2.0
1197237600.0,13856.0,79200,CNY,1.0
1197237600.0,13856.0,79200,CNY,2.0
1197237600.0,13856.0,79200,CNY,2.0
1197324000.0,13857.0,79200,CNY,2.0
1197327000.0,13857.0,82200,CNY,3.0
1197410400.0,13858.0,79200,CNY,1.0
1197496800.0,13859.0,79200,CNY,1.0
1197496800.0,13859.0,79200,CNY,3.0
1197583200.0,13860.0,79200,CNY,2.0
1199059260.0,13878.0,60,CNY,1.0
1199134800.0,13878.0,75600,CNY,3.0
1199145660.0,13879.0,60,CNY,1.0
1199226600.0,13879.0,81000,CNY,2.0
1199307600.0,13880.0,75600,CNY,1.0
1200002400.0,13888.0,79200,CNY,1.0
1200002400.0,13888.0,79200,CNY,2.0
1200009600.0,13889.0,0,CNY,3.0
1200873900.0,13899.0,300,CNY,1.0
1201125600.0,13901.0,79200,CNY,2.0
1201125600.0,13901.0,79200,CNY,2.0
1201125600.0,13901.0,79200,CNY,3.0
1201125600.0,13901.0,79200,CNY,2.0
1201125600.0,13901.0,79200,CNY,2.0
1201125600.0,13901.0,79200,CNY,2.0
1201125600.0,13901.0,79200,CNY,1.0
1201813200.0,13909.0,75600,CNY,3.0
1201818600.0,13909.0,81000,CNY,2.0
1201986000.0,13911.0,75600,CNY,1.0
1202169660.0,13914.0,60,CNY,1.0
1202256060.0,13915.0,60,CNY,1.0
1202342460.0,13916.0,60,CNY,1.0
1202601660.0,13919.0,60,CNY,1.0
1202688060.0,13920.0,60,CNY,1.0
1202940000.0,13922.0,79200,CNY,1.0
1202940000.0,13922.0,79200,CNY,2.0
1203048000.0,13924.0,14400,CNY,3.0
1203285600.0,13926.0,79200,CNY,2.0
1203302700.0,13927.0,9900,CNY,1.0
1203372000.0,13927.0,79200,CNY,2.0
1204318800.0,13938.0,75600,CNY,3.0
1204491600.0,13940.0,75600,CNY,1.0
1204497000.0,13940.0,81000,CNY,2.0
1205100000.0,13947.0,79200,CNY,2.0
1205110800.0,13948.0,3600,CNY,3.0
1205186400.0,13948.0,79200,CNY,2.0
1205272800.0,13949.0,79200,CNY,1.0
1205272800.0,13949.0,79200,CNY,2.0
1205277900.0,13949.0,84300,CNY,1.0
1205359200.0,13950.0,79200,CNY,3.0
1205359200.0,13950.0,79200,CNY,1.0
1205445600.0,13951.0,79200,CNY,2.0
1206997200.0,13969.0,75600,CNY,3.0
1207002600.0,13969.0,81000,CNY,2.0
1207170000.0,13971.0,75600,CNY,1.0
1207180860.0,13972.0,60,CNY,1.0
1207782900.0,13978.0,83700,CNY,1.0
1207864800.0,13979.0,79200,CNY,1.0
1207864800.0,13979.0,79200,CNY,2.0
1207872000.0,13980.0,0,CNY,3.0
1208313000.0,13985.0,9000,CNY,2.0
1208313000.0,13985.0,9000,CNY,3.0
1208383200.0,13985.0,79200,CNY,2.0
1208383200.0,13985.0,79200,CNY,3.0
1208383200.0,13985.0,79200,CNY,2.0
1208383200.0,13985.0,79200,CNY,2.0
1208383200.0,13985.0,79200,CNY,1.0
1209600060.0,14000.0,60,CNY,1.0
1209681000.0,14000.0,81000,CNY,2.0
1209762000.0,14001.0,75600,CNY,1.0
1210284000.0,14007.0,79200,CNY,2.0
1210543200.0,14010.0,79200,CNY,2.0
1210550400.0,14011.0,0,CNY,3.0
1210558800.0,14011.0,8400,CNY,1.0
1210629600.0,14011.0,79200,CNY,1.0
1210629600.0,14011.0,79200,CNY,2.0
1210629600.0,14011.0,79200,CNY,1.0
1210716000.0,14012.0,79200,CNY,3.0
1210802400.0,14013.0,79200,CNY,2.0
1212267600.0,14030.0,75600,CNY,3.0
1212359400.0,14031.0,81000,CNY,2.0
1212440400.0,14032.0,75600,CNY,1.0
1212883260.0,14038.0,60,CNY,1.0
1213135200.0,14040.0,79200,CNY,2.0
1213151400.0,14041.0,9000,CNY,3.0
1213219500.0,14041.0,77100,CNY,1.0
1213221600.0,14041.0,79200,CNY,2.0
1213221600.0,14041.0,79200,CNY,1.0
1213221600.0,14041.0,79200,CNY,2.0
1213308000.0,14042.0,79200,CNY,1.0
1213567200.0,14045.0,79200,CNY,3.0
1213653600.0,14046.0,79200,CNY,2.0
1214859600.0,14060.0,75600,CNY,3.0
1214865000.0,14060.0,81000,CNY,2.0
1215032400.0,14062.0,75600,CNY,1.0
1215642600.0,14069.0,81000,CNY,3.0
1215731100.0,14070.0,83100,CNY,1.0
1215986400.0,14073.0,79200,CNY,1.0
1215986400.0,14073.0,79200,CNY,2.0
1216245600.0,14076.0,79200,CNY,2.0
1216245600.0,14076.0,79200,CNY,2.0
1216245600.0,14076.0,79200,CNY,3.0
1216245600.0,14076.0,79200,CNY,3.0
1216245600.0,14076.0,79200,CNY,2.0
1216245600.0,14076.0,79200,CNY,2.0
1217538000.0,14091.0,75600,CNY,3.0
1217543400.0,14091.0,81000,CNY,2.0
1217710800.0,14093.0,75600,CNY,1.0
1218405600.0,14101.0,79200,CNY,2.0
1218421500.0,14102.0,8700,CNY,3.0
1218492000.0,14102.0,79200,CNY,2.0
1218514500.0,14103.0,15300,CNY,1.0
1218578400.0,14103.0,79200,CNY,1.0
1218578400.0,14103.0,79200,CNY,2.0
1218578400.0,14103.0,79200,CNY,1.0
1218664800.0,14104.0,79200,CNY,3.0
1218751200.0,14105.0,79200,CNY,2.0
1220216400.0,14122.0,75600,CNY,3.0
1220221800.0,14122.0,81000,CNY,2.0
1220389200.0,14124.0,75600,CNY,1.0
1220997600.0,14131.0,79200,CNY,2.0
1220997600.0,14131.0,79200,CNY,2.0
1220997600.0,14131.0,79200,CNY,2.0
1221003000.0,14131.0,84600,CNY,3.0
1221022200.0,14132.0,17400,CNY,1.0
1221170400.0,14133.0,79200,CNY,3.0
1221170400.0,14133.0,79200,CNY,1.0
1221170400.0,14133.0,79200,CNY,2.0
1221170400.0,14133.0,79200,CNY,1.0
1221350460.0,14136.0,60,CNY,1.0
1222732860.0,14152.0,60,CNY,1.0
1222808400.0,14152.0,75600,CNY,3.0
1222819260.0,14153.0,60,CNY,1.0
1222900200.0,14153.0,81000,CNY,2.0
1222905660.0,14154.0,60,CNY,1.0
1222981200.0,14154.0,75600,CNY,1.0
1223600400.0,14162.0,3600,CNY,1.0
1223866800.0,14165.0,10800,CNY,3.0
1223935200.0,14165.0,79200,CNY,1.0
1223935200.0,14165.0,79200,CNY,2.0
1224453600.0,14171.0,79200,CNY,2.0
1224453600.0,14171.0,79200,CNY,2.0
1224453600.0,14171.0,79200,CNY,3.0
1224453600.0,14171.0,79200,CNY,3.0
1224453600.0,14171.0,79200,CNY,2.0
1224453600.0,14171.0,79200,CNY,2.0
1224453600.0,14171.0,79200,CNY,1.0
1225486800.0,14183.0,75600,CNY,3.0
1225659600.0,14185.0,75600,CNY,1.0
1225665000.0,14185.0,81000,CNY,2.0
1226268000.0,14192.0,79200,CNY,2.0
1226354400.0,14193.0,79200,CNY,2.0
1226372400.0,14194.0,10800,CNY,3.0
1226440080.0,14194.0,78480,CNY,1.0
1226440800.0,14194.0,79200,CNY,1.0
1226440800.0,14194.0,79200,CNY,2.0
1226440800.0,14194.0,79200,CNY,1.0
1226527200.0,14195.0,79200,CNY,3.0
1226613600.0,14196.0,79200,CNY,2.0
1228078800.0,14213.0,75600,CNY,3.0
1228084200.0,14213.0,81000,CNY,2.0
1228251600.0,14215.0,75600,CNY,1.0
1228856100.0,14222.0,75300,CNY,1.0
1228884600.0,14223.0,17400,CNY,3.0
1228946400.0,14223.0,79200,CNY,2.0
1229032800.0,14224.0,79200,CNY,1.0
1229292000.0,14227.0,79200,CNY,3.0
1229292000.0,14227.0,79200,CNY,1.0
1229292000.0,14227.0,79200,CNY,2.0
1229378400.0,14228.0,79200,CNY,2.0
1230681660.0,14244.0,60,CNY,1.0
1230768060.0,14245.0,60,CNY,1.0
1230849000.0,14245.0,81000,CNY,2.0
1230930000.0,14246.0,75600,CNY,1.0
1231016400.0,14247.0,75600,CNY,3.0
1231797600.0,14256.0,79200,CNY,1.0
1231797600.0,14256.0,79200,CNY,2.0
1231804800.0,14257.0,0,CNY,3.0
1231971000.0,14258.0,79800,CNY,1.0
1232575200.0,14265.0,79200,CNY,2.0
1232575200.0,14265.0,79200,CNY,2.0
1232575200.0,14265.0,79200,CNY,3.0
1232575200.0,14265.0,79200,CNY,3.0
1232575200.0,14265.0,79200,CNY,2.0
1232575200.0,14265.0,79200,CNY,2.0
1232575200.0,14265.0,79200,CNY,1.0
1232841660.0,14269.0,60,CNY,1.0
1232928060.0,14270.0,60,CNY,1.0
1233014460.0,14271.0,60,CNY,1.0
1233100860.0,14272.0,60,CNY,1.0
1233187260.0,14273.0,60,CNY,1.0
1233527400.0,14276.0,81000,CNY,2.0
1233608400.0,14277.0,75600,CNY,1.0
1233694800.0,14278.0,75600,CNY,3.0
1234216800.0,14284.0,79200,CNY,2.0
1234216800.0,14284.0,79200,CNY,2.0
1234310400.0,14286.0,0,CNY,3.0
1234389600.0,14286.0,79200,CNY,1.0
1234389600.0,14286.0,79200,CNY,2.0
1234735800.0,14290.0,79800,CNY,1.0
1235946600.0,14304.0,81000,CNY,2.0
1236027600.0,14305.0,75600,CNY,1.0
1236114000.0,14306.0,75600,CNY,3.0
1236636000.0,14312.0,79200,CNY,2.0
1236636000.0,14312.0,79200,CNY,2.0
1236722400.0,14313.0,79200,CNY,2.0
1236729600.0,14314.0,0,CNY,3.0
1236808800.0,14314.0,79200,CNY,3.0
1236808800.0,14314.0,79200,CNY,1.0
1236808800.0,14314.0,79200,CNY,2.0
1236895200.0,14315.0,79200,CNY,1.0
1237158540.0,14318.0,83340,CNY,1.0
1238538600.0,14334.0,81000,CNY,2.0
1238659140.0,14336.0,28740,CNY,3.0
1238706000.0,14336.0,75600,CNY,1.0
1238889660.0,14339.0,60,CNY,1.0
1239331320.0,14344.0,9720,CNY,3.0
1239487200.0,14345.0,79200,CNY,1.0
1239660000.0,14347.0,79200,CNY,2.0
1239747000.0,14348.0,79800,CNY,1.0
1239832800.0,14349.0,79200,CNY,2.0
1239832800.0,14349.0,79200,CNY,2.0
1239832800.0,14349.0,79200,CNY,3.0
1239832800.0,14349.0,79200,CNY,3.0
1239832800.0,14349.0,79200,CNY,2.0
1239832800.0,14349.0,79200,CNY,1.0
1239839400.0,14349.0,85800,CNY,2.0
1241298000.0,14366.0,75600,CNY,1.0
1241389800.0,14367.0,81000,CNY,2.0
1241992800.0,14374.0,79200,CNY,2.0
1241992800.0,14374.0,79200,CNY,2.0
1242016260.0,14375.0,16260,CNY,1.0
1242016260.0,14375.0,16260,CNY,2.0
1242079200.0,14375.0,79200,CNY,2.0
1242079680.0,14375.0,79680,CNY,3.0
1242165600.0,14376.0,79200,CNY,3.0
1242338880.0,14378.0,79680,CNY,1.0
1243382460.0,14391.0,60,CNY,1.0
1243468860.0,14392.0,60,CNY,1.0
1243802400.0,14395.0,74400,CNY,3.0
1243809000.0,14395.0,81000,CNY,2.0
1243976400.0,14397.0,75600,CNY,1.0
1244579160.0,14404.0,73560,CNY,2.0
1244579160.0,14404.0,73560,CNY,3.0
1244584800.0,14404.0,79200,CNY,2.0
1244754300.0,14406.0,75900,CNY,1.0
1244754300.0,14406.0,75900,CNY,2.0
1244757600.0,14406.0,79200,CNY,1.0
1245018000.0,14409.0,80400,CNY,1.0
1246395420.0,14425.0,75420,CNY,3.0
1246568400.0,14427.0,75600,CNY,1.0
1247204220.0,14435.0,20220,CNY,3.0
1247601600.0,14439.0,72000,CNY,1.0
1247601600.0,14439.0,72000,CNY,2.0
1247608800.0,14439.0,79200,CNY,1.0
1247695200.0,14440.0,79200,CNY,2.0
1247695200.0,14440.0,79200,CNY,2.0
1247695200.0,14440.0,79200,CNY,3.0
1247695200.0,14440.0,79200,CNY,3.0
1249074180.0,14456.0,75780,CNY,3.0
1249246800.0,14458.0,75600,CNY,1.0
1249252200.0,14458.0,81000,CNY,2.0
1249941600.0,14466.0,79200,CNY,2.0
1249941600.0,14466.0,79200,CNY,2.0
1249941600.0,14466.0,79200,CNY,3.0
1249941600.0,14466.0,79200,CNY,2.0
1249941600.0,14466.0,79200,CNY,2.0
1249941600.0,14466.0,79200,CNY,1.0
1249944600.0,14466.0,82200,CNY,3.0
1249947000.0,14466.0,84600,CNY,1.0
1249947000.0,14466.0,84600,CNY,2.0
1250461080.0,14472.0,80280,CNY,1.0
1251752400.0,14487.0,75600,CNY,3.0
1251758040.0,14487.0,81240,CNY,2.0
1251925200.0,14489.0,75600,CNY,1.0
1252620000.0,14497.0,79200,CNY,2.0
1252620000.0,14497.0,79200,CNY,3.0
1252966200.0,14501.0,79800,CNY,1.0
1254263400.0,14516.0,81000,CNY,2.0
1254268860.0,14517.0,60,CNY,1.0
1254355260.0,14518.0,60,CNY,1.0
1254517200.0,14519.0,75600,CNY,1.0
1254614460.0,14521.0,60,CNY,1.0
1254700860.0,14522.0,60,CNY,1.0
1254787260.0,14523.0,60,CNY,1.0
1254873660.0,14524.0,60,CNY,1.0
1255472640.0,14530.0,80640,CNY,3.0
1255492800.0,14531.0,14400,CNY,1.0
1255492800.0,14531.0,14400,CNY,2.0
1255558860.0,14531.0,80460,CNY,1.0
1256162400.0,14538.0,79200,CNY,2.0
1256162400.0,14538.0,79200,CNY,2.0
1256162400.0,14538.0,79200,CNY,3.0
1256162400.0,14538.0,79200,CNY,3.0
1256162400.0,14538.0,79200,CNY,2.0
1256162400.0,14538.0,79200,CNY,2.0
1256162400.0,14538.0,79200,CNY,1.0
1257022740.0,14548.0,75540,CNY,3.0
1257114600.0,14549.0,81000,CNY,2.0
1257195600.0,14550.0,75600,CNY,1.0
1257890400.0,14558.0,79200,CNY,2.0
1257890400.0,14558.0,79200,CNY,2.0
1257890400.0,14558.0,79200,CNY,3.0
1257890400.0,14558.0,79200,CNY,2.0
1258323480.0,14563.0,80280,CNY,1.0
1259613600.0,14578.0,74400,CNY,3.0
1259620200.0,14578.0,81000,CNY,2.0
1259787600.0,14580.0,75600,CNY,1.0
1260482400.0,14588.0,79200,CNY,2.0
1260482400.0,14588.0,79200,CNY,2.0
1260482400.0,14588.0,79200,CNY,3.0
1260482400.0,14588.0,79200,CNY,2.0
1260482400.0,14588.0,79200,CNY,2.0
1260915480.0,14593.0,80280,CNY,1.0
1262217660.0,14609.0,60,CNY,1.0
1262293200.0,14609.0,75600,CNY,3.0
1262466000.0,14611.0,75600,CNY,1.0
1262557800.0,14612.0,81000,CNY,2.0
1263089040.0,14619.0,7440,CNY,3.0
1263508140.0,14623.0,80940,CNY,1.0
1263528540.0,14624.0,14940,CNY,1.0
1263528540.0,14624.0,14940,CNY,2.0
1264024800.0,14629.0,79200,CNY,2.0
1264024800.0,14629.0,79200,CNY,2.0
1264024800.0,14629.0,79200,CNY,3.0
1264024800.0,14629.0,79200,CNY,3.0
1264024800.0,14629.0,79200,CNY,2.0
1264024800.0,14629.0,79200,CNY,2.0
1264024800.0,14629.0,79200,CNY,1.0
1264971540.0,14640.0,75540,CNY,3.0
1264977000.0,14640.0,81000,CNY,2.0
1265144400.0,14642.0,75600,CNY,1.0
1265758200.0,14649.0,84600,CNY,3.0
1265839320.0,14650.0,79320,CNY,2.0
1265839320.0,14650.0,79320,CNY,2.0
1265839620.0,14650.0,79620,CNY,1.0
1265839620.0,14650.0,79620,CNY,2.0
1266105660.0,14654.0,60,CNY,1.0
1266192060.0,14655.0,60,CNY,1.0
1266278460.0,14656.0,60,CNY,1.0
1266364860.0,14657.0,60,CNY,1.0
1266451260.0,14658.0,60,CNY,1.0
1266650820.0,14660.0,26820,CNY,1.0
1267390620.0,14668.0,75420,CNY,3.0
1267396200.0,14668.0,81000,CNY,2.0
1267563600.0,14670.0,75600,CNY,1.0
1268177160.0,14677.0,84360,CNY,3.0
1268624820.0,14683.0,13620,CNY,1.0
1270069200.0,14699.0,75600,CNY,3.0
1270074600.0,14699.0,81000,CNY,2.0
1270242000.0,14701.0,75600,CNY,1.0
1270339260.0,14703.0,60,CNY,1.0
1270853700.0,14708.0,82500,CNY,3.0
1271046720.0,14711.0,16320,CNY,1.0
1271046720.0,14711.0,16320,CNY,2.0
1271212920.0,14713.0,9720,CNY,1.0
1271282400.0,14713.0,79200,CNY,3.0
1271282400.0,14713.0,79200,CNY,2.0
1271282400.0,14713.0,79200,CNY,3.0
1271282400.0,14713.0,79200,CNY,2.0
1271282400.0,14713.0,79200,CNY,2.0
1271282400.0,14713.0,79200,CNY,2.0
1271282400.0,14713.0,79200,CNY,1.0
1272661200.0,14729.0,75600,CNY,3.0
1272758460.0,14731.0,60,CNY,1.0
1272834000.0,14731.0,75600,CNY,1.0
1272925800.0,14732.0,81000,CNY,2.0
1273448100.0,14738.0,84900,CNY,3.0
1273528800.0,14739.0,79200,CNY,3.0
1273528800.0,14739.0,79200,CNY,2.0
1273528800.0,14739.0,79200,CNY,2.0
1273528800.0,14739.0,79200,CNY,2.0
1273528800.0,14739.0,79200,CNY,2.0
1273528800.0,14739.0,79200,CNY,1.0
1273528980.0,14739.0,79380,CNY,1.0
1273528980.0,14739.0,79380,CNY,2.0
1273789680.0,14742.0,80880,CNY,1.0
1274047200.0,14745.0,79200,CNY,1.0
1275339600.0,14760.0,75600,CNY,3.0
1275345000.0,14760.0,81000,CNY,2.0
1275512400.0,14762.0,75600,CNY,1.0
1276119900.0,14769.0,78300,CNY,3.0
1276207200.0,14770.0,79200,CNY,3.0
1276207200.0,14770.0,79200,CNY,2.0
1276207200.0,14770.0,79200,CNY,2.0
1276207200.0,14770.0,79200,CNY,2.0
1276207200.0,14770.0,79200,CNY,2.0
1276207200.0,14770.0,79200,CNY,1.0
1276207320.0,14770.0,79320,CNY,1.0
1276207320.0,14770.0,79320,CNY,2.0
1276307100.0,14772.0,6300,CNY,1.0
1276387260.0,14773.0,60,CNY,1.0
1276473660.0,14774.0,60,CNY,1.0
1276552800.0,14774.0,79200,CNY,1.0
1276560060.0,14775.0,60,CNY,1.0
1277931600.0,14790.0,75600,CNY,3.0
1277937000.0,14790.0,81000,CNY,2.0
1278104400.0,14792.0,75600,CNY,1.0
1278714840.0,14799.0,81240,CNY,3.0
1278854640.0,14801.0,48240,CNY,1.0
1278854640.0,14801.0,48240,CNY,2.0
1279144800.0,14804.0,79200,CNY,1.0
1279144800.0,14804.0,79200,CNY,3.0
1279144800.0,14804.0,79200,CNY,2.0
1279144800.0,14804.0,79200,CNY,2.0
1279144800.0,14804.0,79200,CNY,2.0
1279144800.0,14804.0,79200,CNY,2.0
1279144800.0,14804.0,79200,CNY,1.0
1279146360.0,14804.0,80760,CNY,3.0
1279163400.0,14805.0,11400,CNY,1.0
1280610000.0,14821.0,75600,CNY,3.0
1280701800.0,14822.0,81000,CNY,2.0
1280782800.0,14823.0,75600,CNY,1.0
1281394500.0,14830.0,82500,CNY,3.0
1281477600.0,14831.0,79200,CNY,3.0
1281477600.0,14831.0,79200,CNY,2.0
1281477600.0,14831.0,79200,CNY,2.0
1281477600.0,14831.0,79200,CNY,2.0
1281995640.0,14837.0,78840,CNY,1.0
1281996000.0,14837.0,79200,CNY,1.0
1283288220.0,14852.0,75420,CNY,3.0
1283293800.0,14852.0,81000,CNY,2.0
1283461200.0,14854.0,75600,CNY,1.0
1284067920.0,14861.0,77520,CNY,3.0
1284156000.0,14862.0,79200,CNY,3.0
1284156000.0,14862.0,79200,CNY,2.0
1284156000.0,14862.0,79200,CNY,2.0
1284156000.0,14862.0,79200,CNY,2.0
1284156000.0,14862.0,79200,CNY,2.0
1284156000.0,14862.0,79200,CNY,1.0
1284156180.0,14862.0,79380,CNY,1.0
1284156180.0,14862.0,79380,CNY,2.0
1284415200.0,14865.0,79200,CNY,1.0
1284501720.0,14866.0,79320,CNY,1.0
1285027260.0,14873.0,60,CNY,1.0
1285113660.0,14874.0,60,CNY,1.0
1285200060.0,14875.0,60,CNY,1.0
1285713000.0,14880.0,81000,CNY,2.0
1285804860.0,14882.0,60,CNY,1.0
1285880400.0,14882.0,75600,CNY,3.0
1286053200.0,14884.0,75600,CNY,1.0
1286064060.0,14885.0,60,CNY,1.0
1286150460.0,14886.0,60,CNY,1.0
1286236860.0,14887.0,60,CNY,1.0
1286323260.0,14888.0,60,CNY,1.0
1286921400.0,14894.0,79800,CNY,3.0
1286937180.0,14895.0,9180,CNY,1.0
1286937180.0,14895.0,9180,CNY,2.0
1287093240.0,14896.0,78840,CNY,1.0
1287093600.0,14896.0,79200,CNY,1.0
1287612000.0,14902.0,79200,CNY,3.0
1287612000.0,14902.0,79200,CNY,2.0
1287612000.0,14902.0,79200,CNY,3.0
1287612000.0,14902.0,79200,CNY,2.0
1287612000.0,14902.0,79200,CNY,2.0
1287612000.0,14902.0,79200,CNY,2.0
1287612000.0,14902.0,79200,CNY,1.0
1288558800.0,14913.0,75600,CNY,3.0
1288564200.0,14913.0,81000,CNY,2.0
1288731600.0,14915.0,75600,CNY,1.0
1289341920.0,14922.0,81120,CNY,3.0
1289426340.0,14923.0,79140,CNY,2.0
1289857860.0,14928.0,78660,CNY,1.0
1289858400.0,14928.0,79200,CNY,1.0
1291150800.0,14943.0,75600,CNY,3.0
1291156200.0,14943.0,81000,CNY,2.0
1291323600.0,14945.0,75600,CNY,1.0
1291932180.0,14952.0,79380,CNY,3.0
1291950420.0,14953.0,11220,CNY,1.0
1291950420.0,14953.0,11220,CNY,2.0
1292018400.0,14953.0,79200,CNY,3.0
1292018400.0,14953.0,79200,CNY,2.0
1292018400.0,14953.0,79200,CNY,2.0
1292018400.0,14953.0,79200,CNY,2.0
1292018400.0,14953.0,79200,CNY,2.0
1292018400.0,14953.0,79200,CNY,1.0
1293661800.0,14972.0,81000,CNY,2.0
1293829200.0,14974.0,75600,CNY,3.0
1294002000.0,14976.0,75600,CNY,1.0
1294614060.0,14983.0,82860,CNY,3.0
1294696920.0,14984.0,79320,CNY,1.0
1294696920.0,14984.0,79320,CNY,2.0
1294956000.0,14987.0,79200,CNY,1.0
1295301600.0,14991.0,79200,CNY,1.0
1295474400.0,14993.0,79200,CNY,3.0
1295474400.0,14993.0,79200,CNY,2.0
1295474400.0,14993.0,79200,CNY,3.0
1295474400.0,14993.0,79200,CNY,2.0
1295474400.0,14993.0,79200,CNY,2.0
1295474400.0,14993.0,79200,CNY,2.0
1295474400.0,14993.0,79200,CNY,1.0
1296507600.0,15005.0,75600,CNY,3.0
1296513000.0,15005.0,81000,CNY,2.0
1296518460.0,15006.0,60,CNY,1.0
1296604860.0,15007.0,60,CNY,1.0
1296680400.0,15007.0,75600,CNY,1.0
1296691260.0,15008.0,60,CNY,1.0
1296950460.0,15011.0,60,CNY,1.0
1297036860.0,15012.0,60,CNY,1.0
1297642020.0,15019.0,420,CNY,3.0
1297720800.0,15019.0,79200,CNY,3.0
1297720800.0,15019.0,79200,CNY,2.0
1297738740.0,15020.0,10740,CNY,1.0
1297738740.0,15020.0,10740,CNY,2.0
1297893600.0,15021.0,79200,CNY,1.0
1297980000.0,15022.0,79200,CNY,1.0
1298239200.0,15025.0,79200,CNY,2.0
1298926680.0,15033.0,75480,CNY,3.0
1298932200.0,15033.0,81000,CNY,2.0
1299099600.0,15035.0,75600,CNY,1.0
1299711480.0,15042.0,82680,CNY,3.0
1299794400.0,15043.0,79200,CNY,3.0
1299794400.0,15043.0,79200,CNY,2.0
1299794400.0,15043.0,79200,CNY,2.0
1299794400.0,15043.0,79200,CNY,2.0
1299794400.0,15043.0,79200,CNY,1.0
1299794940.0,15043.0,79740,CNY,2.0
1300054020.0,15046.0,79620,CNY,1.0
1300054020.0,15046.0,79620,CNY,2.0
1300149840.0,15048.0,2640,CNY,1.0
1300226400.0,15048.0,79200,CNY,1.0
1300919400.0,15056.0,81000,CNY,2.0
1301605200.0,15064.0,75600,CNY,3.0
1301610600.0,15064.0,81000,CNY,2.0
1301778000.0,15066.0,75600,CNY,1.0
1301788860.0,15067.0,60,CNY,1.0
1301875260.0,15068.0,60,CNY,1.0
1302386640.0,15073.0,79440,CNY,3.0
1302750180.0,15078.0,10980,CNY,1.0
1302750180.0,15078.0,10980,CNY,2.0
1302818400.0,15078.0,79200,CNY,3.0
1302818400.0,15078.0,79200,CNY,2.0
1302818400.0,15078.0,79200,CNY,3.0
1302818400.0,15078.0,79200,CNY,2.0
1302818400.0,15078.0,79200,CNY,2.0
1302818400.0,15078.0,79200,CNY,2.0
1302818400.0,15078.0,79200,CNY,1.0
1303163160.0,15082.0,78360,CNY,1.0
1303165800.0,15082.0,81000,CNY,2.0
1303250400.0,15083.0,79200,CNY,1.0
1304029800.0,15092.0,81000,CNY,2.0
1304197200.0,15094.0,75600,CNY,3.0
1304208060.0,15095.0,60,CNY,1.0
1304370000.0,15096.0,75600,CNY,1.0
1304982060.0,15103.0,82860,CNY,3.0
1305064740.0,15104.0,79140,CNY,1.0
1305064740.0,15104.0,79140,CNY,2.0
1305064800.0,15104.0,79200,CNY,3.0
1305064800.0,15104.0,79200,CNY,2.0
1305064800.0,15104.0,79200,CNY,2.0
1305064800.0,15104.0,79200,CNY,2.0
1305064800.0,15104.0,79200,CNY,2.0
1305064800.0,15104.0,79200,CNY,1.0
1305237600.0,15106.0,79200,CNY,1.0
1305582720.0,15110.0,78720,CNY,1.0
1306103400.0,15116.0,81000,CNY,2.0
1306875600.0,15125.0,75600,CNY,3.0
1306881000.0,15125.0,81000,CNY,2.0
1307048400.0,15127.0,75600,CNY,1.0
1307232060.0,15130.0,60,CNY,1.0
1307660340.0,15134.0,82740,CNY,3.0
1307915940.0,15137.0,79140,CNY,1.0
1307915940.0,15137.0,79140,CNY,2.0
1308002400.0,15138.0,79200,CNY,3.0
1308002400.0,15138.0,79200,CNY,2.0
1308002400.0,15138.0,79200,CNY,2.0
1308002400.0,15138.0,79200,CNY,2.0
1308002400.0,15138.0,79200,CNY,2.0
1308002400.0,15138.0,79200,CNY,1.0
1308088080.0,15139.0,78480,CNY,1.0
1308175200.0,15140.0,79200,CNY,1.0
1308781800.0,15147.0,81000,CNY,2.0
1309467600.0,15155.0,75600,CNY,3.0
1309473000.0,15155.0,81000,CNY,2.0
1309640400.0,15157.0,75600,CNY,1.0
1310160600.0,15163.0,77400,CNY,3.0
1310160600.0,15163.0,77400,CNY,2.0
1310251500.0,15164.0,81900,CNY,3.0
1310421900.0,15166.0,79500,CNY,1.0
1310421900.0,15166.0,79500,CNY,2.0
1310508000.0,15167.0,79200,CNY,2.0
1310508000.0,15167.0,79200,CNY,3.0
1310508000.0,15167.0,79200,CNY,2.0
1310508000.0,15167.0,79200,CNY,2.0
1310508000.0,15167.0,79200,CNY,1.0
1310680200.0,15169.0,78600,CNY,1.0
1311112800.0,15174.0,79200,CNY,1.0
1311201000.0,15175.0,81000,CNY,2.0
1312146000.0,15186.0,75600,CNY,3.0
1312151400.0,15186.0,81000,CNY,2.0
1312318800.0,15188.0,75600,CNY,1.0
1312839300.0,15194.0,77700,CNY,3.0
1312839300.0,15194.0,77700,CNY,2.0
1312861260.0,15195.0,13260,CNY,2.0
1312861260.0,15195.0,13260,CNY,2.0
1312862880.0,15195.0,14880,CNY,1.0
1312930860.0,15195.0,82860,CNY,3.0
1313118420.0,15198.0,11220,CNY,1.0
1313118420.0,15198.0,11220,CNY,2.0
1313445600.0,15201.0,79200,CNY,1.0
1313447520.0,15201.0,81120,CNY,1.0
1314052200.0,15208.0,81000,CNY,2.0
1314824400.0,15217.0,75600,CNY,3.0
1314829800.0,15217.0,81000,CNY,2.0
1314997200.0,15219.0,75600,CNY,1.0
1315517400.0,15225.0,77400,CNY,3.0
1315517400.0,15225.0,77400,CNY,2.0
1315531920.0,15226.0,5520,CNY,2.0
1315531920.0,15226.0,5520,CNY,2.0
1315531920.0,15226.0,5520,CNY,1.0
1315609320.0,15226.0,82920,CNY,3.0
1315693320.0,15227.0,80520,CNY,1.0
1315693320.0,15227.0,80520,CNY,2.0
1315699260.0,15228.0,60,CNY,1.0
1316068980.0,15232.0,24180,CNY,1.0
1316556000.0,15237.0,79200,CNY,1.0
1316644200.0,15238.0,81000,CNY,3.0
1317416400.0,15247.0,75600,CNY,3.0
1317513660.0,15249.0,60,CNY,1.0
1317589200.0,15249.0,75600,CNY,1.0
1317600060.0,15250.0,60,CNY,1.0
1317686460.0,15251.0,60,CNY,1.0
1317772860.0,15252.0,60,CNY,1.0
1317859260.0,15253.0,60,CNY,1.0
1318456800.0,15259.0,79200,CNY,3.0
1318541520.0,15260.0,77520,CNY,3.0
1318541520.0,15260.0,77520,CNY,2.0
1318561500.0,15261.0,11100,CNY,1.0
1318561500.0,15261.0,11100,CNY,2.0
1318888800.0,15264.0,79200,CNY,2.0
1318888800.0,15264.0,79200,CNY,3.0
1318888800.0,15264.0,79200,CNY,2.0
1318888800.0,15264.0,79200,CNY,2.0
1318888800.0,15264.0,79200,CNY,1.0
1318974480.0,15265.0,78480,CNY,1.0
1318975200.0,15265.0,79200,CNY,1.0
1319409000.0,15270.0,81000,CNY,3.0
1320094800.0,15278.0,75600,CNY,3.0
1320100200.0,15278.0,81000,CNY,2.0
1320267600.0,15280.0,75600,CNY,1.0
1320787800.0,15286.0,77400,CNY,3.0
1320787800.0,15286.0,77400,CNY,2.0
1320802320.0,15287.0,5520,CNY,1.0
1320802680.0,15287.0,5880,CNY,2.0
1320803160.0,15287.0,6360,CNY,2.0
1320876060.0,15287.0,79260,CNY,3.0
1320980760.0,15289.0,11160,CNY,1.0
1320980760.0,15289.0,11160,CNY,2.0
1321480800.0,15294.0,79200,CNY,1.0
1322001000.0,15300.0,81000,CNY,3.0
1322859600.0,15310.0,75600,CNY,1.0
1323379800.0,15316.0,77400,CNY,3.0
1323379800.0,15316.0,77400,CNY,2.0
1323394140.0,15317.0,5340,CNY,2.0
1323394140.0,15317.0,5340,CNY,2.0
1323394140.0,15317.0,5340,CNY,1.0
1323471360.0,15317.0,82560,CNY,3.0
1323813600.0,15321.0,79200,CNY,1.0
1323831900.0,15322.0,11100,CNY,1.0
1323831900.0,15322.0,11100,CNY,2.0
1323900000.0,15322.0,79200,CNY,1.0
1323901800.0,15322.0,81000,CNY,3.0
1325197800.0,15337.0,81000,CNY,2.0
1325365200.0,15339.0,75600,CNY,3.0
1325376060.0,15340.0,60,CNY,1.0
1325462460.0,15341.0,60,CNY,1.0
1325538000.0,15341.0,75600,CNY,1.0
1326002400.0,15347.0,21600,CNY,1.0
1326002400.0,15347.0,21600,CNY,2.0
1326150000.0,15348.0,82800,CNY,3.0
1326317400.0,15350.0,77400,CNY,3.0
1326317400.0,15350.0,77400,CNY,2.0
1326751200.0,15355.0,79200,CNY,2.0
1326751200.0,15355.0,79200,CNY,3.0
1326751200.0,15355.0,79200,CNY,2.0
1326751200.0,15355.0,79200,CNY,2.0
1326751200.0,15355.0,79200,CNY,1.0
1326837000.0,15356.0,78600,CNY,1.0
1326924000.0,15357.0,79200,CNY,1.0
1327012200.0,15358.0,81000,CNY,3.0
1327190460.0,15361.0,60,CNY,1.0
1327276860.0,15362.0,60,CNY,1.0
1327363260.0,15363.0,60,CNY,1.0
1327449660.0,15364.0,60,CNY,1.0
1327536060.0,15365.0,60,CNY,1.0
1328043600.0,15370.0,75600,CNY,3.0
1328049000.0,15370.0,81000,CNY,2.0
1328216400.0,15372.0,75600,CNY,1.0
1328736720.0,15378.0,77520,CNY,3.0
1328736720.0,15378.0,77520,CNY,2.0
1328828640.0,15379.0,83040,CNY,3.0
1328850420.0,15380.0,18420,CNY,1.0
1328850420.0,15380.0,18420,CNY,2.0
1329342840.0,15385.0,78840,CNY,1.0
1329863400.0,15391.0,81000,CNY,3.0
1330034400.0,15393.0,79200,CNY,1.0
1330549200.0,15399.0,75600,CNY,3.0
1330722000.0,15401.0,75600,CNY,1.0
1331242200.0,15407.0,77400,CNY,3.0
1331242200.0,15407.0,77400,CNY,2.0
1331256600.0,15408.0,5400,CNY,2.0
1331256600.0,15408.0,5400,CNY,2.0
1331256600.0,15408.0,5400,CNY,1.0
1331265600.0,15408.0,14400,CNY,1.0
1331265600.0,15408.0,14400,CNY,2.0
1331761920.0,15413.0,78720,CNY,1.0
1332369000.0,15420.0,81000,CNY,3.0
1332453600.0,15421.0,79200,CNY,1.0
1333227600.0,15430.0,75600,CNY,3.0
1333233000.0,15430.0,81000,CNY,2.0
1333238460.0,15431.0,60,CNY,1.0
1333324860.0,15432.0,60,CNY,1.0
1333400400.0,15432.0,75600,CNY,1.0
1333411260.0,15433.0,60,CNY,1.0
1333920600.0,15438.0,77400,CNY,3.0
1333920600.0,15438.0,77400,CNY,2.0
1334012580.0,15439.0,82980,CNY,3.0
1334203260.0,15442.0,14460,CNY,1.0
1334203260.0,15442.0,14460,CNY,2.0
1334268000.0,15442.0,79200,CNY,2.0
1334268000.0,15442.0,79200,CNY,3.0
1334268000.0,15442.0,79200,CNY,2.0
1334268000.0,15442.0,79200,CNY,2.0
1334268000.0,15442.0,79200,CNY,1.0
1334613300.0,15446.0,78900,CNY,1.0
1335133800.0,15452.0,81000,CNY,3.0
1335218400.0,15453.0,79200,CNY,1.0
1335657660.0,15459.0,60,CNY,1.0
1335744060.0,15460.0,60,CNY,1.0
1335819540.0,15460.0,75540,CNY,3.0
1335911400.0,15461.0,81000,CNY,2.0
1335992400.0,15462.0,75600,CNY,1.0
1336604400.0,15469.0,82800,CNY,3.0
1336685400.0,15470.0,77400,CNY,3.0
1336685400.0,15470.0,77400,CNY,2.0
1336699800.0,15471.0,5400,CNY,2.0
1336699800.0,15471.0,5400,CNY,2.0
1336699800.0,15471.0,5400,CNY,1.0
1336708740.0,15471.0,14340,CNY,1.0
1336708740.0,15471.0,14340,CNY,2.0
1337033580.0,15474.0,79980,CNY,1.0
1337637600.0,15481.0,79200,CNY,1.0
1337812200.0,15483.0,81000,CNY,3.0
1338498000.0,15491.0,75600,CNY,3.0
1338670800.0,15493.0,75600,CNY,1.0
1339191000.0,15499.0,77400,CNY,3.0
1339191000.0,15499.0,77400,CNY,2.0
1339203720.0,15500.0,3720,CNY,2.0
1339203720.0,15500.0,3720,CNY,2.0
1339203720.0,15500.0,3720,CNY,1.0
1339282920.0,15500.0,82920,CNY,3.0
1339387080.0,15502.0,14280,CNY,1.0
1339387080.0,15502.0,14280,CNY,2.0
1339738380.0,15506.0,19980,CNY,1.0
1340231400.0,15511.0,81000,CNY,3.0
1340661600.0,15516.0,79200,CNY,1.0
1341090000.0,15521.0,75600,CNY,3.0
1341181800.0,15522.0,81000,CNY,2.0
1341262800.0,15523.0,75600,CNY,1.0
1341783000.0,15529.0,77400,CNY,3.0
1341783000.0,15529.0,77400,CNY,2.0
1341871200.0,15530.0,79200,CNY,3.0
1342065600.0,15533.0,14400,CNY,1.0
1342065600.0,15533.0,14400,CNY,2.0
1342130400.0,15533.0,79200,CNY,2.0
1342130400.0,15533.0,79200,CNY,3.0
1342130400.0,15533.0,79200,CNY,2.0
1342130400.0,15533.0,79200,CNY,2.0
1342130400.0,15533.0,79200,CNY,1.0
1342475760.0,15537.0,78960,CNY,1.0
1343080800.0,15544.0,79200,CNY,1.0
1343082600.0,15544.0,81000,CNY,3.0
1343768400.0,15552.0,75600,CNY,3.0
1343773800.0,15552.0,81000,CNY,2.0
1343941200.0,15554.0,75600,CNY,1.0
1344461400.0,15560.0,77400,CNY,3.0
1344461400.0,15560.0,77400,CNY,2.0
1344475800.0,15561.0,5400,CNY,2.0
1344475800.0,15561.0,5400,CNY,2.0
1344475800.0,15561.0,5400,CNY,1.0
1344553200.0,15561.0,82800,CNY,3.0
1344560400.0,15562.0,3600,CNY,1.0
1344560400.0,15562.0,3600,CNY,2.0
1345067820.0,15567.0,79020,CNY,1.0
1345672800.0,15574.0,79200,CNY,1.0
1345674600.0,15574.0,81000,CNY,3.0
1346446800.0,15583.0,75600,CNY,3.0
1346619600.0,15585.0,75600,CNY,1.0
1346625000.0,15585.0,81000,CNY,2.0
1347139800.0,15591.0,77400,CNY,3.0
1347139800.0,15591.0,77400,CNY,2.0
1347154200.0,15592.0,5400,CNY,2.0
1347154200.0,15592.0,5400,CNY,2.0
1347154200.0,15592.0,5400,CNY,1.0
1347231780.0,15592.0,82980,CNY,3.0
1347314400.0,15593.0,79200,CNY,2.0
1347335940.0,15594.0,14340,CNY,1.0
1348005180.0,15601.0,78780,CNY,1.0
1348093800.0,15602.0,81000,CNY,3.0
1348524000.0,15607.0,79200,CNY,1.0
1348871400.0,15611.0,81000,CNY,2.0
1348963260.0,15613.0,60,CNY,1.0
1349038800.0,15613.0,75600,CNY,3.0
1349049660.0,15614.0,60,CNY,1.0
1349136060.0,15615.0,60,CNY,1.0
1349211600.0,15615.0,75600,CNY,1.0
1349222460.0,15616.0,60,CNY,1.0
1349308860.0,15617.0,60,CNY,1.0
1350012600.0,15625.0,12600,CNY,2.0
1350079380.0,15625.0,79380,CNY,3.0
1350096900.0,15626.0,10500,CNY,1.0
1350250200.0,15627.0,77400,CNY,3.0
1350250200.0,15627.0,77400,CNY,2.0
1350511200.0,15630.0,79200,CNY,2.0
1350511200.0,15630.0,79200,CNY,3.0
1350511200.0,15630.0,79200,CNY,2.0
1350511200.0,15630.0,79200,CNY,2.0
1350511200.0,15630.0,79200,CNY,1.0
1350597600.0,15631.0,79200,CNY,1.0
1351025100.0,15636.0,74700,CNY,3.0
1351112400.0,15637.0,75600,CNY,1.0
1351713600.0,15644.0,72000,CNY,3.0
1351716300.0,15644.0,74700,CNY,2.0
1351886400.0,15646.0,72000,CNY,1.0
1352406540.0,15652.0,73740,CNY,3.0
1352406540.0,15652.0,73740,CNY,2.0
1352421000.0,15653.0,1800,CNY,2.0
1352421000.0,15653.0,1800,CNY,2.0
1352421000.0,15653.0,1800,CNY,1.0
1352495640.0,15653.0,76440,CNY,3.0
1352667600.0,15655.0,75600,CNY,2.0
1352689200.0,15656.0,10800,CNY,1.0
1353358800.0,15663.0,75600,CNY,1.0
1353445200.0,15664.0,75600,CNY,1.0
1353530700.0,15665.0,74700,CNY,3.0
1354305600.0,15674.0,72000,CNY,3.0
1354478400.0,15676.0,72000,CNY,1.0
1354481100.0,15676.0,74700,CNY,2.0
1354998600.0,15682.0,73800,CNY,3.0
1354998600.0,15682.0,73800,CNY,2.0
1355013240.0,15683.0,2040,CNY,2.0
1355013240.0,15683.0,2040,CNY,2.0
1355013240.0,15683.0,2040,CNY,1.0
1355087580.0,15683.0,76380,CNY,3.0
1355173200.0,15684.0,75600,CNY,2.0
1355194800.0,15685.0,10800,CNY,1.0
1355431500.0,15687.0,74700,CNY,3.0
1355778000.0,15691.0,75600,CNY,1.0
1355950800.0,15693.0,75600,CNY,1.0
1356900300.0,15704.0,74700,CNY,2.0
1356912060.0,15705.0,60,CNY,1.0
1356984000.0,15705.0,72000,CNY,3.0
1356998460.0,15706.0,60,CNY,1.0
1357084860.0,15707.0,60,CNY,1.0
1357156800.0,15707.0,72000,CNY,1.0
1357759800.0,15714.0,70200,CNY,1.0
1357759800.0,15714.0,70200,CNY,2.0
1357765200.0,15714.0,75600,CNY,3.0
1357849800.0,15715.0,73800,CNY,3.0
1357849800.0,15715.0,73800,CNY,2.0
1358283600.0,15720.0,75600,CNY,1.0
1358456400.0,15722.0,75600,CNY,2.0
1358456400.0,15722.0,75600,CNY,3.0
1358456400.0,15722.0,75600,CNY,2.0
1358456400.0,15722.0,75600,CNY,2.0
1358456400.0,15722.0,75600,CNY,1.0
1358888400.0,15727.0,75600,CNY,1.0
1358973900.0,15728.0,74700,CNY,3.0
1359662400.0,15736.0,72000,CNY,3.0
1359665100.0,15736.0,74700,CNY,2.0
1359835380.0,15738.0,72180,CNY,1.0
1360271220.0,15743.0,76020,CNY,3.0
1360283400.0,15744.0,1800,CNY,3.0
1360283400.0,15744.0,1800,CNY,2.0
1360292400.0,15744.0,10800,CNY,1.0
1360292400.0,15744.0,10800,CNY,2.0
1360454460.0,15746.0,60,CNY,1.0
1360540860.0,15747.0,60,CNY,1.0
1360627260.0,15748.0,60,CNY,1.0
1360713660.0,15749.0,60,CNY,1.0
1360800060.0,15750.0,60,CNY,1.0
1361307720.0,15755.0,75720,CNY,1.0
1361394000.0,15756.0,75600,CNY,1.0
1361738700.0,15760.0,74700,CNY,3.0
1362081540.0,15764.0,71940,CNY,3.0
1362084300.0,15764.0,74700,CNY,2.0
1362254400.0,15766.0,72000,CNY,1.0
1362690120.0,15771.0,75720,CNY,3.0
1362774600.0,15772.0,73800,CNY,3.0
1362774600.0,15772.0,73800,CNY,2.0
1362789000.0,15773.0,1800,CNY,2.0
1362789000.0,15773.0,1800,CNY,2.0
1362789000.0,15773.0,1800,CNY,1.0
1362884820.0,15774.0,11220,CNY,1.0
1362884820.0,15774.0,11220,CNY,2.0
1363644000.0,15782.0,79200,CNY,1.0
1363644000.0,15782.0,79200,CNY,1.0
1363815900.0,15784.0,78300,CNY,3.0
1364763600.0,15795.0,75600,CNY,3.0
1364766300.0,15795.0,78300,CNY,2.0
1364936340.0,15797.0,75540,CNY,1.0
1364947260.0,15798.0,60,CNY,1.0
1365033660.0,15799.0,60,CNY,1.0
1365457260.0,15803.0,78060,CNY,3.0
1365457260.0,15803.0,78060,CNY,2.0
1365544800.0,15804.0,79200,CNY,3.0
1365627660.0,15805.0,75660,CNY,1.0
1365627660.0,15805.0,75660,CNY,2.0
1365976800.0,15809.0,79200,CNY,2.0
1365976800.0,15809.0,79200,CNY,3.0
1365976800.0,15809.0,79200,CNY,2.0
1365976800.0,15809.0,79200,CNY,2.0
1365976800.0,15809.0,79200,CNY,1.0
1366236000.0,15812.0,79200,CNY,1.0
1366322400.0,15813.0,79200,CNY,1.0
1366667100.0,15817.0,78300,CNY,3.0
1367107260.0,15823.0,60,CNY,1.0
1367193660.0,15824.0,60,CNY,1.0
1367280060.0,15825.0,60,CNY,1.0
1367355600.0,15825.0,75600,CNY,3.0
1367444700.0,15826.0,78300,CNY,2.0
1367528400.0,15827.0,75600,CNY,1.0
1367963340.0,15832.0,78540,CNY,3.0
1368048600.0,15833.0,77400,CNY,3.0
1368048600.0,15833.0,77400,CNY,2.0
1368158700.0,15835.0,14700,CNY,1.0
1368158700.0,15835.0,14700,CNY,2.0
1368408600.0,15838.0,5400,CNY,2.0
1368408600.0,15838.0,5400,CNY,2.0
1368408600.0,15838.0,5400,CNY,1.0
1368655200.0,15840.0,79200,CNY,1.0
1368741600.0,15841.0,79200,CNY,1.0
1369259100.0,15847.0,78300,CNY,3.0
1370033940.0,15856.0,75540,CNY,3.0
1370206800.0,15858.0,75600,CNY,1.0
1370209500.0,15858.0,78300,CNY,2.0
1370643240.0,15863.0,80040,CNY,3.0
1370727000.0,15864.0,77400,CNY,3.0
1370727000.0,15864.0,77400,CNY,2.0
1370728800.0,15864.0,79200,CNY,1.0
1370728800.0,15864.0,79200,CNY,2.0
1370736060.0,15865.0,60,CNY,1.0
1370741400.0,15865.0,5400,CNY,2.0
1370741400.0,15865.0,5400,CNY,2.0
1370741400.0,15865.0,5400,CNY,1.0
1370822460.0,15866.0,60,CNY,1.0
1370908860.0,15867.0,60,CNY,1.0
1371506400.0,15873.0,79200,CNY,1.0
1371506400.0,15873.0,79200,CNY,1.0
1371678300.0,15875.0,78300,CNY,3.0
1372626000.0,15886.0,75600,CNY,3.0
1372628700.0,15886.0,78300,CNY,2.0
1372798620.0,15888.0,75420,CNY,2.0
1373319000.0,15894.0,77400,CNY,3.0
1373319000.0,15894.0,77400,CNY,2.0
1373407200.0,15895.0,79200,CNY,3.0
1373601600.0,15898.0,14400,CNY,1.0
1373601600.0,15898.0,14400,CNY,2.0
1373839200.0,15900.0,79200,CNY,2.0
1373839200.0,15900.0,79200,CNY,3.0
1373839200.0,15900.0,79200,CNY,2.0
1373839200.0,15900.0,79200,CNY,2.0
1373839200.0,15900.0,79200,CNY,1.0
1374012000.0,15902.0,79200,CNY,1.0
1374012000.0,15902.0,79200,CNY,1.0
1374615900.0,15909.0,78300,CNY,3.0
1375304280.0,15917.0,75480,CNY,3.0
1375307100.0,15917.0,78300,CNY,2.0
1375477200.0,15919.0,75600,CNY,2.0
1375916700.0,15924.0,83100,CNY,3.0
1375997400.0,15925.0,77400,CNY,3.0
1375997400.0,15925.0,77400,CNY,2.0
1376011800.0,15926.0,5400,CNY,2.0
1376011800.0,15926.0,5400,CNY,2.0
1376011800.0,15926.0,5400,CNY,1.0
1376021100.0,15926.0,14700,CNY,1.0
1376021100.0,15926.0,14700,CNY,2.0
1377036000.0,15937.0,79200,CNY,1.0
1377121500.0,15938.0,78300,CNY,3.0
1377208800.0,15939.0,79200,CNY,1.0
1377982680.0,15948.0,75480,CNY,3.0
1378071900.0,15949.0,78300,CNY,2.0
1378155600.0,15950.0,75600,CNY,2.0
1378590660.0,15955.0,78660,CNY,3.0
1378675800.0,15956.0,77400,CNY,3.0
1378675800.0,15956.0,77400,CNY,2.0
1378776600.0,15958.0,5400,CNY,2.0
1378776600.0,15958.0,5400,CNY,2.0
1378776600.0,15958.0,5400,CNY,1.0
1378785600.0,15958.0,14400,CNY,1.0
1378785600.0,15958.0,14400,CNY,2.0
1379368800.0,15964.0,79200,CNY,1.0
1379368800.0,15964.0,79200,CNY,1.0
1379462460.0,15966.0,60,CNY,1.0
1379548860.0,15967.0,60,CNY,1.0
1379886300.0,15970.0,78300,CNY,3.0
1380491100.0,15977.0,78300,CNY,2.0
1380499260.0,15978.0,60,CNY,1.0
1380574680.0,15978.0,75480,CNY,3.0
1380585660.0,15979.0,60,CNY,1.0
1380672060.0,15980.0,60,CNY,1.0
1380747300.0,15980.0,75300,CNY,2.0
1380758460.0,15981.0,60,CNY,1.0
1381528800.0,15989.0,79200,CNY,3.0
1381699800.0,15991.0,77400,CNY,3.0
1381699800.0,15991.0,77400,CNY,2.0
1381723200.0,15992.0,14400,CNY,1.0
1381723200.0,15992.0,14400,CNY,2.0
1381960800.0,15994.0,79200,CNY,1.0
1382047200.0,15995.0,79200,CNY,2.0
1382047200.0,15995.0,79200,CNY,3.0
1382047200.0,15995.0,79200,CNY,2.0
1382047200.0,15995.0,79200,CNY,2.0
1382047200.0,15995.0,79200,CNY,1.0
1382389200.0,15999.0,75600,CNY,1.0
1382561100.0,16001.0,74700,CNY,3.0
1383249360.0,16009.0,71760,CNY,3.0
1383252300.0,16009.0,74700,CNY,2.0
1383422400.0,16011.0,72000,CNY,2.0
1383860280.0,16016.0,77880,CNY,3.0
1383942600.0,16017.0,73800,CNY,3.0
1383942600.0,16017.0,73800,CNY,2.0
1383957000.0,16018.0,1800,CNY,2.0
1383957000.0,16018.0,1800,CNY,3.0
1383957000.0,16018.0,1800,CNY,1.0
1384139340.0,16020.0,11340,CNY,1.0
1384139340.0,16020.0,11340,CNY,2.0
1384808400.0,16027.0,75600,CNY,1.0
1384894800.0,16028.0,75600,CNY,1.0
1384980300.0,16029.0,74700,CNY,3.0
1385841600.0,16039.0,72000,CNY,3.0
1385930700.0,16040.0,74700,CNY,2.0
1386014400.0,16041.0,72000,CNY,2.0
1386453660.0,16046.0,79260,CNY,3.0
1386534600.0,16047.0,73800,CNY,3.0
1386534600.0,16047.0,73800,CNY,2.0
1386635400.0,16049.0,1800,CNY,2.0
1386635400.0,16049.0,1800,CNY,3.0
1386635400.0,16049.0,1800,CNY,1.0
1386730980.0,16050.0,10980,CNY,1.0
1386730980.0,16050.0,10980,CNY,2.0
1387140300.0,16054.0,74700,CNY,3.0
1387314000.0,16056.0,75600,CNY,1.0
1387314000.0,16056.0,75600,CNY,1.0
1388448060.0,16070.0,60,CNY,1.0
1388520000.0,16070.0,72000,CNY,3.0
1388534460.0,16071.0,60,CNY,1.0
1388609100.0,16071.0,74700,CNY,2.0
1388692800.0,16072.0,72000,CNY,2.0
1389213000.0,16078.0,73800,CNY,3.0
1389213000.0,16078.0,73800,CNY,2.0
1389301200.0,16079.0,75600,CNY,3.0
1389737460.0,16084.0,79860,CNY,1.0
1389737460.0,16084.0,79860,CNY,2.0
1389824280.0,16085.0,80280,CNY,1.0
1390168800.0,16089.0,79200,CNY,2.0
1390168800.0,16089.0,79200,CNY,3.0
1390168800.0,16089.0,79200,CNY,2.0
1390168800.0,16089.0,79200,CNY,2.0
1390168800.0,16089.0,79200,CNY,1.0
1390427100.0,16092.0,78300,CNY,3.0
1390428000.0,16092.0,79200,CNY,1.0
1391031900.0,16099.0,78300,CNY,2.0
1391040060.0,16100.0,60,CNY,1.0
1391202000.0,16101.0,75600,CNY,3.0
1391299260.0,16103.0,60,CNY,1.0
1391374140.0,16103.0,74940,CNY,2.0
1391385660.0,16104.0,60,CNY,1.0
1391472060.0,16105.0,60,CNY,1.0
1391558460.0,16106.0,60,CNY,1.0
1392156120.0,16112.0,79320,CNY,3.0
1392327000.0,16114.0,77400,CNY,3.0
1392327000.0,16114.0,77400,CNY,2.0
1392437160.0,16116.0,14760,CNY,1.0
1392437160.0,16116.0,14760,CNY,2.0
1392674400.0,16118.0,79200,CNY,1.0
1392846300.0,16120.0,78300,CNY,3.0
1393279200.0,16125.0,79200,CNY,1.0
1393621140.0,16129.0,75540,CNY,3.0
1393794000.0,16131.0,75600,CNY,2.0
1393796700.0,16131.0,78300,CNY,3.0
1394229720.0,16136.0,79320,CNY,3.0
1394314200.0,16137.0,77400,CNY,3.0
1394314200.0,16137.0,77400,CNY,2.0
1394424180.0,16139.0,14580,CNY,1.0
1394424180.0,16139.0,14580,CNY,2.0
1394675220.0,16142.0,6420,CNY,2.0
1394675220.0,16142.0,6420,CNY,3.0
1394675220.0,16142.0,6420,CNY,1.0
1395094980.0,16146.0,80580,CNY,1.0
1395611100.0,16152.0,78300,CNY,3.0
1395698400.0,16153.0,79200,CNY,1.0
1396299600.0,16160.0,75600,CNY,3.0
1396302300.0,16160.0,78300,CNY,3.0
1396472400.0,16162.0,75600,CNY,2.0
1396742460.0,16166.0,60,CNY,1.0
1397081220.0,16169.0,79620,CNY,3.0
1397165400.0,16170.0,77400,CNY,3.0
1397165400.0,16170.0,77400,CNY,2.0
1397512800.0,16174.0,79200,CNY,1.0
1397512800.0,16174.0,79200,CNY,2.0
1397599200.0,16175.0,79200,CNY,2.0
1397599200.0,16175.0,79200,CNY,3.0
1397599200.0,16175.0,79200,CNY,3.0
1397599200.0,16175.0,79200,CNY,2.0
1397599200.0,16175.0,79200,CNY,1.0
1397686980.0,16176.0,80580,CNY,1.0
